
Gurobi 11.0.0 (linux64) logging started Tue 05 Mar 2024 15:09:20 CET

Set parameter LogFile to value "ConfigSearch_40.log"
Set parameter LogToConsole to value 0
Set parameter PoolSolutions to value 1

Gurobi 11.0.0 (linux64) logging started Tue 05 Mar 2024 15:09:20 CET

Set parameter LogFile to value "ConfigSearch_40.log"
Gurobi Optimizer version 11.0.0 build v11.0.0rc2 (linux64 - "Debian GNU/Linux 11 (bullseye)")

CPU model: Intel(R) Core(TM) i7-4770 CPU @ 3.40GHz, instruction set [SSE2|AVX|AVX2]
Thread count: 4 physical cores, 8 logical processors, using up to 8 threads

Academic license 2483116 - for non-commercial use only - registered to ni___@fu-berlin.de
Optimize a model with 722 rows, 1600 columns and 5776 nonzeros
Model fingerprint: 0x775152f2
Variable types: 0 continuous, 1600 integer (1600 binary)
Coefficient statistics:
  Matrix range     [1e+00, 1e+00]
  Objective range  [0e+00, 0e+00]
  Bounds range     [1e+00, 1e+00]
  RHS range        [0e+00, 0e+00]
Presolve removed 6 rows and 242 columns
Presolve time: 0.01s
Presolved: 716 rows, 1358 columns, 4930 nonzeros
Variable types: 0 continuous, 1358 integer (1353 binary)

Root relaxation: objective 0.000000e+00, 2178 iterations, 0.15 seconds (0.14 work units)

    Nodes    |    Current Node    |     Objective Bounds      |     Work
 Expl Unexpl |  Obj  Depth IntInf | Incumbent    BestBd   Gap | It/Node Time

     0     0    0.00000    0  493          -    0.00000      -     -    0s
     0     0    0.00000    0  611          -    0.00000      -     -    0s
     0     0    0.00000    0  605          -    0.00000      -     -    0s
     0     0    0.00000    0  464          -    0.00000      -     -    1s
     0     0    0.00000    0  384          -    0.00000      -     -    1s
     0     0    0.00000    0  229          -    0.00000      -     -    2s
     0     0    0.00000    0  341          -    0.00000      -     -    2s
     0     0    0.00000    0  347          -    0.00000      -     -    3s
     0     0    0.00000    0  316          -    0.00000      -     -    3s
     0     2    0.00000    0  315          -    0.00000      -     -    4s
   106   213    0.00000    8  675          -    0.00000      -   242    5s
  1547  1047    0.00000   42  528          -    0.00000      -  73.5   10s
H 1550   996                       0.0000000    0.00000  0.00%  73.4   11s

Cutting planes:
  Gomory: 4
  Clique: 1
  Flow cover: 1
  Zero half: 67
  RLT: 3

Explored 1550 nodes (161061 simplex iterations) in 11.75 seconds (14.81 work units)
Thread count was 8 (of 8 available processors)

Solution count 1: 0 

Optimal solution found (tolerance 1.00e-04)
Best objective 0.000000000000e+00, best bound 0.000000000000e+00, gap 0.0000%

User-callback calls 4647, time in user-callback 0.00 sec
Gurobi Optimizer version 11.0.0 build v11.0.0rc2 (linux64 - "Debian GNU/Linux 11 (bullseye)")

CPU model: Intel(R) Core(TM) i7-4770 CPU @ 3.40GHz, instruction set [SSE2|AVX|AVX2]
Thread count: 4 physical cores, 8 logical processors, using up to 8 threads

Academic license 2483116 - for non-commercial use only - registered to ni___@fu-berlin.de
Optimize a model with 722 rows, 1600 columns and 5776 nonzeros
Model fingerprint: 0x74df866e
Variable types: 0 continuous, 1600 integer (1600 binary)
Coefficient statistics:
  Matrix range     [1e+00, 1e+00]
  Objective range  [0e+00, 0e+00]
  Bounds range     [1e+00, 1e+00]
  RHS range        [0e+00, 0e+00]

MIP start from previous solve did not produce a new incumbent solution

Presolve removed 1 rows and 228 columns
Presolve time: 0.01s
Presolved: 721 rows, 1372 columns, 4983 nonzeros
Variable types: 0 continuous, 1372 integer (1368 binary)

Root relaxation: objective 0.000000e+00, 2178 iterations, 0.15 seconds (0.15 work units)

    Nodes    |    Current Node    |     Objective Bounds      |     Work
 Expl Unexpl |  Obj  Depth IntInf | Incumbent    BestBd   Gap | It/Node Time

     0     0    0.00000    0  394          -    0.00000      -     -    0s
     0     0    0.00000    0  612          -    0.00000      -     -    0s
     0     0    0.00000    0  607          -    0.00000      -     -    0s
     0     0    0.00000    0  409          -    0.00000      -     -    1s
     0     0    0.00000    0  441          -    0.00000      -     -    1s
     0     0    0.00000    0  360          -    0.00000      -     -    1s
     0     0    0.00000    0  469          -    0.00000      -     -    1s
     0     0    0.00000    0  395          -    0.00000      -     -    2s
     0     0    0.00000    0  518          -    0.00000      -     -    2s
     0     0    0.00000    0  347          -    0.00000      -     -    2s
     0     0    0.00000    0  377          -    0.00000      -     -    2s
     0     0    0.00000    0  408          -    0.00000      -     -    2s
     0     0    0.00000    0  408          -    0.00000      -     -    2s
     0     2    0.00000    0  408          -    0.00000      -     -    3s
   656   623    0.00000   16  649          -    0.00000      -  42.5    5s
*  752   368             105       0.0000000    0.00000  0.00%  40.6    5s

Cutting planes:
  Cover: 19
  Clique: 3
  Inf proof: 1
  Zero half: 13
  RLT: 3

Explored 1576 nodes (65289 simplex iterations) in 5.15 seconds (6.68 work units)
Thread count was 8 (of 8 available processors)

Solution count 1: 0 

Optimal solution found (tolerance 1.00e-04)
Best objective 0.000000000000e+00, best bound 0.000000000000e+00, gap 0.0000%

User-callback calls 4248, time in user-callback 0.00 sec
Gurobi Optimizer version 11.0.0 build v11.0.0rc2 (linux64 - "Debian GNU/Linux 11 (bullseye)")

CPU model: Intel(R) Core(TM) i7-4770 CPU @ 3.40GHz, instruction set [SSE2|AVX|AVX2]
Thread count: 4 physical cores, 8 logical processors, using up to 8 threads

Academic license 2483116 - for non-commercial use only - registered to ni___@fu-berlin.de
Optimize a model with 722 rows, 1600 columns and 5776 nonzeros
Model fingerprint: 0xc881b488
Variable types: 0 continuous, 1600 integer (1600 binary)
Coefficient statistics:
  Matrix range     [1e+00, 1e+00]
  Objective range  [0e+00, 0e+00]
  Bounds range     [1e+00, 1e+00]
  RHS range        [0e+00, 0e+00]

MIP start from previous solve did not produce a new incumbent solution

Presolve removed 0 rows and 216 columns
Presolve time: 0.00s

Explored 0 nodes (0 simplex iterations) in 0.06 seconds (0.00 work units)
Thread count was 1 (of 8 available processors)

Solution count 0

Model is infeasible
Best objective -, best bound -, gap -

User-callback calls 37, time in user-callback 0.00 sec
Gurobi Optimizer version 11.0.0 build v11.0.0rc2 (linux64 - "Debian GNU/Linux 11 (bullseye)")

CPU model: Intel(R) Core(TM) i7-4770 CPU @ 3.40GHz, instruction set [SSE2|AVX|AVX2]
Thread count: 4 physical cores, 8 logical processors, using up to 8 threads

Academic license 2483116 - for non-commercial use only - registered to ni___@fu-berlin.de
Optimize a model with 722 rows, 1600 columns and 5776 nonzeros
Model fingerprint: 0xc0322d3c
Variable types: 0 continuous, 1600 integer (1600 binary)
Coefficient statistics:
  Matrix range     [1e+00, 1e+00]
  Objective range  [0e+00, 0e+00]
  Bounds range     [1e+00, 1e+00]
  RHS range        [0e+00, 0e+00]

MIP start from previous solve did not produce a new incumbent solution

Presolve removed 4 rows and 235 columns
Presolve time: 0.04s
Presolved: 718 rows, 1365 columns, 4959 nonzeros
Variable types: 0 continuous, 1365 integer (1361 binary)

Root relaxation: objective 0.000000e+00, 1962 iterations, 0.17 seconds (0.12 work units)

    Nodes    |    Current Node    |     Objective Bounds      |     Work
 Expl Unexpl |  Obj  Depth IntInf | Incumbent    BestBd   Gap | It/Node Time

     0     0    0.00000    0  503          -    0.00000      -     -    0s
     0     0    0.00000    0  644          -    0.00000      -     -    0s
     0     0    0.00000    0  634          -    0.00000      -     -    0s
     0     0    0.00000    0  532          -    0.00000      -     -    1s
     0     0    0.00000    0  599          -    0.00000      -     -    1s
     0     0    0.00000    0  461          -    0.00000      -     -    1s
     0     0    0.00000    0  447          -    0.00000      -     -    1s
     0     0    0.00000    0  508          -    0.00000      -     -    2s
     0     0    0.00000    0  534          -    0.00000      -     -    2s
     0     0    0.00000    0  498          -    0.00000      -     -    2s
     0     0    0.00000    0  498          -    0.00000      -     -    2s
     0     2    0.00000    0  498          -    0.00000      -     -    3s
  1637   301 infeasible   56               -    0.00000      -  41.5    5s
  3256   460    0.00000   21  436          -    0.00000      -  47.0   10s
  3313   505    0.00000   15  715          -    0.00000      -  12.7   15s
* 4780   644              69       0.0000000    0.00000  0.00%  26.0   18s

Cutting planes:
  Implied bound: 1
  Zero half: 12
  RLT: 3

Explored 6923 nodes (316460 simplex iterations) in 18.70 seconds (20.94 work units)
Thread count was 8 (of 8 available processors)

Solution count 1: 0 

Optimal solution found (tolerance 1.00e-04)
Best objective 0.000000000000e+00, best bound 0.000000000000e+00, gap 0.0000%

User-callback calls 17225, time in user-callback 0.00 sec
Gurobi Optimizer version 11.0.0 build v11.0.0rc2 (linux64 - "Debian GNU/Linux 11 (bullseye)")

CPU model: Intel(R) Core(TM) i7-4770 CPU @ 3.40GHz, instruction set [SSE2|AVX|AVX2]
Thread count: 4 physical cores, 8 logical processors, using up to 8 threads

Academic license 2483116 - for non-commercial use only - registered to ni___@fu-berlin.de
Optimize a model with 722 rows, 1600 columns and 5776 nonzeros
Model fingerprint: 0x0d156604
Variable types: 0 continuous, 1600 integer (1600 binary)
Coefficient statistics:
  Matrix range     [1e+00, 1e+00]
  Objective range  [0e+00, 0e+00]
  Bounds range     [1e+00, 1e+00]
  RHS range        [0e+00, 0e+00]

MIP start from previous solve did not produce a new incumbent solution

Presolve removed 0 rows and 212 columns
Presolve time: 0.00s

Explored 0 nodes (0 simplex iterations) in 0.12 seconds (0.00 work units)
Thread count was 1 (of 8 available processors)

Solution count 0

Model is infeasible
Best objective -, best bound -, gap -

User-callback calls 37, time in user-callback 0.00 sec
Gurobi Optimizer version 11.0.0 build v11.0.0rc2 (linux64 - "Debian GNU/Linux 11 (bullseye)")

CPU model: Intel(R) Core(TM) i7-4770 CPU @ 3.40GHz, instruction set [SSE2|AVX|AVX2]
Thread count: 4 physical cores, 8 logical processors, using up to 8 threads

Academic license 2483116 - for non-commercial use only - registered to ni___@fu-berlin.de
Optimize a model with 722 rows, 1600 columns and 5776 nonzeros
Model fingerprint: 0xe1202242
Variable types: 0 continuous, 1600 integer (1600 binary)
Coefficient statistics:
  Matrix range     [1e+00, 1e+00]
  Objective range  [0e+00, 0e+00]
  Bounds range     [1e+00, 1e+00]
  RHS range        [0e+00, 0e+00]

MIP start from previous solve did not produce a new incumbent solution

Presolve removed 0 rows and 218 columns
Presolve time: 0.00s

Explored 0 nodes (0 simplex iterations) in 0.05 seconds (0.00 work units)
Thread count was 1 (of 8 available processors)

Solution count 0

Model is infeasible
Best objective -, best bound -, gap -

User-callback calls 37, time in user-callback 0.00 sec
Gurobi Optimizer version 11.0.0 build v11.0.0rc2 (linux64 - "Debian GNU/Linux 11 (bullseye)")

CPU model: Intel(R) Core(TM) i7-4770 CPU @ 3.40GHz, instruction set [SSE2|AVX|AVX2]
Thread count: 4 physical cores, 8 logical processors, using up to 8 threads

Academic license 2483116 - for non-commercial use only - registered to ni___@fu-berlin.de
Optimize a model with 722 rows, 1600 columns and 5776 nonzeros
Model fingerprint: 0x7d439c46
Variable types: 0 continuous, 1600 integer (1600 binary)
Coefficient statistics:
  Matrix range     [1e+00, 1e+00]
  Objective range  [0e+00, 0e+00]
  Bounds range     [1e+00, 1e+00]
  RHS range        [0e+00, 0e+00]

MIP start from previous solve did not produce a new incumbent solution

Presolve removed 3 rows and 236 columns
Presolve time: 0.04s
Presolved: 719 rows, 1364 columns, 4954 nonzeros
Variable types: 0 continuous, 1364 integer (1359 binary)

Root relaxation: objective 0.000000e+00, 2235 iterations, 0.18 seconds (0.15 work units)

    Nodes    |    Current Node    |     Objective Bounds      |     Work
 Expl Unexpl |  Obj  Depth IntInf | Incumbent    BestBd   Gap | It/Node Time

     0     0    0.00000    0  507          -    0.00000      -     -    0s
     0     0    0.00000    0  650          -    0.00000      -     -    0s
     0     0    0.00000    0  508          -    0.00000      -     -    1s
     0     0    0.00000    0  536          -    0.00000      -     -    1s
     0     0    0.00000    0  467          -    0.00000      -     -    1s
     0     0    0.00000    0  555          -    0.00000      -     -    1s
     0     0    0.00000    0  313          -    0.00000      -     -    2s
     0     0    0.00000    0  340          -    0.00000      -     -    2s
     0     0    0.00000    0  467          -    0.00000      -     -    2s
     0     0    0.00000    0  452          -    0.00000      -     -    2s
     0     0    0.00000    0  452          -    0.00000      -     -    3s
     0     2    0.00000    0  428          -    0.00000      -     -    3s
   395   376    0.00000   49  508          -    0.00000      -  58.4    5s
* 3736   278              76       0.0000000    0.00000  0.00%  47.8    7s

Cutting planes:
  Gomory: 1
  Cover: 189
  Clique: 3
  Inf proof: 3
  Zero half: 30
  RLT: 3

Explored 4116 nodes (210262 simplex iterations) in 7.44 seconds (10.85 work units)
Thread count was 8 (of 8 available processors)

Solution count 1: 0 

Optimal solution found (tolerance 1.00e-04)
Best objective 0.000000000000e+00, best bound 0.000000000000e+00, gap 0.0000%

User-callback calls 9390, time in user-callback 0.00 sec
Gurobi Optimizer version 11.0.0 build v11.0.0rc2 (linux64 - "Debian GNU/Linux 11 (bullseye)")

CPU model: Intel(R) Core(TM) i7-4770 CPU @ 3.40GHz, instruction set [SSE2|AVX|AVX2]
Thread count: 4 physical cores, 8 logical processors, using up to 8 threads

Academic license 2483116 - for non-commercial use only - registered to ni___@fu-berlin.de
Optimize a model with 722 rows, 1600 columns and 5776 nonzeros
Model fingerprint: 0x16699086
Variable types: 0 continuous, 1600 integer (1600 binary)
Coefficient statistics:
  Matrix range     [1e+00, 1e+00]
  Objective range  [0e+00, 0e+00]
  Bounds range     [1e+00, 1e+00]
  RHS range        [0e+00, 0e+00]

MIP start from previous solve did not produce a new incumbent solution

Presolve removed 2 rows and 235 columns
Presolve time: 0.01s
Presolved: 720 rows, 1365 columns, 4934 nonzeros
Variable types: 0 continuous, 1365 integer (1359 binary)

Root relaxation: objective 0.000000e+00, 1955 iterations, 0.12 seconds (0.11 work units)

    Nodes    |    Current Node    |     Objective Bounds      |     Work
 Expl Unexpl |  Obj  Depth IntInf | Incumbent    BestBd   Gap | It/Node Time

     0     0    0.00000    0  538          -    0.00000      -     -    0s
     0     0    0.00000    0  673          -    0.00000      -     -    0s
     0     0    0.00000    0  664          -    0.00000      -     -    0s
     0     0    0.00000    0  546          -    0.00000      -     -    1s
     0     0    0.00000    0  589          -    0.00000      -     -    1s
     0     0    0.00000    0  522          -    0.00000      -     -    1s
     0     0    0.00000    0  533          -    0.00000      -     -    1s
     0     0    0.00000    0  527          -    0.00000      -     -    2s
     0     0    0.00000    0  558          -    0.00000      -     -    2s
     0     0    0.00000    0  542          -    0.00000      -     -    2s
     0     0    0.00000    0  494          -    0.00000      -     -    2s
     0     2    0.00000    0  464          -    0.00000      -     -    3s
* 1574   240              88       0.0000000    0.00000  0.00%  34.2    4s

Cutting planes:
  Cover: 57
  Clique: 1
  Inf proof: 5
  Zero half: 30
  RLT: 4

Explored 2471 nodes (83026 simplex iterations) in 4.86 seconds (6.03 work units)
Thread count was 8 (of 8 available processors)

Solution count 1: 0 

Optimal solution found (tolerance 1.00e-04)
Best objective 0.000000000000e+00, best bound 0.000000000000e+00, gap 0.0000%

User-callback calls 5955, time in user-callback 0.00 sec
Gurobi Optimizer version 11.0.0 build v11.0.0rc2 (linux64 - "Debian GNU/Linux 11 (bullseye)")

CPU model: Intel(R) Core(TM) i7-4770 CPU @ 3.40GHz, instruction set [SSE2|AVX|AVX2]
Thread count: 4 physical cores, 8 logical processors, using up to 8 threads

Academic license 2483116 - for non-commercial use only - registered to ni___@fu-berlin.de
Optimize a model with 722 rows, 1600 columns and 5776 nonzeros
Model fingerprint: 0x7266e9d8
Variable types: 0 continuous, 1600 integer (1600 binary)
Coefficient statistics:
  Matrix range     [1e+00, 1e+00]
  Objective range  [0e+00, 0e+00]
  Bounds range     [1e+00, 1e+00]
  RHS range        [0e+00, 0e+00]

MIP start from previous solve did not produce a new incumbent solution

Presolve removed 5 rows and 239 columns
Presolve time: 0.01s
Presolved: 717 rows, 1361 columns, 4950 nonzeros
Variable types: 0 continuous, 1361 integer (1357 binary)

Root relaxation: objective 0.000000e+00, 2152 iterations, 0.12 seconds (0.14 work units)

    Nodes    |    Current Node    |     Objective Bounds      |     Work
 Expl Unexpl |  Obj  Depth IntInf | Incumbent    BestBd   Gap | It/Node Time

     0     0    0.00000    0  545          -    0.00000      -     -    0s
     0     0    0.00000    0  581          -    0.00000      -     -    0s
     0     0    0.00000    0  665          -    0.00000      -     -    0s
     0     0    0.00000    0  653          -    0.00000      -     -    0s
     0     0    0.00000    0  556          -    0.00000      -     -    1s
     0     0    0.00000    0  562          -    0.00000      -     -    1s
     0     0    0.00000    0  422          -    0.00000      -     -    1s
     0     0    0.00000    0  535          -    0.00000      -     -    1s
     0     0    0.00000    0  353          -    0.00000      -     -    2s
     0     0    0.00000    0  453          -    0.00000      -     -    2s
     0     0    0.00000    0  426          -    0.00000      -     -    2s
     0     0    0.00000    0  580          -    0.00000      -     -    2s
     0     0    0.00000    0  445          -    0.00000      -     -    3s
     0     0    0.00000    0  451          -    0.00000      -     -    3s
     0     0    0.00000    0  364          -    0.00000      -     -    3s
     0     0    0.00000    0  393          -    0.00000      -     -    3s
     0     0    0.00000    0  528          -    0.00000      -     -    3s
     0     0    0.00000    0  468          -    0.00000      -     -    3s
     0     2    0.00000    0  388          -    0.00000      -     -    4s
    29    39    0.00000    7  628          -    0.00000      -   181    5s
  4343   545    0.00000   55  429          -    0.00000      -  31.3   10s
  4357   554    0.00000   15  449          -    0.00000      -  31.2   15s
H 5238  1005                       0.0000000    0.00000  0.00%  16.3   19s

Cutting planes:
  Gomory: 2
  Clique: 1
  Flow cover: 2
  Zero half: 11
  RLT: 2

Explored 6999 nodes (284501 simplex iterations) in 20.01 seconds (22.37 work units)
Thread count was 8 (of 8 available processors)

Solution count 1: 0 

Optimal solution found (tolerance 1.00e-04)
Best objective 0.000000000000e+00, best bound 0.000000000000e+00, gap 0.0000%

User-callback calls 17250, time in user-callback 0.00 sec
Gurobi Optimizer version 11.0.0 build v11.0.0rc2 (linux64 - "Debian GNU/Linux 11 (bullseye)")

CPU model: Intel(R) Core(TM) i7-4770 CPU @ 3.40GHz, instruction set [SSE2|AVX|AVX2]
Thread count: 4 physical cores, 8 logical processors, using up to 8 threads

Academic license 2483116 - for non-commercial use only - registered to ni___@fu-berlin.de
Optimize a model with 722 rows, 1600 columns and 5776 nonzeros
Model fingerprint: 0x3f3310f6
Variable types: 0 continuous, 1600 integer (1600 binary)
Coefficient statistics:
  Matrix range     [1e+00, 1e+00]
  Objective range  [0e+00, 0e+00]
  Bounds range     [1e+00, 1e+00]
  RHS range        [0e+00, 0e+00]

MIP start from previous solve did not produce a new incumbent solution

Presolve removed 1 rows and 225 columns
Presolve time: 0.01s
Presolved: 721 rows, 1375 columns, 5005 nonzeros
Variable types: 0 continuous, 1375 integer (1372 binary)

Root relaxation: objective 0.000000e+00, 1979 iterations, 0.10 seconds (0.12 work units)

    Nodes    |    Current Node    |     Objective Bounds      |     Work
 Expl Unexpl |  Obj  Depth IntInf | Incumbent    BestBd   Gap | It/Node Time

     0     0    0.00000    0  492          -    0.00000      -     -    0s
     0     0    0.00000    0  702          -    0.00000      -     -    0s
     0     0    0.00000    0  692          -    0.00000      -     -    0s
     0     0    0.00000    0  485          -    0.00000      -     -    1s
     0     0    0.00000    0  552          -    0.00000      -     -    1s
     0     0    0.00000    0  522          -    0.00000      -     -    1s
     0     0    0.00000    0  543          -    0.00000      -     -    1s
     0     0    0.00000    0  458          -    0.00000      -     -    2s
     0     0    0.00000    0  543          -    0.00000      -     -    2s
     0     0    0.00000    0  482          -    0.00000      -     -    2s
     0     0    0.00000    0  518          -    0.00000      -     -    2s
     0     0    0.00000    0  453          -    0.00000      -     -    3s
     0     0    0.00000    0  453          -    0.00000      -     -    3s
     0     2    0.00000    0  453          -    0.00000      -     -    3s
  1088   330 infeasible   57               -    0.00000      -  41.9    5s
  4619   555    0.00000   11  673          -    0.00000      -  49.7   10s
H 4621   528                       0.0000000    0.00000  0.00%  49.7   11s

Cutting planes:
  Gomory: 3
  Zero half: 74
  RLT: 2

Explored 4621 nodes (270666 simplex iterations) in 11.85 seconds (15.82 work units)
Thread count was 8 (of 8 available processors)

Solution count 1: 0 

Optimal solution found (tolerance 1.00e-04)
Best objective 0.000000000000e+00, best bound 0.000000000000e+00, gap 0.0000%

User-callback calls 10559, time in user-callback 0.00 sec
Gurobi Optimizer version 11.0.0 build v11.0.0rc2 (linux64 - "Debian GNU/Linux 11 (bullseye)")

CPU model: Intel(R) Core(TM) i7-4770 CPU @ 3.40GHz, instruction set [SSE2|AVX|AVX2]
Thread count: 4 physical cores, 8 logical processors, using up to 8 threads

Academic license 2483116 - for non-commercial use only - registered to ni___@fu-berlin.de
Optimize a model with 722 rows, 1600 columns and 5776 nonzeros
Model fingerprint: 0xbdaaf449
Variable types: 0 continuous, 1600 integer (1600 binary)
Coefficient statistics:
  Matrix range     [1e+00, 1e+00]
  Objective range  [0e+00, 0e+00]
  Bounds range     [1e+00, 1e+00]
  RHS range        [0e+00, 0e+00]

MIP start from previous solve did not produce a new incumbent solution

Presolve removed 7 rows and 246 columns
Presolve time: 0.01s
Presolved: 715 rows, 1354 columns, 4922 nonzeros
Variable types: 0 continuous, 1354 integer (1353 binary)

Root relaxation: objective 0.000000e+00, 2247 iterations, 0.13 seconds (0.16 work units)

    Nodes    |    Current Node    |     Objective Bounds      |     Work
 Expl Unexpl |  Obj  Depth IntInf | Incumbent    BestBd   Gap | It/Node Time

     0     0    0.00000    0  508          -    0.00000      -     -    0s
     0     0    0.00000    0  636          -    0.00000      -     -    0s
     0     0    0.00000    0  443          -    0.00000      -     -    1s
     0     0    0.00000    0  472          -    0.00000      -     -    1s
H    0     0                       0.0000000    0.00000  0.00%     -    1s
     0     0    0.00000    0  411    0.00000    0.00000  0.00%     -    1s

Cutting planes:
  Cover: 5
  Clique: 2
  Zero half: 117
  RLT: 4

Explored 1 nodes (14901 simplex iterations) in 1.74 seconds (1.84 work units)
Thread count was 8 (of 8 available processors)

Solution count 1: 0 

Optimal solution found (tolerance 1.00e-04)
Best objective 0.000000000000e+00, best bound 0.000000000000e+00, gap 0.0000%

User-callback calls 520, time in user-callback 0.00 sec
Gurobi Optimizer version 11.0.0 build v11.0.0rc2 (linux64 - "Debian GNU/Linux 11 (bullseye)")

CPU model: Intel(R) Core(TM) i7-4770 CPU @ 3.40GHz, instruction set [SSE2|AVX|AVX2]
Thread count: 4 physical cores, 8 logical processors, using up to 8 threads

Academic license 2483116 - for non-commercial use only - registered to ni___@fu-berlin.de
Optimize a model with 722 rows, 1600 columns and 5776 nonzeros
Model fingerprint: 0x0980afdf
Variable types: 0 continuous, 1600 integer (1600 binary)
Coefficient statistics:
  Matrix range     [1e+00, 1e+00]
  Objective range  [0e+00, 0e+00]
  Bounds range     [1e+00, 1e+00]
  RHS range        [0e+00, 0e+00]

MIP start from previous solve did not produce a new incumbent solution

Presolve removed 3 rows and 232 columns
Presolve time: 0.02s
Presolved: 719 rows, 1368 columns, 4969 nonzeros
Variable types: 0 continuous, 1368 integer (1364 binary)

Root relaxation: objective 0.000000e+00, 2032 iterations, 0.13 seconds (0.12 work units)

    Nodes    |    Current Node    |     Objective Bounds      |     Work
 Expl Unexpl |  Obj  Depth IntInf | Incumbent    BestBd   Gap | It/Node Time

     0     0    0.00000    0  517          -    0.00000      -     -    0s
     0     0    0.00000    0  602          -    0.00000      -     -    0s
     0     0    0.00000    0  594          -    0.00000      -     -    0s
     0     0    0.00000    0  506          -    0.00000      -     -    1s
     0     0    0.00000    0  598          -    0.00000      -     -    1s
     0     0    0.00000    0  469          -    0.00000      -     -    1s
     0     0    0.00000    0  516          -    0.00000      -     -    1s
     0     0    0.00000    0  488          -    0.00000      -     -    2s
     0     0    0.00000    0  549          -    0.00000      -     -    2s
     0     0    0.00000    0  469          -    0.00000      -     -    2s
     0     0    0.00000    0  469          -    0.00000      -     -    2s
     0     2    0.00000    0  408          -    0.00000      -     -    3s
  1737   230    0.00000   39  431          -    0.00000      -  42.7    5s
  4705   401    0.00000   25  613          -    0.00000      -  48.4   10s
H 4706   381                       0.0000000    0.00000  0.00%  48.4   11s

Cutting planes:
  Gomory: 2
  Clique: 4
  Flow cover: 4
  Zero half: 97
  RLT: 2

Explored 4706 nodes (265261 simplex iterations) in 11.14 seconds (14.32 work units)
Thread count was 8 (of 8 available processors)

Solution count 1: 0 

Optimal solution found (tolerance 1.00e-04)
Best objective 0.000000000000e+00, best bound 0.000000000000e+00, gap 0.0000%

User-callback calls 10898, time in user-callback 0.00 sec
Gurobi Optimizer version 11.0.0 build v11.0.0rc2 (linux64 - "Debian GNU/Linux 11 (bullseye)")

CPU model: Intel(R) Core(TM) i7-4770 CPU @ 3.40GHz, instruction set [SSE2|AVX|AVX2]
Thread count: 4 physical cores, 8 logical processors, using up to 8 threads

Academic license 2483116 - for non-commercial use only - registered to ni___@fu-berlin.de
Optimize a model with 722 rows, 1600 columns and 5776 nonzeros
Model fingerprint: 0x0e256b3b
Variable types: 0 continuous, 1600 integer (1600 binary)
Coefficient statistics:
  Matrix range     [1e+00, 1e+00]
  Objective range  [0e+00, 0e+00]
  Bounds range     [1e+00, 1e+00]
  RHS range        [0e+00, 0e+00]

MIP start from previous solve did not produce a new incumbent solution

Presolve removed 3 rows and 240 columns
Presolve time: 0.01s
Presolved: 719 rows, 1360 columns, 4934 nonzeros
Variable types: 0 continuous, 1360 integer (1357 binary)

Root relaxation: objective 0.000000e+00, 2265 iterations, 0.13 seconds (0.15 work units)

    Nodes    |    Current Node    |     Objective Bounds      |     Work
 Expl Unexpl |  Obj  Depth IntInf | Incumbent    BestBd   Gap | It/Node Time

     0     0    0.00000    0  528          -    0.00000      -     -    0s
     0     0    0.00000    0  659          -    0.00000      -     -    0s
     0     0    0.00000    0  515          -    0.00000      -     -    1s
     0     0    0.00000    0  594          -    0.00000      -     -    1s
     0     0    0.00000    0  553          -    0.00000      -     -    1s
     0     0    0.00000    0  599          -    0.00000      -     -    1s
     0     0    0.00000    0  453          -    0.00000      -     -    2s
     0     0    0.00000    0  548          -    0.00000      -     -    2s
     0     0    0.00000    0  393          -    0.00000      -     -    2s
     0     0    0.00000    0  441          -    0.00000      -     -    2s
     0     0    0.00000    0  346          -    0.00000      -     -    3s
     0     0    0.00000    0  379          -    0.00000      -     -    3s
     0     0    0.00000    0  425          -    0.00000      -     -    3s
     0     0    0.00000    0  460          -    0.00000      -     -    3s
     0     0    0.00000    0  346          -    0.00000      -     -    3s
     0     0    0.00000    0  346          -    0.00000      -     -    4s
     0     2    0.00000    0  346          -    0.00000      -     -    5s
  6110   577    0.00000   22  346          -    0.00000      -  43.3   10s
  6122   585    0.00000   57  600          -    0.00000      -  43.2   15s
  6305   845    0.00000   22  590          -    0.00000      -   8.3   20s
* 6824  1194              68       0.0000000    0.00000  0.00%  11.8   22s

Cutting planes:
  Cover: 1
  Flow cover: 1
  Zero half: 9
  RLT: 2

Explored 8272 nodes (405176 simplex iterations) in 22.09 seconds (27.14 work units)
Thread count was 8 (of 8 available processors)

Solution count 1: 0 

Optimal solution found (tolerance 1.00e-04)
Best objective 0.000000000000e+00, best bound 0.000000000000e+00, gap 0.0000%

User-callback calls 19657, time in user-callback 0.00 sec
Gurobi Optimizer version 11.0.0 build v11.0.0rc2 (linux64 - "Debian GNU/Linux 11 (bullseye)")

CPU model: Intel(R) Core(TM) i7-4770 CPU @ 3.40GHz, instruction set [SSE2|AVX|AVX2]
Thread count: 4 physical cores, 8 logical processors, using up to 8 threads

Academic license 2483116 - for non-commercial use only - registered to ni___@fu-berlin.de
Optimize a model with 722 rows, 1600 columns and 5776 nonzeros
Model fingerprint: 0x0d241174
Variable types: 0 continuous, 1600 integer (1600 binary)
Coefficient statistics:
  Matrix range     [1e+00, 1e+00]
  Objective range  [0e+00, 0e+00]
  Bounds range     [1e+00, 1e+00]
  RHS range        [0e+00, 0e+00]

MIP start from previous solve did not produce a new incumbent solution

Presolve removed 2 rows and 231 columns
Presolve time: 0.01s
Presolved: 720 rows, 1369 columns, 4978 nonzeros
Variable types: 0 continuous, 1369 integer (1366 binary)

Root relaxation: objective 0.000000e+00, 2317 iterations, 0.14 seconds (0.15 work units)

    Nodes    |    Current Node    |     Objective Bounds      |     Work
 Expl Unexpl |  Obj  Depth IntInf | Incumbent    BestBd   Gap | It/Node Time

     0     0    0.00000    0  580          -    0.00000      -     -    0s
     0     0    0.00000    0  687          -    0.00000      -     -    0s
     0     0    0.00000    0  664          -    0.00000      -     -    0s
     0     0    0.00000    0  497          -    0.00000      -     -    1s
     0     0    0.00000    0  509          -    0.00000      -     -    1s
     0     0    0.00000    0  461          -    0.00000      -     -    1s
     0     0    0.00000    0  447          -    0.00000      -     -    1s
     0     0    0.00000    0  447          -    0.00000      -     -    2s
     0     0    0.00000    0  493          -    0.00000      -     -    2s
     0     0    0.00000    0  535          -    0.00000      -     -    2s
     0     0    0.00000    0  494          -    0.00000      -     -    2s
     0     0    0.00000    0  534          -    0.00000      -     -    2s
     0     0    0.00000    0  264          -    0.00000      -     -    3s
     0     0    0.00000    0  318          -    0.00000      -     -    3s
     0     0    0.00000    0  397          -    0.00000      -     -    3s
     0     0    0.00000    0  364          -    0.00000      -     -    3s
     0     2    0.00000    0  360          -    0.00000      -     -    4s
    94   195    0.00000   17  646          -    0.00000      -   110    5s
  3350   794    0.00000   11  596          -    0.00000      -  41.6   10s
H 3359   759                       0.0000000    0.00000  0.00%  41.5   13s

Cutting planes:
  Gomory: 3
  Zero half: 88

Explored 3359 nodes (199429 simplex iterations) in 13.73 seconds (16.68 work units)
Thread count was 8 (of 8 available processors)

Solution count 1: 0 

Optimal solution found (tolerance 1.00e-04)
Best objective 0.000000000000e+00, best bound 0.000000000000e+00, gap 0.0000%

User-callback calls 8321, time in user-callback 0.00 sec
Gurobi Optimizer version 11.0.0 build v11.0.0rc2 (linux64 - "Debian GNU/Linux 11 (bullseye)")

CPU model: Intel(R) Core(TM) i7-4770 CPU @ 3.40GHz, instruction set [SSE2|AVX|AVX2]
Thread count: 4 physical cores, 8 logical processors, using up to 8 threads

Academic license 2483116 - for non-commercial use only - registered to ni___@fu-berlin.de
Optimize a model with 722 rows, 1600 columns and 5776 nonzeros
Model fingerprint: 0x226e6b88
Variable types: 0 continuous, 1600 integer (1600 binary)
Coefficient statistics:
  Matrix range     [1e+00, 1e+00]
  Objective range  [0e+00, 0e+00]
  Bounds range     [1e+00, 1e+00]
  RHS range        [0e+00, 0e+00]

MIP start from previous solve did not produce a new incumbent solution

Presolve removed 3 rows and 226 columns
Presolve time: 0.00s

Explored 0 nodes (0 simplex iterations) in 0.05 seconds (0.00 work units)
Thread count was 1 (of 8 available processors)

Solution count 0

Model is infeasible
Best objective -, best bound -, gap -

User-callback calls 51, time in user-callback 0.00 sec
Gurobi Optimizer version 11.0.0 build v11.0.0rc2 (linux64 - "Debian GNU/Linux 11 (bullseye)")

CPU model: Intel(R) Core(TM) i7-4770 CPU @ 3.40GHz, instruction set [SSE2|AVX|AVX2]
Thread count: 4 physical cores, 8 logical processors, using up to 8 threads

Academic license 2483116 - for non-commercial use only - registered to ni___@fu-berlin.de
Optimize a model with 722 rows, 1600 columns and 5776 nonzeros
Model fingerprint: 0x1f8b415d
Variable types: 0 continuous, 1600 integer (1600 binary)
Coefficient statistics:
  Matrix range     [1e+00, 1e+00]
  Objective range  [0e+00, 0e+00]
  Bounds range     [1e+00, 1e+00]
  RHS range        [0e+00, 0e+00]

MIP start from previous solve did not produce a new incumbent solution

Presolve removed 6 rows and 238 columns
Presolve time: 0.01s
Presolved: 716 rows, 1362 columns, 4935 nonzeros
Variable types: 0 continuous, 1362 integer (1358 binary)

Root relaxation: objective 0.000000e+00, 2003 iterations, 0.19 seconds (0.12 work units)

    Nodes    |    Current Node    |     Objective Bounds      |     Work
 Expl Unexpl |  Obj  Depth IntInf | Incumbent    BestBd   Gap | It/Node Time

     0     0    0.00000    0  599          -    0.00000      -     -    0s
     0     0    0.00000    0  687          -    0.00000      -     -    0s
     0     0    0.00000    0  680          -    0.00000      -     -    0s
     0     0    0.00000    0  547          -    0.00000      -     -    1s
     0     0    0.00000    0  393          -    0.00000      -     -    1s
     0     0    0.00000    0  478          -    0.00000      -     -    2s
     0     0    0.00000    0  468          -    0.00000      -     -    2s
     0     0    0.00000    0  430          -    0.00000      -     -    2s
     0     0    0.00000    0  528          -    0.00000      -     -    2s
     0     0    0.00000    0  424          -    0.00000      -     -    3s
     0     0    0.00000    0  353          -    0.00000      -     -    3s
     0     2    0.00000    0  322          -    0.00000      -     -    3s
   655   458 infeasible   30               -    0.00000      -  64.0    5s
  4866   566    0.00000   14  577          -    0.00000      -  56.1   10s
H 4868   539                       0.0000000    0.00000  0.00%  56.1   11s

Cutting planes:
  Gomory: 7
  Flow cover: 3
  Zero half: 141

Explored 4868 nodes (308514 simplex iterations) in 11.76 seconds (16.45 work units)
Thread count was 8 (of 8 available processors)

Solution count 1: 0 

Optimal solution found (tolerance 1.00e-04)
Best objective 0.000000000000e+00, best bound 0.000000000000e+00, gap 0.0000%

User-callback calls 11029, time in user-callback 0.00 sec
Gurobi Optimizer version 11.0.0 build v11.0.0rc2 (linux64 - "Debian GNU/Linux 11 (bullseye)")

CPU model: Intel(R) Core(TM) i7-4770 CPU @ 3.40GHz, instruction set [SSE2|AVX|AVX2]
Thread count: 4 physical cores, 8 logical processors, using up to 8 threads

Academic license 2483116 - for non-commercial use only - registered to ni___@fu-berlin.de
Optimize a model with 722 rows, 1600 columns and 5776 nonzeros
Model fingerprint: 0xaecfe92e
Variable types: 0 continuous, 1600 integer (1600 binary)
Coefficient statistics:
  Matrix range     [1e+00, 1e+00]
  Objective range  [0e+00, 0e+00]
  Bounds range     [1e+00, 1e+00]
  RHS range        [0e+00, 0e+00]

MIP start from previous solve did not produce a new incumbent solution

Presolve removed 1 rows and 229 columns
Presolve time: 0.04s
Presolved: 721 rows, 1371 columns, 4973 nonzeros
Variable types: 0 continuous, 1371 integer (1367 binary)

Root relaxation: objective 0.000000e+00, 2315 iterations, 0.20 seconds (0.16 work units)

    Nodes    |    Current Node    |     Objective Bounds      |     Work
 Expl Unexpl |  Obj  Depth IntInf | Incumbent    BestBd   Gap | It/Node Time

     0     0    0.00000    0  607          -    0.00000      -     -    0s
     0     0    0.00000    0  690          -    0.00000      -     -    0s
     0     0    0.00000    0  682          -    0.00000      -     -    0s
     0     0    0.00000    0  518          -    0.00000      -     -    1s
     0     0    0.00000    0  447          -    0.00000      -     -    1s
     0     0    0.00000    0  468          -    0.00000      -     -    1s
     0     0    0.00000    0  411          -    0.00000      -     -    2s
     0     0    0.00000    0  443          -    0.00000      -     -    2s
     0     0    0.00000    0  356          -    0.00000      -     -    2s
     0     0    0.00000    0  427          -    0.00000      -     -    2s
     0     0    0.00000    0  341          -    0.00000      -     -    3s
     0     0    0.00000    0  344          -    0.00000      -     -    3s
     0     0    0.00000    0  401          -    0.00000      -     -    3s
     0     0    0.00000    0  494          -    0.00000      -     -    3s
     0     0    0.00000    0  343          -    0.00000      -     -    3s
     0     0    0.00000    0  300          -    0.00000      -     -    4s
     0     2    0.00000    0  294          -    0.00000      -     -    4s
    42    53    0.00000    8  633          -    0.00000      -   131    5s
  1652   643    0.00000   15  649          -    0.00000      -   116   10s
H 2278   763                       0.0000000    0.00000  0.00%   111   13s

Cutting planes:
  Gomory: 10
  Clique: 4
  Flow cover: 3
  Zero half: 140
  RLT: 3

Explored 2278 nodes (297086 simplex iterations) in 13.64 seconds (19.25 work units)
Thread count was 8 (of 8 available processors)

Solution count 1: 0 

Optimal solution found (tolerance 1.00e-04)
Best objective 0.000000000000e+00, best bound 0.000000000000e+00, gap 0.0000%

User-callback calls 5986, time in user-callback 0.00 sec
Gurobi Optimizer version 11.0.0 build v11.0.0rc2 (linux64 - "Debian GNU/Linux 11 (bullseye)")

CPU model: Intel(R) Core(TM) i7-4770 CPU @ 3.40GHz, instruction set [SSE2|AVX|AVX2]
Thread count: 4 physical cores, 8 logical processors, using up to 8 threads

Academic license 2483116 - for non-commercial use only - registered to ni___@fu-berlin.de
Optimize a model with 722 rows, 1600 columns and 5776 nonzeros
Model fingerprint: 0x2c858e92
Variable types: 0 continuous, 1600 integer (1600 binary)
Coefficient statistics:
  Matrix range     [1e+00, 1e+00]
  Objective range  [0e+00, 0e+00]
  Bounds range     [1e+00, 1e+00]
  RHS range        [0e+00, 0e+00]

MIP start from previous solve did not produce a new incumbent solution

Presolve removed 2 rows and 228 columns
Presolve time: 0.01s
Presolved: 720 rows, 1372 columns, 4998 nonzeros
Variable types: 0 continuous, 1372 integer (1367 binary)

Root relaxation: objective 0.000000e+00, 2361 iterations, 0.19 seconds (0.17 work units)

    Nodes    |    Current Node    |     Objective Bounds      |     Work
 Expl Unexpl |  Obj  Depth IntInf | Incumbent    BestBd   Gap | It/Node Time

     0     0    0.00000    0  518          -    0.00000      -     -    0s
     0     0    0.00000    0  605          -    0.00000      -     -    0s
     0     0    0.00000    0  373          -    0.00000      -     -    1s
     0     0    0.00000    0  534          -    0.00000      -     -    1s
     0     0    0.00000    0  281          -    0.00000      -     -    2s
     0     0    0.00000    0  450          -    0.00000      -     -    2s
     0     0    0.00000    0  332          -    0.00000      -     -    2s
     0     0    0.00000    0  449          -    0.00000      -     -    2s
     0     0    0.00000    0  405          -    0.00000      -     -    2s
     0     0    0.00000    0  435          -    0.00000      -     -    2s
     0     0    0.00000    0  378          -    0.00000      -     -    3s
     0     0    0.00000    0  330          -    0.00000      -     -    3s
     0     2    0.00000    0  329          -    0.00000      -     -    4s
   294   378    0.00000   39  563          -    0.00000      -  60.7    5s
  4465   611 infeasible   77               -    0.00000      -  68.4   10s
  6774   684    0.00000   26  621          -    0.00000      -  75.6   15s
  6787   693    0.00000   53  597          -    0.00000      -  75.5   20s
  7335  1494    0.00000   44  743          -    0.00000      -   9.2   25s
 10484  1292 infeasible   81               -    0.00000      -  23.1   30s
 15315  1513    0.00000   77  423          -    0.00000      -  33.4   35s
 20184  1653 infeasible   58               -    0.00000      -  39.2   40s
 25281  1778 infeasible  100               -    0.00000      -  41.9   45s
 29963  1747    0.00000   79  429          -    0.00000      -  44.3   50s
 36224  1796 infeasible   82               -    0.00000      -  45.9   71s
 41498  1937    0.00000   86  413          -    0.00000      -  46.8   75s
 45823  1975 infeasible   91               -    0.00000      -  47.7   80s
 50705  2069    0.00000  101  370          -    0.00000      -  48.3   85s
 56756  2094    0.00000   71  549          -    0.00000      -  48.9   90s
 61775  2162    0.00000   84  441          -    0.00000      -  49.4   95s
 66326  2196 infeasible   99               -    0.00000      -  50.0  100s
 71237  2270    0.00000  101  372          -    0.00000      -  50.6  105s
 77467  2336 infeasible   94               -    0.00000      -  51.1  111s
 82384  2414    0.00000   94  373          -    0.00000      -  51.4  115s
 87185  2529    0.00000  107  371          -    0.00000      -  51.7  120s

Cutting planes:
  Flow cover: 1
  Zero half: 9
  RLT: 2

Explored 88465 nodes (5108110 simplex iterations) in 120.06 seconds (132.39 work units)
Thread count was 8 (of 8 available processors)

Solution count 0

Time limit reached
Best objective -, best bound 0.000000000000e+00, gap -

User-callback calls 210529, time in user-callback 0.07 sec
Gurobi Optimizer version 11.0.0 build v11.0.0rc2 (linux64 - "Debian GNU/Linux 11 (bullseye)")

CPU model: Intel(R) Core(TM) i7-4770 CPU @ 3.40GHz, instruction set [SSE2|AVX|AVX2]
Thread count: 4 physical cores, 8 logical processors, using up to 8 threads

Academic license 2483116 - for non-commercial use only - registered to ni___@fu-berlin.de
Optimize a model with 722 rows, 1600 columns and 5776 nonzeros
Model fingerprint: 0x506110b7
Variable types: 0 continuous, 1600 integer (1600 binary)
Coefficient statistics:
  Matrix range     [1e+00, 1e+00]
  Objective range  [0e+00, 0e+00]
  Bounds range     [1e+00, 1e+00]
  RHS range        [0e+00, 0e+00]

MIP start from previous solve did not produce a new incumbent solution

Presolve removed 2 rows and 227 columns
Presolve time: 0.01s
Presolved: 720 rows, 1373 columns, 4989 nonzeros
Variable types: 0 continuous, 1373 integer (1369 binary)

Root relaxation: objective 0.000000e+00, 2269 iterations, 0.13 seconds (0.15 work units)

    Nodes    |    Current Node    |     Objective Bounds      |     Work
 Expl Unexpl |  Obj  Depth IntInf | Incumbent    BestBd   Gap | It/Node Time

     0     0    0.00000    0  506          -    0.00000      -     -    0s
     0     0    0.00000    0  648          -    0.00000      -     -    0s
     0     0    0.00000    0  661          -    0.00000      -     -    0s
     0     0    0.00000    0  493          -    0.00000      -     -    1s
     0     0    0.00000    0  463          -    0.00000      -     -    1s
     0     0    0.00000    0  465          -    0.00000      -     -    1s
     0     0    0.00000    0  555          -    0.00000      -     -    1s
     0     0    0.00000    0  464          -    0.00000      -     -    2s
     0     0    0.00000    0  486          -    0.00000      -     -    2s
     0     0    0.00000    0  458          -    0.00000      -     -    2s
     0     0    0.00000    0  458          -    0.00000      -     -    2s
     0     2    0.00000    0  372          -    0.00000      -     -    3s
   546   274 infeasible   36               -    0.00000      -  49.6    5s
* 3572   293              86       0.0000000    0.00000  0.00%  29.5    6s

Cutting planes:
  Cover: 206
  Clique: 1
  MIR: 1
  Inf proof: 20
  Zero half: 21
  RLT: 7

Explored 3794 nodes (132890 simplex iterations) in 6.42 seconds (8.75 work units)
Thread count was 8 (of 8 available processors)

Solution count 1: 0 

Optimal solution found (tolerance 1.00e-04)
Best objective 0.000000000000e+00, best bound 0.000000000000e+00, gap 0.0000%

User-callback calls 8686, time in user-callback 0.00 sec
Gurobi Optimizer version 11.0.0 build v11.0.0rc2 (linux64 - "Debian GNU/Linux 11 (bullseye)")

CPU model: Intel(R) Core(TM) i7-4770 CPU @ 3.40GHz, instruction set [SSE2|AVX|AVX2]
Thread count: 4 physical cores, 8 logical processors, using up to 8 threads

Academic license 2483116 - for non-commercial use only - registered to ni___@fu-berlin.de
Optimize a model with 722 rows, 1600 columns and 5776 nonzeros
Model fingerprint: 0x52af15cd
Variable types: 0 continuous, 1600 integer (1600 binary)
Coefficient statistics:
  Matrix range     [1e+00, 1e+00]
  Objective range  [0e+00, 0e+00]
  Bounds range     [1e+00, 1e+00]
  RHS range        [0e+00, 0e+00]

MIP start from previous solve did not produce a new incumbent solution

Presolve removed 2 rows and 229 columns
Presolve time: 0.01s
Presolved: 720 rows, 1371 columns, 4978 nonzeros
Variable types: 0 continuous, 1371 integer (1367 binary)

Root relaxation: objective 0.000000e+00, 2155 iterations, 0.13 seconds (0.15 work units)

    Nodes    |    Current Node    |     Objective Bounds      |     Work
 Expl Unexpl |  Obj  Depth IntInf | Incumbent    BestBd   Gap | It/Node Time

     0     0    0.00000    0  537          -    0.00000      -     -    0s
     0     0    0.00000    0  629          -    0.00000      -     -    0s
     0     0    0.00000    0  630          -    0.00000      -     -    0s
     0     0    0.00000    0  597          -    0.00000      -     -    1s
     0     0    0.00000    0  584          -    0.00000      -     -    1s
     0     0    0.00000    0  450          -    0.00000      -     -    1s
     0     0    0.00000    0  627          -    0.00000      -     -    1s
H    0     0                       0.0000000    0.00000  0.00%     -    2s
     0     0    0.00000    0  485    0.00000    0.00000  0.00%     -    2s

Cutting planes:
  Clique: 3
  MIR: 1
  Zero half: 89
  RLT: 5

Explored 1 nodes (16842 simplex iterations) in 2.23 seconds (2.22 work units)
Thread count was 8 (of 8 available processors)

Solution count 1: 0 

Optimal solution found (tolerance 1.00e-04)
Best objective 0.000000000000e+00, best bound 0.000000000000e+00, gap 0.0000%

User-callback calls 533, time in user-callback 0.00 sec
Gurobi Optimizer version 11.0.0 build v11.0.0rc2 (linux64 - "Debian GNU/Linux 11 (bullseye)")

CPU model: Intel(R) Core(TM) i7-4770 CPU @ 3.40GHz, instruction set [SSE2|AVX|AVX2]
Thread count: 4 physical cores, 8 logical processors, using up to 8 threads

Academic license 2483116 - for non-commercial use only - registered to ni___@fu-berlin.de
Optimize a model with 722 rows, 1600 columns and 5776 nonzeros
Model fingerprint: 0x804ce0ee
Variable types: 0 continuous, 1600 integer (1600 binary)
Coefficient statistics:
  Matrix range     [1e+00, 1e+00]
  Objective range  [0e+00, 0e+00]
  Bounds range     [1e+00, 1e+00]
  RHS range        [0e+00, 0e+00]

MIP start from previous solve did not produce a new incumbent solution

Presolve removed 6 rows and 245 columns
Presolve time: 0.01s
Presolved: 716 rows, 1355 columns, 4900 nonzeros
Variable types: 0 continuous, 1355 integer (1351 binary)

Root relaxation: objective 0.000000e+00, 2394 iterations, 0.15 seconds (0.17 work units)

    Nodes    |    Current Node    |     Objective Bounds      |     Work
 Expl Unexpl |  Obj  Depth IntInf | Incumbent    BestBd   Gap | It/Node Time

     0     0    0.00000    0  458          -    0.00000      -     -    0s
     0     0    0.00000    0  602          -    0.00000      -     -    0s
     0     0    0.00000    0  589          -    0.00000      -     -    0s
     0     0    0.00000    0  513          -    0.00000      -     -    1s
     0     0    0.00000    0  591          -    0.00000      -     -    1s
H    0     0                       0.0000000    0.00000  0.00%     -    1s
     0     0    0.00000    0  432    0.00000    0.00000  0.00%     -    1s

Cutting planes:
  Gomory: 1
  Clique: 5
  Inf proof: 1
  Zero half: 119
  RLT: 3

Explored 1 nodes (13569 simplex iterations) in 1.63 seconds (1.65 work units)
Thread count was 8 (of 8 available processors)

Solution count 1: 0 

Optimal solution found (tolerance 1.00e-04)
Best objective 0.000000000000e+00, best bound 0.000000000000e+00, gap 0.0000%

User-callback calls 514, time in user-callback 0.00 sec
Gurobi Optimizer version 11.0.0 build v11.0.0rc2 (linux64 - "Debian GNU/Linux 11 (bullseye)")

CPU model: Intel(R) Core(TM) i7-4770 CPU @ 3.40GHz, instruction set [SSE2|AVX|AVX2]
Thread count: 4 physical cores, 8 logical processors, using up to 8 threads

Academic license 2483116 - for non-commercial use only - registered to ni___@fu-berlin.de
Optimize a model with 722 rows, 1600 columns and 5776 nonzeros
Model fingerprint: 0x473b0dca
Variable types: 0 continuous, 1600 integer (1600 binary)
Coefficient statistics:
  Matrix range     [1e+00, 1e+00]
  Objective range  [0e+00, 0e+00]
  Bounds range     [1e+00, 1e+00]
  RHS range        [0e+00, 0e+00]

MIP start from previous solve did not produce a new incumbent solution

Presolve removed 4 rows and 239 columns
Presolve time: 0.01s

Explored 0 nodes (0 simplex iterations) in 0.18 seconds (0.02 work units)
Thread count was 1 (of 8 available processors)

Solution count 0

Model is infeasible
Best objective -, best bound -, gap -

User-callback calls 227, time in user-callback 0.00 sec
Gurobi Optimizer version 11.0.0 build v11.0.0rc2 (linux64 - "Debian GNU/Linux 11 (bullseye)")

CPU model: Intel(R) Core(TM) i7-4770 CPU @ 3.40GHz, instruction set [SSE2|AVX|AVX2]
Thread count: 4 physical cores, 8 logical processors, using up to 8 threads

Academic license 2483116 - for non-commercial use only - registered to ni___@fu-berlin.de
Optimize a model with 722 rows, 1600 columns and 5776 nonzeros
Model fingerprint: 0x935abd2a
Variable types: 0 continuous, 1600 integer (1600 binary)
Coefficient statistics:
  Matrix range     [1e+00, 1e+00]
  Objective range  [0e+00, 0e+00]
  Bounds range     [1e+00, 1e+00]
  RHS range        [0e+00, 0e+00]

MIP start from previous solve did not produce a new incumbent solution

Presolve removed 3 rows and 230 columns
Presolve time: 0.01s
Presolved: 719 rows, 1370 columns, 4972 nonzeros
Variable types: 0 continuous, 1370 integer (1366 binary)

Root relaxation: objective 0.000000e+00, 2091 iterations, 0.12 seconds (0.13 work units)

    Nodes    |    Current Node    |     Objective Bounds      |     Work
 Expl Unexpl |  Obj  Depth IntInf | Incumbent    BestBd   Gap | It/Node Time

     0     0    0.00000    0  531          -    0.00000      -     -    0s
     0     0    0.00000    0  625          -    0.00000      -     -    0s
     0     0    0.00000    0  634          -    0.00000      -     -    0s
     0     0    0.00000    0  571          -    0.00000      -     -    1s
     0     0    0.00000    0  579          -    0.00000      -     -    1s
     0     0    0.00000    0  572          -    0.00000      -     -    1s
     0     0    0.00000    0  596          -    0.00000      -     -    1s
     0     0    0.00000    0  476          -    0.00000      -     -    2s
     0     0    0.00000    0  553          -    0.00000      -     -    2s
     0     0    0.00000    0  534          -    0.00000      -     -    2s
     0     0    0.00000    0  591          -    0.00000      -     -    2s
     0     0    0.00000    0  471          -    0.00000      -     -    3s
     0     0    0.00000    0  471          -    0.00000      -     -    3s
     0     2    0.00000    0  418          -    0.00000      -     -    4s
   482   326 infeasible   47               -    0.00000      -  59.8    5s
* 4005   418              87       0.0000000    0.00000  0.00%  50.1    7s

Cutting planes:
  Cover: 170
  Clique: 1
  MIR: 3
  Inf proof: 21
  Zero half: 39
  RLT: 4

Explored 4394 nodes (233220 simplex iterations) in 7.98 seconds (11.02 work units)
Thread count was 8 (of 8 available processors)

Solution count 1: 0 

Optimal solution found (tolerance 1.00e-04)
Best objective 0.000000000000e+00, best bound 0.000000000000e+00, gap 0.0000%

User-callback calls 10050, time in user-callback 0.00 sec
Gurobi Optimizer version 11.0.0 build v11.0.0rc2 (linux64 - "Debian GNU/Linux 11 (bullseye)")

CPU model: Intel(R) Core(TM) i7-4770 CPU @ 3.40GHz, instruction set [SSE2|AVX|AVX2]
Thread count: 4 physical cores, 8 logical processors, using up to 8 threads

Academic license 2483116 - for non-commercial use only - registered to ni___@fu-berlin.de
Optimize a model with 722 rows, 1600 columns and 5776 nonzeros
Model fingerprint: 0x46030006
Variable types: 0 continuous, 1600 integer (1600 binary)
Coefficient statistics:
  Matrix range     [1e+00, 1e+00]
  Objective range  [0e+00, 0e+00]
  Bounds range     [1e+00, 1e+00]
  RHS range        [0e+00, 0e+00]

MIP start from previous solve did not produce a new incumbent solution

Presolve removed 2 rows and 228 columns
Presolve time: 0.01s
Presolved: 720 rows, 1372 columns, 4991 nonzeros
Variable types: 0 continuous, 1372 integer (1366 binary)

Root relaxation: objective 0.000000e+00, 2171 iterations, 0.13 seconds (0.15 work units)

    Nodes    |    Current Node    |     Objective Bounds      |     Work
 Expl Unexpl |  Obj  Depth IntInf | Incumbent    BestBd   Gap | It/Node Time

     0     0    0.00000    0  548          -    0.00000      -     -    0s
     0     0    0.00000    0  662          -    0.00000      -     -    0s
     0     0    0.00000    0  659          -    0.00000      -     -    0s
     0     0    0.00000    0  471          -    0.00000      -     -    1s
     0     0    0.00000    0  466          -    0.00000      -     -    1s
     0     0    0.00000    0  458          -    0.00000      -     -    1s
     0     0    0.00000    0  456          -    0.00000      -     -    1s
     0     0    0.00000    0  502          -    0.00000      -     -    2s
     0     0    0.00000    0  562          -    0.00000      -     -    2s
     0     0    0.00000    0  501          -    0.00000      -     -    2s
     0     0    0.00000    0  499          -    0.00000      -     -    2s
     0     0    0.00000    0  523          -    0.00000      -     -    3s
     0     0    0.00000    0  469          -    0.00000      -     -    3s
     0     2    0.00000    0  469          -    0.00000      -     -    4s
   634   500    0.00000   40  493          -    0.00000      -  52.5    5s
  4702   605    0.00000   44  655          -    0.00000      -  37.4   10s
H 4705   576                       0.0000000    0.00000  0.00%  37.4   12s

Cutting planes:
  Gomory: 6
  Clique: 2
  Zero half: 90
  RLT: 4

Explored 4705 nodes (222476 simplex iterations) in 12.28 seconds (15.83 work units)
Thread count was 8 (of 8 available processors)

Solution count 1: 0 

Optimal solution found (tolerance 1.00e-04)
Best objective 0.000000000000e+00, best bound 0.000000000000e+00, gap 0.0000%

User-callback calls 10821, time in user-callback 0.00 sec
Gurobi Optimizer version 11.0.0 build v11.0.0rc2 (linux64 - "Debian GNU/Linux 11 (bullseye)")

CPU model: Intel(R) Core(TM) i7-4770 CPU @ 3.40GHz, instruction set [SSE2|AVX|AVX2]
Thread count: 4 physical cores, 8 logical processors, using up to 8 threads

Academic license 2483116 - for non-commercial use only - registered to ni___@fu-berlin.de
Optimize a model with 722 rows, 1600 columns and 5776 nonzeros
Model fingerprint: 0x5f67fef0
Variable types: 0 continuous, 1600 integer (1600 binary)
Coefficient statistics:
  Matrix range     [1e+00, 1e+00]
  Objective range  [0e+00, 0e+00]
  Bounds range     [1e+00, 1e+00]
  RHS range        [0e+00, 0e+00]

MIP start from previous solve did not produce a new incumbent solution

Presolve removed 2 rows and 235 columns
Presolve time: 0.01s
Presolved: 720 rows, 1365 columns, 4956 nonzeros
Variable types: 0 continuous, 1365 integer (1362 binary)

Root relaxation: objective 0.000000e+00, 2335 iterations, 0.14 seconds (0.16 work units)

    Nodes    |    Current Node    |     Objective Bounds      |     Work
 Expl Unexpl |  Obj  Depth IntInf | Incumbent    BestBd   Gap | It/Node Time

     0     0    0.00000    0  517          -    0.00000      -     -    0s
     0     0    0.00000    0  606          -    0.00000      -     -    0s
     0     0    0.00000    0  596          -    0.00000      -     -    0s
     0     0    0.00000    0  456          -    0.00000      -     -    1s
     0     0    0.00000    0  476          -    0.00000      -     -    1s
     0     0    0.00000    0  495          -    0.00000      -     -    1s
     0     0    0.00000    0  536          -    0.00000      -     -    1s
     0     0    0.00000    0  567          -    0.00000      -     -    1s
     0     0    0.00000    0  576          -    0.00000      -     -    1s
     0     0    0.00000    0  566          -    0.00000      -     -    2s
     0     0    0.00000    0  486          -    0.00000      -     -    2s
     0     2    0.00000    0  338          -    0.00000      -     -    3s
  1557   390    0.00000   23  605          -    0.00000      -  37.1    5s
  7116   546    0.00000   20  554          -    0.00000      -  37.4   10s
H 7118   519                       0.0000000    0.00000  0.00%  37.4   11s

Cutting planes:
  Gomory: 7
  Clique: 6
  Flow cover: 2
  Zero half: 103
  RLT: 3

Explored 7118 nodes (303382 simplex iterations) in 12.06 seconds (17.22 work units)
Thread count was 8 (of 8 available processors)

Solution count 1: 0 

Optimal solution found (tolerance 1.00e-04)
Best objective 0.000000000000e+00, best bound 0.000000000000e+00, gap 0.0000%

User-callback calls 15766, time in user-callback 0.00 sec
Gurobi Optimizer version 11.0.0 build v11.0.0rc2 (linux64 - "Debian GNU/Linux 11 (bullseye)")

CPU model: Intel(R) Core(TM) i7-4770 CPU @ 3.40GHz, instruction set [SSE2|AVX|AVX2]
Thread count: 4 physical cores, 8 logical processors, using up to 8 threads

Academic license 2483116 - for non-commercial use only - registered to ni___@fu-berlin.de
Optimize a model with 722 rows, 1600 columns and 5776 nonzeros
Model fingerprint: 0xf0e56118
Variable types: 0 continuous, 1600 integer (1600 binary)
Coefficient statistics:
  Matrix range     [1e+00, 1e+00]
  Objective range  [0e+00, 0e+00]
  Bounds range     [1e+00, 1e+00]
  RHS range        [0e+00, 0e+00]

MIP start from previous solve did not produce a new incumbent solution

Presolve removed 1 rows and 227 columns
Presolve time: 0.01s
Presolved: 721 rows, 1373 columns, 4984 nonzeros
Variable types: 0 continuous, 1373 integer (1371 binary)

Root relaxation: objective 0.000000e+00, 2118 iterations, 0.12 seconds (0.13 work units)

    Nodes    |    Current Node    |     Objective Bounds      |     Work
 Expl Unexpl |  Obj  Depth IntInf | Incumbent    BestBd   Gap | It/Node Time

     0     0    0.00000    0  548          -    0.00000      -     -    1s
     0     0    0.00000    0  685          -    0.00000      -     -    1s
     0     0    0.00000    0  675          -    0.00000      -     -    1s
     0     0    0.00000    0  507          -    0.00000      -     -    1s
     0     0    0.00000    0  606          -    0.00000      -     -    1s
H    0     0                       0.0000000    0.00000  0.00%     -    2s
     0     0    0.00000    0  473    0.00000    0.00000  0.00%     -    2s

Cutting planes:
  Clique: 2
  MIR: 2
  Zero half: 86

Explored 1 nodes (13178 simplex iterations) in 2.25 seconds (1.68 work units)
Thread count was 8 (of 8 available processors)

Solution count 1: 0 

Optimal solution found (tolerance 1.00e-04)
Best objective 0.000000000000e+00, best bound 0.000000000000e+00, gap 0.0000%

User-callback calls 483, time in user-callback 0.00 sec
Gurobi Optimizer version 11.0.0 build v11.0.0rc2 (linux64 - "Debian GNU/Linux 11 (bullseye)")

CPU model: Intel(R) Core(TM) i7-4770 CPU @ 3.40GHz, instruction set [SSE2|AVX|AVX2]
Thread count: 4 physical cores, 8 logical processors, using up to 8 threads

Academic license 2483116 - for non-commercial use only - registered to ni___@fu-berlin.de
Optimize a model with 722 rows, 1600 columns and 5776 nonzeros
Model fingerprint: 0x73def1cd
Variable types: 0 continuous, 1600 integer (1600 binary)
Coefficient statistics:
  Matrix range     [1e+00, 1e+00]
  Objective range  [0e+00, 0e+00]
  Bounds range     [1e+00, 1e+00]
  RHS range        [0e+00, 0e+00]

MIP start from previous solve did not produce a new incumbent solution

Presolve removed 3 rows and 230 columns
Presolve time: 0.03s
Presolved: 719 rows, 1370 columns, 4958 nonzeros
Variable types: 0 continuous, 1370 integer (1365 binary)

Root relaxation: objective 0.000000e+00, 2062 iterations, 0.16 seconds (0.13 work units)

    Nodes    |    Current Node    |     Objective Bounds      |     Work
 Expl Unexpl |  Obj  Depth IntInf | Incumbent    BestBd   Gap | It/Node Time

     0     0    0.00000    0  487          -    0.00000      -     -    0s
     0     0    0.00000    0  690          -    0.00000      -     -    0s
     0     0    0.00000    0  668          -    0.00000      -     -    0s
     0     0    0.00000    0  514          -    0.00000      -     -    1s
     0     0    0.00000    0  578          -    0.00000      -     -    1s
     0     0    0.00000    0  560          -    0.00000      -     -    1s
     0     0    0.00000    0  592          -    0.00000      -     -    1s
     0     0    0.00000    0  487          -    0.00000      -     -    1s
     0     0    0.00000    0  516          -    0.00000      -     -    1s
     0     0    0.00000    0  499          -    0.00000      -     -    2s
     0     0    0.00000    0  549          -    0.00000      -     -    2s
     0     0    0.00000    0  492          -    0.00000      -     -    2s
     0     0    0.00000    0  492          -    0.00000      -     -    3s
     0     2    0.00000    0  492          -    0.00000      -     -    4s
  1240   642    0.00000   14  571          -    0.00000      -  30.7    5s
* 9677   241              93       0.0000000    0.00000  0.00%  24.5    8s

Cutting planes:
  Cover: 271
  Clique: 1
  Inf proof: 19
  Zero half: 22
  RLT: 1

Explored 10161 nodes (266661 simplex iterations) in 8.11 seconds (11.03 work units)
Thread count was 8 (of 8 available processors)

Solution count 1: 0 

Optimal solution found (tolerance 1.00e-04)
Best objective 0.000000000000e+00, best bound 0.000000000000e+00, gap 0.0000%

User-callback calls 21492, time in user-callback 0.00 sec
Gurobi Optimizer version 11.0.0 build v11.0.0rc2 (linux64 - "Debian GNU/Linux 11 (bullseye)")

CPU model: Intel(R) Core(TM) i7-4770 CPU @ 3.40GHz, instruction set [SSE2|AVX|AVX2]
Thread count: 4 physical cores, 8 logical processors, using up to 8 threads

Academic license 2483116 - for non-commercial use only - registered to ni___@fu-berlin.de
Optimize a model with 722 rows, 1600 columns and 5776 nonzeros
Model fingerprint: 0x005dad63
Variable types: 0 continuous, 1600 integer (1600 binary)
Coefficient statistics:
  Matrix range     [1e+00, 1e+00]
  Objective range  [0e+00, 0e+00]
  Bounds range     [1e+00, 1e+00]
  RHS range        [0e+00, 0e+00]

MIP start from previous solve did not produce a new incumbent solution

Presolve removed 0 rows and 218 columns
Presolve time: 0.00s

Explored 0 nodes (0 simplex iterations) in 0.11 seconds (0.00 work units)
Thread count was 1 (of 8 available processors)

Solution count 0

Model is infeasible
Best objective -, best bound -, gap -

User-callback calls 37, time in user-callback 0.00 sec
Gurobi Optimizer version 11.0.0 build v11.0.0rc2 (linux64 - "Debian GNU/Linux 11 (bullseye)")

CPU model: Intel(R) Core(TM) i7-4770 CPU @ 3.40GHz, instruction set [SSE2|AVX|AVX2]
Thread count: 4 physical cores, 8 logical processors, using up to 8 threads

Academic license 2483116 - for non-commercial use only - registered to ni___@fu-berlin.de
Optimize a model with 722 rows, 1600 columns and 5776 nonzeros
Model fingerprint: 0x41bcbc3a
Variable types: 0 continuous, 1600 integer (1600 binary)
Coefficient statistics:
  Matrix range     [1e+00, 1e+00]
  Objective range  [0e+00, 0e+00]
  Bounds range     [1e+00, 1e+00]
  RHS range        [0e+00, 0e+00]

MIP start from previous solve did not produce a new incumbent solution

Presolve removed 4 rows and 226 columns
Presolve time: 0.04s
Presolved: 718 rows, 1374 columns, 5001 nonzeros
Variable types: 0 continuous, 1374 integer (1370 binary)

Root relaxation: objective 0.000000e+00, 2245 iterations, 0.18 seconds (0.15 work units)

    Nodes    |    Current Node    |     Objective Bounds      |     Work
 Expl Unexpl |  Obj  Depth IntInf | Incumbent    BestBd   Gap | It/Node Time

     0     0    0.00000    0  539          -    0.00000      -     -    0s
     0     0    0.00000    0  660          -    0.00000      -     -    0s
     0     0    0.00000    0  464          -    0.00000      -     -    1s
     0     0    0.00000    0  462          -    0.00000      -     -    1s
     0     0    0.00000    0  390          -    0.00000      -     -    1s
     0     0    0.00000    0  420          -    0.00000      -     -    1s
H    0     0                       0.0000000    0.00000  0.00%     -    2s
     0     0    0.00000    0  460    0.00000    0.00000  0.00%     -    2s

Cutting planes:
  Clique: 2
  Zero half: 79
  RLT: 4

Explored 1 nodes (17214 simplex iterations) in 2.21 seconds (2.18 work units)
Thread count was 8 (of 8 available processors)

Solution count 1: 0 

Optimal solution found (tolerance 1.00e-04)
Best objective 0.000000000000e+00, best bound 0.000000000000e+00, gap 0.0000%

User-callback calls 655, time in user-callback 0.00 sec
Gurobi Optimizer version 11.0.0 build v11.0.0rc2 (linux64 - "Debian GNU/Linux 11 (bullseye)")

CPU model: Intel(R) Core(TM) i7-4770 CPU @ 3.40GHz, instruction set [SSE2|AVX|AVX2]
Thread count: 4 physical cores, 8 logical processors, using up to 8 threads

Academic license 2483116 - for non-commercial use only - registered to ni___@fu-berlin.de
Optimize a model with 722 rows, 1600 columns and 5776 nonzeros
Model fingerprint: 0xa0078cec
Variable types: 0 continuous, 1600 integer (1600 binary)
Coefficient statistics:
  Matrix range     [1e+00, 1e+00]
  Objective range  [0e+00, 0e+00]
  Bounds range     [1e+00, 1e+00]
  RHS range        [0e+00, 0e+00]

MIP start from previous solve did not produce a new incumbent solution

Presolve removed 8 rows and 247 columns
Presolve time: 0.01s
Presolved: 714 rows, 1353 columns, 4932 nonzeros
Variable types: 0 continuous, 1353 integer (1348 binary)

Root relaxation: objective 0.000000e+00, 2087 iterations, 0.14 seconds (0.14 work units)

    Nodes    |    Current Node    |     Objective Bounds      |     Work
 Expl Unexpl |  Obj  Depth IntInf | Incumbent    BestBd   Gap | It/Node Time

     0     0    0.00000    0  582          -    0.00000      -     -    0s
     0     0    0.00000    0  665          -    0.00000      -     -    0s
     0     0    0.00000    0  651          -    0.00000      -     -    0s
     0     0    0.00000    0  562          -    0.00000      -     -    1s
     0     0    0.00000    0  561          -    0.00000      -     -    1s
     0     0    0.00000    0  525          -    0.00000      -     -    1s
     0     0    0.00000    0  532          -    0.00000      -     -    1s
     0     0    0.00000    0  582          -    0.00000      -     -    2s
     0     0    0.00000    0  572          -    0.00000      -     -    2s
     0     0    0.00000    0  433          -    0.00000      -     -    2s
     0     0    0.00000    0  476          -    0.00000      -     -    2s
     0     0    0.00000    0  288          -    0.00000      -     -    2s
     0     0    0.00000    0  339          -    0.00000      -     -    2s
     0     0    0.00000    0  211          -    0.00000      -     -    3s
     0     0    0.00000    0  252          -    0.00000      -     -    3s
     0     0    0.00000    0  298          -    0.00000      -     -    3s
     0     0    0.00000    0  298          -    0.00000      -     -    3s
     0     2    0.00000    0  217          -    0.00000      -     -    4s
    11    16    0.00000    4  613          -    0.00000      -   245    5s
  2078   739    0.00000   31  582          -    0.00000      -  94.2   10s
  4283   841    0.00000   24  580          -    0.00000      -  91.3   15s
H 4291   803                       0.0000000    0.00000  0.00%  91.1   19s

Cutting planes:
  Gomory: 3
  Cover: 1
  Clique: 1
  Flow cover: 1
  Zero half: 79
  RLT: 2

Explored 4291 nodes (453882 simplex iterations) in 19.17 seconds (26.40 work units)
Thread count was 8 (of 8 available processors)

Solution count 1: 0 

Optimal solution found (tolerance 1.00e-04)
Best objective 0.000000000000e+00, best bound 0.000000000000e+00, gap 0.0000%

User-callback calls 10642, time in user-callback 0.00 sec
Gurobi Optimizer version 11.0.0 build v11.0.0rc2 (linux64 - "Debian GNU/Linux 11 (bullseye)")

CPU model: Intel(R) Core(TM) i7-4770 CPU @ 3.40GHz, instruction set [SSE2|AVX|AVX2]
Thread count: 4 physical cores, 8 logical processors, using up to 8 threads

Academic license 2483116 - for non-commercial use only - registered to ni___@fu-berlin.de
Optimize a model with 722 rows, 1600 columns and 5776 nonzeros
Model fingerprint: 0x48464397
Variable types: 0 continuous, 1600 integer (1600 binary)
Coefficient statistics:
  Matrix range     [1e+00, 1e+00]
  Objective range  [0e+00, 0e+00]
  Bounds range     [1e+00, 1e+00]
  RHS range        [0e+00, 0e+00]

MIP start from previous solve did not produce a new incumbent solution

Presolve removed 11 rows and 254 columns
Presolve time: 0.01s
Presolved: 711 rows, 1346 columns, 4890 nonzeros
Variable types: 0 continuous, 1346 integer (1344 binary)

Root relaxation: objective 0.000000e+00, 1999 iterations, 0.11 seconds (0.12 work units)

    Nodes    |    Current Node    |     Objective Bounds      |     Work
 Expl Unexpl |  Obj  Depth IntInf | Incumbent    BestBd   Gap | It/Node Time

     0     0    0.00000    0  449          -    0.00000      -     -    0s
     0     0    0.00000    0  600          -    0.00000      -     -    0s
     0     0    0.00000    0  602          -    0.00000      -     -    0s
     0     0    0.00000    0  497          -    0.00000      -     -    1s
     0     0    0.00000    0  580          -    0.00000      -     -    1s
     0     0    0.00000    0  477          -    0.00000      -     -    1s
     0     0    0.00000    0  573          -    0.00000      -     -    1s
     0     0    0.00000    0  386          -    0.00000      -     -    2s
     0     0    0.00000    0  486          -    0.00000      -     -    2s
     0     0    0.00000    0  379          -    0.00000      -     -    2s
     0     0    0.00000    0  490          -    0.00000      -     -    2s
     0     0    0.00000    0  496          -    0.00000      -     -    2s
     0     0    0.00000    0  309          -    0.00000      -     -    3s
     0     2    0.00000    0  302          -    0.00000      -     -    3s
   123   236    0.00000    9  641          -    0.00000      -   213    5s
  2698   801    0.00000   25  444          -    0.00000      -  53.2   10s
H 2699   761                       0.0000000    0.00000  0.00%  53.2   11s

Cutting planes:
  Gomory: 4
  Cover: 2
  Clique: 5
  Flow cover: 1
  Zero half: 110
  RLT: 7

Explored 2699 nodes (188016 simplex iterations) in 11.04 seconds (13.73 work units)
Thread count was 8 (of 8 available processors)

Solution count 1: 0 

Optimal solution found (tolerance 1.00e-04)
Best objective 0.000000000000e+00, best bound 0.000000000000e+00, gap 0.0000%

User-callback calls 7063, time in user-callback 0.00 sec
Gurobi Optimizer version 11.0.0 build v11.0.0rc2 (linux64 - "Debian GNU/Linux 11 (bullseye)")

CPU model: Intel(R) Core(TM) i7-4770 CPU @ 3.40GHz, instruction set [SSE2|AVX|AVX2]
Thread count: 4 physical cores, 8 logical processors, using up to 8 threads

Academic license 2483116 - for non-commercial use only - registered to ni___@fu-berlin.de
Optimize a model with 722 rows, 1600 columns and 5776 nonzeros
Model fingerprint: 0xc553dfcd
Variable types: 0 continuous, 1600 integer (1600 binary)
Coefficient statistics:
  Matrix range     [1e+00, 1e+00]
  Objective range  [0e+00, 0e+00]
  Bounds range     [1e+00, 1e+00]
  RHS range        [0e+00, 0e+00]

MIP start from previous solve did not produce a new incumbent solution

Presolve removed 2 rows and 228 columns
Presolve time: 0.01s
Presolved: 720 rows, 1372 columns, 4985 nonzeros
Variable types: 0 continuous, 1372 integer (1370 binary)

Root relaxation: objective 0.000000e+00, 2350 iterations, 0.14 seconds (0.16 work units)

    Nodes    |    Current Node    |     Objective Bounds      |     Work
 Expl Unexpl |  Obj  Depth IntInf | Incumbent    BestBd   Gap | It/Node Time

     0     0    0.00000    0  517          -    0.00000      -     -    0s
     0     0    0.00000    0  628          -    0.00000      -     -    0s
     0     0    0.00000    0  618          -    0.00000      -     -    0s
     0     0    0.00000    0  511          -    0.00000      -     -    1s
     0     0    0.00000    0  567          -    0.00000      -     -    1s
H    0     0                       0.0000000    0.00000  0.00%     -    1s
     0     0    0.00000    0  409    0.00000    0.00000  0.00%     -    1s

Cutting planes:
  Zero half: 78
  RLT: 2

Explored 1 nodes (13251 simplex iterations) in 1.70 seconds (1.70 work units)
Thread count was 8 (of 8 available processors)

Solution count 1: 0 

Optimal solution found (tolerance 1.00e-04)
Best objective 0.000000000000e+00, best bound 0.000000000000e+00, gap 0.0000%

User-callback calls 493, time in user-callback 0.00 sec
Gurobi Optimizer version 11.0.0 build v11.0.0rc2 (linux64 - "Debian GNU/Linux 11 (bullseye)")

CPU model: Intel(R) Core(TM) i7-4770 CPU @ 3.40GHz, instruction set [SSE2|AVX|AVX2]
Thread count: 4 physical cores, 8 logical processors, using up to 8 threads

Academic license 2483116 - for non-commercial use only - registered to ni___@fu-berlin.de
Optimize a model with 722 rows, 1600 columns and 5776 nonzeros
Model fingerprint: 0xcd1615c6
Variable types: 0 continuous, 1600 integer (1600 binary)
Coefficient statistics:
  Matrix range     [1e+00, 1e+00]
  Objective range  [0e+00, 0e+00]
  Bounds range     [1e+00, 1e+00]
  RHS range        [0e+00, 0e+00]

MIP start from previous solve did not produce a new incumbent solution

Presolve removed 2 rows and 232 columns
Presolve time: 0.01s
Presolved: 720 rows, 1368 columns, 4963 nonzeros
Variable types: 0 continuous, 1368 integer (1365 binary)

Root relaxation: objective 0.000000e+00, 2114 iterations, 0.12 seconds (0.14 work units)

    Nodes    |    Current Node    |     Objective Bounds      |     Work
 Expl Unexpl |  Obj  Depth IntInf | Incumbent    BestBd   Gap | It/Node Time

     0     0    0.00000    0  517          -    0.00000      -     -    0s
     0     0    0.00000    0  591          -    0.00000      -     -    0s
     0     0    0.00000    0  597          -    0.00000      -     -    0s
     0     0    0.00000    0  557          -    0.00000      -     -    1s
     0     0    0.00000    0  591          -    0.00000      -     -    1s
     0     0    0.00000    0  534          -    0.00000      -     -    1s
     0     0    0.00000    0  601          -    0.00000      -     -    1s
H    0     0                       0.0000000    0.00000  0.00%     -    2s
     0     0    0.00000    0  410    0.00000    0.00000  0.00%     -    2s

Cutting planes:
  Zero half: 90

Explored 1 nodes (16057 simplex iterations) in 2.11 seconds (2.03 work units)
Thread count was 8 (of 8 available processors)

Solution count 1: 0 

Optimal solution found (tolerance 1.00e-04)
Best objective 0.000000000000e+00, best bound 0.000000000000e+00, gap 0.0000%

User-callback calls 505, time in user-callback 0.00 sec
Gurobi Optimizer version 11.0.0 build v11.0.0rc2 (linux64 - "Debian GNU/Linux 11 (bullseye)")

CPU model: Intel(R) Core(TM) i7-4770 CPU @ 3.40GHz, instruction set [SSE2|AVX|AVX2]
Thread count: 4 physical cores, 8 logical processors, using up to 8 threads

Academic license 2483116 - for non-commercial use only - registered to ni___@fu-berlin.de
Optimize a model with 722 rows, 1600 columns and 5776 nonzeros
Model fingerprint: 0xe4683ea5
Variable types: 0 continuous, 1600 integer (1600 binary)
Coefficient statistics:
  Matrix range     [1e+00, 1e+00]
  Objective range  [0e+00, 0e+00]
  Bounds range     [1e+00, 1e+00]
  RHS range        [0e+00, 0e+00]

MIP start from previous solve did not produce a new incumbent solution

Presolve removed 4 rows and 242 columns
Presolve time: 0.01s
Presolved: 718 rows, 1358 columns, 4956 nonzeros
Variable types: 0 continuous, 1358 integer (1353 binary)

Root relaxation: objective 0.000000e+00, 2255 iterations, 0.13 seconds (0.15 work units)

    Nodes    |    Current Node    |     Objective Bounds      |     Work
 Expl Unexpl |  Obj  Depth IntInf | Incumbent    BestBd   Gap | It/Node Time

     0     0    0.00000    0  623          -    0.00000      -     -    0s
     0     0    0.00000    0  674          -    0.00000      -     -    0s
     0     0    0.00000    0  663          -    0.00000      -     -    0s
     0     0    0.00000    0  528          -    0.00000      -     -    1s
     0     0    0.00000    0  574          -    0.00000      -     -    1s
H    0     0                       0.0000000    0.00000  0.00%     -    1s
     0     0    0.00000    0  493    0.00000    0.00000  0.00%     -    1s

Cutting planes:
  Clique: 2
  Zero half: 92
  RLT: 2

Explored 1 nodes (13706 simplex iterations) in 1.70 seconds (1.75 work units)
Thread count was 8 (of 8 available processors)

Solution count 1: 0 

Optimal solution found (tolerance 1.00e-04)
Best objective 0.000000000000e+00, best bound 0.000000000000e+00, gap 0.0000%

User-callback calls 556, time in user-callback 0.00 sec
Gurobi Optimizer version 11.0.0 build v11.0.0rc2 (linux64 - "Debian GNU/Linux 11 (bullseye)")

CPU model: Intel(R) Core(TM) i7-4770 CPU @ 3.40GHz, instruction set [SSE2|AVX|AVX2]
Thread count: 4 physical cores, 8 logical processors, using up to 8 threads

Academic license 2483116 - for non-commercial use only - registered to ni___@fu-berlin.de
Optimize a model with 722 rows, 1600 columns and 5776 nonzeros
Model fingerprint: 0xd2c1ea02
Variable types: 0 continuous, 1600 integer (1600 binary)
Coefficient statistics:
  Matrix range     [1e+00, 1e+00]
  Objective range  [0e+00, 0e+00]
  Bounds range     [1e+00, 1e+00]
  RHS range        [0e+00, 0e+00]

MIP start from previous solve did not produce a new incumbent solution

Presolve removed 13 rows and 256 columns
Presolve time: 0.02s
Presolved: 709 rows, 1344 columns, 4868 nonzeros
Variable types: 0 continuous, 1344 integer (1340 binary)

Root relaxation: objective 0.000000e+00, 2313 iterations, 0.17 seconds (0.15 work units)

    Nodes    |    Current Node    |     Objective Bounds      |     Work
 Expl Unexpl |  Obj  Depth IntInf | Incumbent    BestBd   Gap | It/Node Time

     0     0    0.00000    0  516          -    0.00000      -     -    0s
     0     0    0.00000    0  628          -    0.00000      -     -    0s
     0     0    0.00000    0  617          -    0.00000      -     -    0s
     0     0    0.00000    0  501          -    0.00000      -     -    1s
     0     0    0.00000    0  488          -    0.00000      -     -    1s
     0     0    0.00000    0  508          -    0.00000      -     -    1s
     0     0    0.00000    0  553          -    0.00000      -     -    1s
     0     0    0.00000    0  501          -    0.00000      -     -    1s
     0     0    0.00000    0  545          -    0.00000      -     -    1s
     0     0    0.00000    0  562          -    0.00000      -     -    2s
     0     0    0.00000    0  602          -    0.00000      -     -    2s
     0     0    0.00000    0  568          -    0.00000      -     -    2s
     0     0    0.00000    0  503          -    0.00000      -     -    3s
     0     2    0.00000    0  429          -    0.00000      -     -    3s
   868   248    0.00000   30  509          -    0.00000      -  46.0    5s
H 4178   466                       0.0000000    0.00000  0.00%  52.6    8s

Cutting planes:
  Cover: 272
  Clique: 2
  Inf proof: 18
  Zero half: 31
  RLT: 6

Explored 5806 nodes (254418 simplex iterations) in 8.11 seconds (11.55 work units)
Thread count was 8 (of 8 available processors)

Solution count 1: 0 

Optimal solution found (tolerance 1.00e-04)
Best objective 0.000000000000e+00, best bound 0.000000000000e+00, gap 0.0000%

User-callback calls 13037, time in user-callback 0.00 sec
Gurobi Optimizer version 11.0.0 build v11.0.0rc2 (linux64 - "Debian GNU/Linux 11 (bullseye)")

CPU model: Intel(R) Core(TM) i7-4770 CPU @ 3.40GHz, instruction set [SSE2|AVX|AVX2]
Thread count: 4 physical cores, 8 logical processors, using up to 8 threads

Academic license 2483116 - for non-commercial use only - registered to ni___@fu-berlin.de
Optimize a model with 722 rows, 1600 columns and 5776 nonzeros
Model fingerprint: 0xa391e30a
Variable types: 0 continuous, 1600 integer (1600 binary)
Coefficient statistics:
  Matrix range     [1e+00, 1e+00]
  Objective range  [0e+00, 0e+00]
  Bounds range     [1e+00, 1e+00]
  RHS range        [0e+00, 0e+00]

MIP start from previous solve did not produce a new incumbent solution

Presolve removed 0 rows and 216 columns
Presolve time: 0.00s

Explored 0 nodes (0 simplex iterations) in 0.06 seconds (0.00 work units)
Thread count was 1 (of 8 available processors)

Solution count 0

Model is infeasible
Best objective -, best bound -, gap -

User-callback calls 37, time in user-callback 0.00 sec
Gurobi Optimizer version 11.0.0 build v11.0.0rc2 (linux64 - "Debian GNU/Linux 11 (bullseye)")

CPU model: Intel(R) Core(TM) i7-4770 CPU @ 3.40GHz, instruction set [SSE2|AVX|AVX2]
Thread count: 4 physical cores, 8 logical processors, using up to 8 threads

Academic license 2483116 - for non-commercial use only - registered to ni___@fu-berlin.de
Optimize a model with 722 rows, 1600 columns and 5776 nonzeros
Model fingerprint: 0x6ad5a03a
Variable types: 0 continuous, 1600 integer (1600 binary)
Coefficient statistics:
  Matrix range     [1e+00, 1e+00]
  Objective range  [0e+00, 0e+00]
  Bounds range     [1e+00, 1e+00]
  RHS range        [0e+00, 0e+00]

MIP start from previous solve did not produce a new incumbent solution

Presolve removed 0 rows and 221 columns
Presolve time: 0.00s

Explored 0 nodes (0 simplex iterations) in 0.05 seconds (0.00 work units)
Thread count was 1 (of 8 available processors)

Solution count 0

Model is infeasible
Best objective -, best bound -, gap -

User-callback calls 37, time in user-callback 0.00 sec
Gurobi Optimizer version 11.0.0 build v11.0.0rc2 (linux64 - "Debian GNU/Linux 11 (bullseye)")

CPU model: Intel(R) Core(TM) i7-4770 CPU @ 3.40GHz, instruction set [SSE2|AVX|AVX2]
Thread count: 4 physical cores, 8 logical processors, using up to 8 threads

Academic license 2483116 - for non-commercial use only - registered to ni___@fu-berlin.de
Optimize a model with 722 rows, 1600 columns and 5776 nonzeros
Model fingerprint: 0xe4cf6bea
Variable types: 0 continuous, 1600 integer (1600 binary)
Coefficient statistics:
  Matrix range     [1e+00, 1e+00]
  Objective range  [0e+00, 0e+00]
  Bounds range     [1e+00, 1e+00]
  RHS range        [0e+00, 0e+00]

MIP start from previous solve did not produce a new incumbent solution

Presolve removed 13 rows and 251 columns
Presolve time: 0.00s

Explored 0 nodes (0 simplex iterations) in 0.05 seconds (0.00 work units)
Thread count was 1 (of 8 available processors)

Solution count 0

Model is infeasible
Best objective -, best bound -, gap -

User-callback calls 67, time in user-callback 0.00 sec
Gurobi Optimizer version 11.0.0 build v11.0.0rc2 (linux64 - "Debian GNU/Linux 11 (bullseye)")

CPU model: Intel(R) Core(TM) i7-4770 CPU @ 3.40GHz, instruction set [SSE2|AVX|AVX2]
Thread count: 4 physical cores, 8 logical processors, using up to 8 threads

Academic license 2483116 - for non-commercial use only - registered to ni___@fu-berlin.de
Optimize a model with 722 rows, 1600 columns and 5776 nonzeros
Model fingerprint: 0x99896f0a
Variable types: 0 continuous, 1600 integer (1600 binary)
Coefficient statistics:
  Matrix range     [1e+00, 1e+00]
  Objective range  [0e+00, 0e+00]
  Bounds range     [1e+00, 1e+00]
  RHS range        [0e+00, 0e+00]

MIP start from previous solve did not produce a new incumbent solution

Presolve removed 5 rows and 233 columns
Presolve time: 0.01s
Presolved: 717 rows, 1367 columns, 4958 nonzeros
Variable types: 0 continuous, 1367 integer (1364 binary)

Root relaxation: objective 0.000000e+00, 2347 iterations, 0.14 seconds (0.16 work units)

    Nodes    |    Current Node    |     Objective Bounds      |     Work
 Expl Unexpl |  Obj  Depth IntInf | Incumbent    BestBd   Gap | It/Node Time

     0     0    0.00000    0  528          -    0.00000      -     -    0s
     0     0    0.00000    0  672          -    0.00000      -     -    0s
     0     0    0.00000    0  659          -    0.00000      -     -    0s
     0     0    0.00000    0  470          -    0.00000      -     -    1s
     0     0    0.00000    0  484          -    0.00000      -     -    1s
     0     0    0.00000    0  419          -    0.00000      -     -    1s
     0     0    0.00000    0  448          -    0.00000      -     -    1s
     0     0    0.00000    0  405          -    0.00000      -     -    2s
     0     0    0.00000    0  490          -    0.00000      -     -    2s
     0     0    0.00000    0  453          -    0.00000      -     -    2s
     0     0    0.00000    0  515          -    0.00000      -     -    2s
     0     0    0.00000    0  479          -    0.00000      -     -    2s
     0     0    0.00000    0  468          -    0.00000      -     -    3s
     0     2    0.00000    0  468          -    0.00000      -     -    3s
   521   216    0.00000   40  543          -    0.00000      -  57.2    5s
  2520   399    0.00000   27  596          -    0.00000      -  58.9   10s
H 2520   378                       0.0000000    0.00000  0.00%  58.9   10s

Cutting planes:
  Gomory: 2
  Cover: 3
  Clique: 4
  Flow cover: 1
  Zero half: 76
  RLT: 5

Explored 2520 nodes (189299 simplex iterations) in 10.54 seconds (14.19 work units)
Thread count was 8 (of 8 available processors)

Solution count 1: 0 

Optimal solution found (tolerance 1.00e-04)
Best objective 0.000000000000e+00, best bound 0.000000000000e+00, gap 0.0000%

User-callback calls 6471, time in user-callback 0.00 sec
Gurobi Optimizer version 11.0.0 build v11.0.0rc2 (linux64 - "Debian GNU/Linux 11 (bullseye)")

CPU model: Intel(R) Core(TM) i7-4770 CPU @ 3.40GHz, instruction set [SSE2|AVX|AVX2]
Thread count: 4 physical cores, 8 logical processors, using up to 8 threads

Academic license 2483116 - for non-commercial use only - registered to ni___@fu-berlin.de
Optimize a model with 722 rows, 1600 columns and 5776 nonzeros
Model fingerprint: 0x0b199d68
Variable types: 0 continuous, 1600 integer (1600 binary)
Coefficient statistics:
  Matrix range     [1e+00, 1e+00]
  Objective range  [0e+00, 0e+00]
  Bounds range     [1e+00, 1e+00]
  RHS range        [0e+00, 0e+00]

MIP start from previous solve did not produce a new incumbent solution

Presolve removed 3 rows and 237 columns
Presolve time: 0.01s
Presolved: 719 rows, 1363 columns, 4950 nonzeros
Variable types: 0 continuous, 1363 integer (1359 binary)
Warning: Markowitz tolerance tightened to 0.03125

Root relaxation: objective 0.000000e+00, 2176 iterations, 0.13 seconds (0.15 work units)

    Nodes    |    Current Node    |     Objective Bounds      |     Work
 Expl Unexpl |  Obj  Depth IntInf | Incumbent    BestBd   Gap | It/Node Time

     0     0    0.00000    0  534          -    0.00000      -     -    0s
     0     0    0.00000    0  597          -    0.00000      -     -    0s
     0     0    0.00000    0  588          -    0.00000      -     -    0s
     0     0    0.00000    0  486          -    0.00000      -     -    1s
     0     0    0.00000    0  524          -    0.00000      -     -    1s
     0     0    0.00000    0  507          -    0.00000      -     -    1s
     0     0    0.00000    0  584          -    0.00000      -     -    1s
     0     0    0.00000    0  465          -    0.00000      -     -    2s
     0     0    0.00000    0  521          -    0.00000      -     -    2s
H    0     0                       0.0000000    0.00000  0.00%     -    2s
     0     0    0.00000    0  434    0.00000    0.00000  0.00%     -    2s

Cutting planes:
  MIR: 2
  Zero half: 100
  RLT: 5

Explored 1 nodes (21062 simplex iterations) in 2.59 seconds (2.69 work units)
Thread count was 8 (of 8 available processors)

Solution count 1: 0 

Optimal solution found (tolerance 1.00e-04)
Best objective 0.000000000000e+00, best bound 0.000000000000e+00, gap 0.0000%

User-callback calls 599, time in user-callback 0.00 sec
Gurobi Optimizer version 11.0.0 build v11.0.0rc2 (linux64 - "Debian GNU/Linux 11 (bullseye)")

CPU model: Intel(R) Core(TM) i7-4770 CPU @ 3.40GHz, instruction set [SSE2|AVX|AVX2]
Thread count: 4 physical cores, 8 logical processors, using up to 8 threads

Academic license 2483116 - for non-commercial use only - registered to ni___@fu-berlin.de
Optimize a model with 722 rows, 1600 columns and 5776 nonzeros
Model fingerprint: 0xe2bf2dee
Variable types: 0 continuous, 1600 integer (1600 binary)
Coefficient statistics:
  Matrix range     [1e+00, 1e+00]
  Objective range  [0e+00, 0e+00]
  Bounds range     [1e+00, 1e+00]
  RHS range        [0e+00, 0e+00]

MIP start from previous solve did not produce a new incumbent solution

Presolve removed 4 rows and 236 columns
Presolve time: 0.01s
Presolved: 718 rows, 1364 columns, 4963 nonzeros
Variable types: 0 continuous, 1364 integer (1361 binary)

Root relaxation: objective 0.000000e+00, 2287 iterations, 0.14 seconds (0.16 work units)

    Nodes    |    Current Node    |     Objective Bounds      |     Work
 Expl Unexpl |  Obj  Depth IntInf | Incumbent    BestBd   Gap | It/Node Time

     0     0    0.00000    0  559          -    0.00000      -     -    0s
     0     0    0.00000    0  625          -    0.00000      -     -    0s
     0     0    0.00000    0  637          -    0.00000      -     -    0s
     0     0    0.00000    0  586          -    0.00000      -     -    1s
     0     0    0.00000    0  636          -    0.00000      -     -    1s
     0     0    0.00000    0  576          -    0.00000      -     -    1s
     0     0    0.00000    0  568          -    0.00000      -     -    1s
     0     0    0.00000    0  529          -    0.00000      -     -    2s
     0     0    0.00000    0  585          -    0.00000      -     -    2s
     0     0    0.00000    0  584          -    0.00000      -     -    2s
     0     0    0.00000    0  584          -    0.00000      -     -    2s
     0     2    0.00000    0  561          -    0.00000      -     -    3s
  1189   391 infeasible   53               -    0.00000      -  40.7    5s
  7326   570    0.00000   50  586          -    0.00000      -  34.4   10s
  7339   579    0.00000   22  602          -    0.00000      -  34.4   15s
  7805  1250    0.00000   36  650          -    0.00000      -   8.9   20s
* 8465   797              64       0.0000000    0.00000  0.00%  12.0   20s

Cutting planes:
  Flow cover: 1
  Zero half: 8

Explored 9642 nodes (407107 simplex iterations) in 21.21 seconds (24.88 work units)
Thread count was 8 (of 8 available processors)

Solution count 1: 0 

Optimal solution found (tolerance 1.00e-04)
Best objective 0.000000000000e+00, best bound 0.000000000000e+00, gap 0.0000%

User-callback calls 22541, time in user-callback 0.00 sec
Gurobi Optimizer version 11.0.0 build v11.0.0rc2 (linux64 - "Debian GNU/Linux 11 (bullseye)")

CPU model: Intel(R) Core(TM) i7-4770 CPU @ 3.40GHz, instruction set [SSE2|AVX|AVX2]
Thread count: 4 physical cores, 8 logical processors, using up to 8 threads

Academic license 2483116 - for non-commercial use only - registered to ni___@fu-berlin.de
Optimize a model with 722 rows, 1600 columns and 5776 nonzeros
Model fingerprint: 0x06a6f49e
Variable types: 0 continuous, 1600 integer (1600 binary)
Coefficient statistics:
  Matrix range     [1e+00, 1e+00]
  Objective range  [0e+00, 0e+00]
  Bounds range     [1e+00, 1e+00]
  RHS range        [0e+00, 0e+00]

MIP start from previous solve did not produce a new incumbent solution

Presolve removed 114 rows and 448 columns
Presolve time: 0.02s
Presolved: 608 rows, 1152 columns, 4115 nonzeros
Variable types: 0 continuous, 1152 integer (1147 binary)

Root relaxation: objective 0.000000e+00, 1759 iterations, 0.08 seconds (0.08 work units)

    Nodes    |    Current Node    |     Objective Bounds      |     Work
 Expl Unexpl |  Obj  Depth IntInf | Incumbent    BestBd   Gap | It/Node Time

     0     0    0.00000    0  397          -    0.00000      -     -    0s
     0     0    0.00000    0  526          -    0.00000      -     -    0s
     0     0    0.00000    0  526          -    0.00000      -     -    0s
     0     0    0.00000    0  336          -    0.00000      -     -    0s
     0     0    0.00000    0  427          -    0.00000      -     -    0s
H    0     0                       0.0000000    0.00000  0.00%     -    1s
     0     0    0.00000    0  326    0.00000    0.00000  0.00%     -    1s

Cutting planes:
  Gomory: 1
  Cover: 4
  Clique: 11
  MIR: 1
  StrongCG: 1
  Zero half: 115
  RLT: 6

Explored 1 nodes (10453 simplex iterations) in 1.16 seconds (1.03 work units)
Thread count was 8 (of 8 available processors)

Solution count 1: 0 

Optimal solution found (tolerance 1.00e-04)
Best objective 0.000000000000e+00, best bound 0.000000000000e+00, gap 0.0000%

User-callback calls 1042, time in user-callback 0.00 sec
Gurobi Optimizer version 11.0.0 build v11.0.0rc2 (linux64 - "Debian GNU/Linux 11 (bullseye)")

CPU model: Intel(R) Core(TM) i7-4770 CPU @ 3.40GHz, instruction set [SSE2|AVX|AVX2]
Thread count: 4 physical cores, 8 logical processors, using up to 8 threads

Academic license 2483116 - for non-commercial use only - registered to ni___@fu-berlin.de
Optimize a model with 722 rows, 1600 columns and 5776 nonzeros
Model fingerprint: 0x4df395f4
Variable types: 0 continuous, 1600 integer (1600 binary)
Coefficient statistics:
  Matrix range     [1e+00, 1e+00]
  Objective range  [0e+00, 0e+00]
  Bounds range     [1e+00, 1e+00]
  RHS range        [0e+00, 0e+00]

MIP start from previous solve did not produce a new incumbent solution

Presolve removed 14 rows and 267 columns
Presolve time: 0.01s
Presolved: 708 rows, 1333 columns, 4855 nonzeros
Variable types: 0 continuous, 1333 integer (1330 binary)

Root relaxation: objective 0.000000e+00, 2257 iterations, 0.13 seconds (0.15 work units)

    Nodes    |    Current Node    |     Objective Bounds      |     Work
 Expl Unexpl |  Obj  Depth IntInf | Incumbent    BestBd   Gap | It/Node Time

     0     0    0.00000    0  456          -    0.00000      -     -    0s
     0     0    0.00000    0  655          -    0.00000      -     -    0s
     0     0    0.00000    0  636          -    0.00000      -     -    0s
     0     0    0.00000    0  420          -    0.00000      -     -    1s
     0     0    0.00000    0  426          -    0.00000      -     -    1s
     0     0    0.00000    0  453          -    0.00000      -     -    1s
     0     0    0.00000    0  465          -    0.00000      -     -    2s
     0     0    0.00000    0  473          -    0.00000      -     -    2s
H    0     0                       0.0000000    0.00000  0.00%     -    2s
     0     0    0.00000    0  400    0.00000    0.00000  0.00%     -    2s

Cutting planes:
  Cover: 1
  Clique: 2
  MIR: 1
  Zero half: 84
  RLT: 1

Explored 1 nodes (20454 simplex iterations) in 2.58 seconds (2.55 work units)
Thread count was 8 (of 8 available processors)

Solution count 1: 0 

Optimal solution found (tolerance 1.00e-04)
Best objective 0.000000000000e+00, best bound 0.000000000000e+00, gap 0.0000%

User-callback calls 702, time in user-callback 0.00 sec
Gurobi Optimizer version 11.0.0 build v11.0.0rc2 (linux64 - "Debian GNU/Linux 11 (bullseye)")

CPU model: Intel(R) Core(TM) i7-4770 CPU @ 3.40GHz, instruction set [SSE2|AVX|AVX2]
Thread count: 4 physical cores, 8 logical processors, using up to 8 threads

Academic license 2483116 - for non-commercial use only - registered to ni___@fu-berlin.de
Optimize a model with 722 rows, 1600 columns and 5776 nonzeros
Model fingerprint: 0xf201e2f3
Variable types: 0 continuous, 1600 integer (1600 binary)
Coefficient statistics:
  Matrix range     [1e+00, 1e+00]
  Objective range  [0e+00, 0e+00]
  Bounds range     [1e+00, 1e+00]
  RHS range        [0e+00, 0e+00]

MIP start from previous solve did not produce a new incumbent solution

Presolve removed 6 rows and 233 columns
Presolve time: 0.01s
Presolved: 716 rows, 1367 columns, 4959 nonzeros
Variable types: 0 continuous, 1367 integer (1363 binary)

Root relaxation: objective 0.000000e+00, 2150 iterations, 0.14 seconds (0.14 work units)

    Nodes    |    Current Node    |     Objective Bounds      |     Work
 Expl Unexpl |  Obj  Depth IntInf | Incumbent    BestBd   Gap | It/Node Time

     0     0    0.00000    0  456          -    0.00000      -     -    0s
     0     0    0.00000    0  612          -    0.00000      -     -    0s
     0     0    0.00000    0  534          -    0.00000      -     -    1s
     0     0    0.00000    0  579          -    0.00000      -     -    1s
     0     0    0.00000    0  395          -    0.00000      -     -    1s
     0     0    0.00000    0  472          -    0.00000      -     -    1s
     0     0    0.00000    0  435          -    0.00000      -     -    2s
     0     0    0.00000    0  496          -    0.00000      -     -    2s
     0     0    0.00000    0  475          -    0.00000      -     -    2s
     0     0    0.00000    0  486          -    0.00000      -     -    2s
     0     0    0.00000    0  338          -    0.00000      -     -    3s
     0     0    0.00000    0  418          -    0.00000      -     -    3s
     0     0    0.00000    0  353          -    0.00000      -     -    3s
     0     0    0.00000    0  353          -    0.00000      -     -    3s
     0     2    0.00000    0  326          -    0.00000      -     -    4s
   220   321    0.00000   30  642          -    0.00000      -  77.4    5s
  5097   635    0.00000   79  275          -    0.00000      -  62.9   10s
  7090   674    0.00000   33  553          -    0.00000      -  66.0   15s
  7104   684    0.00000   26  489          -    0.00000      -  65.9   20s
H 7818  1260                       0.0000000    0.00000  0.00%  10.4   24s

Cutting planes:
  Clique: 1
  Zero half: 15
  RLT: 1

Explored 8807 nodes (601375 simplex iterations) in 24.57 seconds (32.24 work units)
Thread count was 8 (of 8 available processors)

Solution count 1: 0 

Optimal solution found (tolerance 1.00e-04)
Best objective 0.000000000000e+00, best bound 0.000000000000e+00, gap 0.0000%

User-callback calls 20405, time in user-callback 0.00 sec
Gurobi Optimizer version 11.0.0 build v11.0.0rc2 (linux64 - "Debian GNU/Linux 11 (bullseye)")

CPU model: Intel(R) Core(TM) i7-4770 CPU @ 3.40GHz, instruction set [SSE2|AVX|AVX2]
Thread count: 4 physical cores, 8 logical processors, using up to 8 threads

Academic license 2483116 - for non-commercial use only - registered to ni___@fu-berlin.de
Optimize a model with 722 rows, 1600 columns and 5776 nonzeros
Model fingerprint: 0xef515464
Variable types: 0 continuous, 1600 integer (1600 binary)
Coefficient statistics:
  Matrix range     [1e+00, 1e+00]
  Objective range  [0e+00, 0e+00]
  Bounds range     [1e+00, 1e+00]
  RHS range        [0e+00, 0e+00]

MIP start from previous solve did not produce a new incumbent solution

Presolve removed 0 rows and 218 columns
Presolve time: 0.00s

Explored 0 nodes (0 simplex iterations) in 0.06 seconds (0.00 work units)
Thread count was 1 (of 8 available processors)

Solution count 0

Model is infeasible
Best objective -, best bound -, gap -

User-callback calls 37, time in user-callback 0.00 sec
Gurobi Optimizer version 11.0.0 build v11.0.0rc2 (linux64 - "Debian GNU/Linux 11 (bullseye)")

CPU model: Intel(R) Core(TM) i7-4770 CPU @ 3.40GHz, instruction set [SSE2|AVX|AVX2]
Thread count: 4 physical cores, 8 logical processors, using up to 8 threads

Academic license 2483116 - for non-commercial use only - registered to ni___@fu-berlin.de
Optimize a model with 722 rows, 1600 columns and 5776 nonzeros
Model fingerprint: 0x2c6e2fca
Variable types: 0 continuous, 1600 integer (1600 binary)
Coefficient statistics:
  Matrix range     [1e+00, 1e+00]
  Objective range  [0e+00, 0e+00]
  Bounds range     [1e+00, 1e+00]
  RHS range        [0e+00, 0e+00]

MIP start from previous solve did not produce a new incumbent solution

Presolve removed 13 rows and 254 columns
Presolve time: 0.01s
Presolved: 709 rows, 1346 columns, 4881 nonzeros
Variable types: 0 continuous, 1346 integer (1342 binary)

Root relaxation: objective 0.000000e+00, 1958 iterations, 0.11 seconds (0.12 work units)

    Nodes    |    Current Node    |     Objective Bounds      |     Work
 Expl Unexpl |  Obj  Depth IntInf | Incumbent    BestBd   Gap | It/Node Time

     0     0    0.00000    0  491          -    0.00000      -     -    0s
     0     0    0.00000    0  653          -    0.00000      -     -    0s
     0     0    0.00000    0  647          -    0.00000      -     -    0s
     0     0    0.00000    0  524          -    0.00000      -     -    1s
     0     0    0.00000    0  554          -    0.00000      -     -    1s
     0     0    0.00000    0  577          -    0.00000      -     -    1s
     0     0    0.00000    0  508          -    0.00000      -     -    1s
     0     0    0.00000    0  531          -    0.00000      -     -    1s
     0     0    0.00000    0  404          -    0.00000      -     -    2s
     0     0    0.00000    0  496          -    0.00000      -     -    2s
     0     0    0.00000    0  358          -    0.00000      -     -    2s
     0     0    0.00000    0  416          -    0.00000      -     -    2s
     0     0    0.00000    0  319          -    0.00000      -     -    3s
     0     0    0.00000    0  450          -    0.00000      -     -    3s
     0     0    0.00000    0  354          -    0.00000      -     -    3s
     0     0    0.00000    0  354          -    0.00000      -     -    3s
     0     2    0.00000    0  354          -    0.00000      -     -    4s
   122   187    0.00000   21  607          -    0.00000      -  72.6    5s
* 1167   398              96       0.0000000    0.00000  0.00%  29.6    5s

Cutting planes:
  Cover: 36
  Clique: 1
  Zero half: 32
  RLT: 6

Explored 1490 nodes (68424 simplex iterations) in 5.74 seconds (6.90 work units)
Thread count was 8 (of 8 available processors)

Solution count 1: 0 

Optimal solution found (tolerance 1.00e-04)
Best objective 0.000000000000e+00, best bound 0.000000000000e+00, gap 0.0000%

User-callback calls 4192, time in user-callback 0.00 sec
Gurobi Optimizer version 11.0.0 build v11.0.0rc2 (linux64 - "Debian GNU/Linux 11 (bullseye)")

CPU model: Intel(R) Core(TM) i7-4770 CPU @ 3.40GHz, instruction set [SSE2|AVX|AVX2]
Thread count: 4 physical cores, 8 logical processors, using up to 8 threads

Academic license 2483116 - for non-commercial use only - registered to ni___@fu-berlin.de
Optimize a model with 722 rows, 1600 columns and 5776 nonzeros
Model fingerprint: 0x104a185d
Variable types: 0 continuous, 1600 integer (1600 binary)
Coefficient statistics:
  Matrix range     [1e+00, 1e+00]
  Objective range  [0e+00, 0e+00]
  Bounds range     [1e+00, 1e+00]
  RHS range        [0e+00, 0e+00]

MIP start from previous solve did not produce a new incumbent solution

Presolve removed 2 rows and 228 columns
Presolve time: 0.01s
Presolved: 720 rows, 1372 columns, 4964 nonzeros
Variable types: 0 continuous, 1372 integer (1368 binary)

Root relaxation: objective 0.000000e+00, 2083 iterations, 0.12 seconds (0.13 work units)

    Nodes    |    Current Node    |     Objective Bounds      |     Work
 Expl Unexpl |  Obj  Depth IntInf | Incumbent    BestBd   Gap | It/Node Time

     0     0    0.00000    0  488          -    0.00000      -     -    0s
     0     0    0.00000    0  657          -    0.00000      -     -    0s
     0     0    0.00000    0  346          -    0.00000      -     -    1s
H    0     0                       0.0000000    0.00000  0.00%     -    1s

Cutting planes:
  Clique: 1
  Zero half: 73

Explored 1 nodes (12177 simplex iterations) in 1.39 seconds (1.40 work units)
Thread count was 8 (of 8 available processors)

Solution count 1: 0 

Optimal solution found (tolerance 1.00e-04)
Best objective 0.000000000000e+00, best bound 0.000000000000e+00, gap 0.0000%

User-callback calls 452, time in user-callback 0.00 sec
Gurobi Optimizer version 11.0.0 build v11.0.0rc2 (linux64 - "Debian GNU/Linux 11 (bullseye)")

CPU model: Intel(R) Core(TM) i7-4770 CPU @ 3.40GHz, instruction set [SSE2|AVX|AVX2]
Thread count: 4 physical cores, 8 logical processors, using up to 8 threads

Academic license 2483116 - for non-commercial use only - registered to ni___@fu-berlin.de
Optimize a model with 722 rows, 1600 columns and 5776 nonzeros
Model fingerprint: 0x06c2b489
Variable types: 0 continuous, 1600 integer (1600 binary)
Coefficient statistics:
  Matrix range     [1e+00, 1e+00]
  Objective range  [0e+00, 0e+00]
  Bounds range     [1e+00, 1e+00]
  RHS range        [0e+00, 0e+00]

MIP start from previous solve did not produce a new incumbent solution

Presolve removed 0 rows and 215 columns
Presolve time: 0.00s

Explored 0 nodes (0 simplex iterations) in 0.10 seconds (0.00 work units)
Thread count was 1 (of 8 available processors)

Solution count 0

Model is infeasible
Best objective -, best bound -, gap -

User-callback calls 37, time in user-callback 0.00 sec
Gurobi Optimizer version 11.0.0 build v11.0.0rc2 (linux64 - "Debian GNU/Linux 11 (bullseye)")

CPU model: Intel(R) Core(TM) i7-4770 CPU @ 3.40GHz, instruction set [SSE2|AVX|AVX2]
Thread count: 4 physical cores, 8 logical processors, using up to 8 threads

Academic license 2483116 - for non-commercial use only - registered to ni___@fu-berlin.de
Optimize a model with 722 rows, 1600 columns and 5776 nonzeros
Model fingerprint: 0xb07aaa03
Variable types: 0 continuous, 1600 integer (1600 binary)
Coefficient statistics:
  Matrix range     [1e+00, 1e+00]
  Objective range  [0e+00, 0e+00]
  Bounds range     [1e+00, 1e+00]
  RHS range        [0e+00, 0e+00]

MIP start from previous solve did not produce a new incumbent solution

Presolve removed 0 rows and 217 columns
Presolve time: 0.00s

Explored 0 nodes (0 simplex iterations) in 0.04 seconds (0.00 work units)
Thread count was 1 (of 8 available processors)

Solution count 0

Model is infeasible
Best objective -, best bound -, gap -

User-callback calls 37, time in user-callback 0.00 sec
Gurobi Optimizer version 11.0.0 build v11.0.0rc2 (linux64 - "Debian GNU/Linux 11 (bullseye)")

CPU model: Intel(R) Core(TM) i7-4770 CPU @ 3.40GHz, instruction set [SSE2|AVX|AVX2]
Thread count: 4 physical cores, 8 logical processors, using up to 8 threads

Academic license 2483116 - for non-commercial use only - registered to ni___@fu-berlin.de
Optimize a model with 722 rows, 1600 columns and 5776 nonzeros
Model fingerprint: 0x0ccaec27
Variable types: 0 continuous, 1600 integer (1600 binary)
Coefficient statistics:
  Matrix range     [1e+00, 1e+00]
  Objective range  [0e+00, 0e+00]
  Bounds range     [1e+00, 1e+00]
  RHS range        [0e+00, 0e+00]

MIP start from previous solve did not produce a new incumbent solution

Presolve removed 1 rows and 217 columns
Presolve time: 0.01s
Presolved: 721 rows, 1383 columns, 5030 nonzeros
Variable types: 0 continuous, 1383 integer (1381 binary)

Root relaxation: objective 0.000000e+00, 2279 iterations, 0.14 seconds (0.16 work units)

    Nodes    |    Current Node    |     Objective Bounds      |     Work
 Expl Unexpl |  Obj  Depth IntInf | Incumbent    BestBd   Gap | It/Node Time

     0     0    0.00000    0  576          -    0.00000      -     -    0s
     0     0    0.00000    0  660          -    0.00000      -     -    0s
     0     0    0.00000    0  653          -    0.00000      -     -    0s
     0     0    0.00000    0  542          -    0.00000      -     -    1s
     0     0    0.00000    0  555          -    0.00000      -     -    1s
     0     0    0.00000    0  488          -    0.00000      -     -    1s
     0     0    0.00000    0  475          -    0.00000      -     -    1s
     0     0    0.00000    0  562          -    0.00000      -     -    1s
     0     0    0.00000    0  509          -    0.00000      -     -    2s
     0     0    0.00000    0  566          -    0.00000      -     -    2s
     0     0    0.00000    0  468          -    0.00000      -     -    2s
     0     0    0.00000    0  451          -    0.00000      -     -    2s
     0     2    0.00000    0  451          -    0.00000      -     -    3s
   719   391 infeasible   78               -    0.00000      -  52.1    5s
  3908   610    0.00000   49  568          -    0.00000      -  64.5   10s
  3921   619    0.00000   47  630          -    0.00000      -  64.3   15s
  4639  1437    0.00000   59  479          -    0.00000      -  17.2   21s
* 4864  1098              90       0.0000000    0.00000  0.00%  18.5   21s

Cutting planes:
  Zero half: 7
  RLT: 3

Explored 5388 nodes (395072 simplex iterations) in 21.11 seconds (26.66 work units)
Thread count was 8 (of 8 available processors)

Solution count 1: 0 

Optimal solution found (tolerance 1.00e-04)
Best objective 0.000000000000e+00, best bound 0.000000000000e+00, gap 0.0000%

User-callback calls 13874, time in user-callback 0.00 sec

Gurobi 11.0.0 (linux64) logging started Tue 05 Mar 2024 15:18:12 CET

Set parameter LogFile to value "ConfigSearch_40.log"
Set parameter LogToConsole to value 0
Set parameter PoolSolutions to value 1

Gurobi 11.0.0 (linux64) logging started Tue 05 Mar 2024 15:18:12 CET

Set parameter LogFile to value "ConfigSearch_40.log"
Gurobi Optimizer version 11.0.0 build v11.0.0rc2 (linux64 - "Debian GNU/Linux 11 (bullseye)")

CPU model: Intel(R) Core(TM) i7-4770 CPU @ 3.40GHz, instruction set [SSE2|AVX|AVX2]
Thread count: 4 physical cores, 8 logical processors, using up to 8 threads

Academic license 2483116 - for non-commercial use only - registered to ni___@fu-berlin.de
Optimize a model with 722 rows, 1600 columns and 5776 nonzeros
Model fingerprint: 0x16c62db3
Variable types: 0 continuous, 1600 integer (1600 binary)
Coefficient statistics:
  Matrix range     [1e+00, 1e+00]
  Objective range  [0e+00, 0e+00]
  Bounds range     [1e+00, 1e+00]
  RHS range        [0e+00, 0e+00]
Presolve removed 14 rows and 264 columns
Presolve time: 0.03s
Presolved: 708 rows, 1336 columns, 4848 nonzeros
Variable types: 0 continuous, 1336 integer (1331 binary)

Root relaxation: objective 0.000000e+00, 2139 iterations, 0.14 seconds (0.13 work units)

    Nodes    |    Current Node    |     Objective Bounds      |     Work
 Expl Unexpl |  Obj  Depth IntInf | Incumbent    BestBd   Gap | It/Node Time

     0     0    0.00000    0  495          -    0.00000      -     -    0s
     0     0    0.00000    0  624          -    0.00000      -     -    0s
     0     0    0.00000    0  620          -    0.00000      -     -    0s
     0     0    0.00000    0  392          -    0.00000      -     -    1s
     0     0    0.00000    0  425          -    0.00000      -     -    1s
     0     0    0.00000    0  376          -    0.00000      -     -    1s
     0     0    0.00000    0  439          -    0.00000      -     -    2s
     0     0    0.00000    0  519          -    0.00000      -     -    2s
H    0     0                       0.0000000    0.00000  0.00%     -    2s
     0     0    0.00000    0  436    0.00000    0.00000  0.00%     -    2s

Cutting planes:
  Zero half: 102
  RLT: 1

Explored 1 nodes (22390 simplex iterations) in 2.59 seconds (2.60 work units)
Thread count was 8 (of 8 available processors)

Solution count 1: 0 

Optimal solution found (tolerance 1.00e-04)
Best objective 0.000000000000e+00, best bound 0.000000000000e+00, gap 0.0000%

User-callback calls 704, time in user-callback 0.00 sec
Gurobi Optimizer version 11.0.0 build v11.0.0rc2 (linux64 - "Debian GNU/Linux 11 (bullseye)")

CPU model: Intel(R) Core(TM) i7-4770 CPU @ 3.40GHz, instruction set [SSE2|AVX|AVX2]
Thread count: 4 physical cores, 8 logical processors, using up to 8 threads

Academic license 2483116 - for non-commercial use only - registered to ni___@fu-berlin.de
Optimize a model with 722 rows, 1600 columns and 5776 nonzeros
Model fingerprint: 0xff399876
Variable types: 0 continuous, 1600 integer (1600 binary)
Coefficient statistics:
  Matrix range     [1e+00, 1e+00]
  Objective range  [0e+00, 0e+00]
  Bounds range     [1e+00, 1e+00]
  RHS range        [0e+00, 0e+00]

MIP start from previous solve did not produce a new incumbent solution

Presolve removed 0 rows and 212 columns
Presolve time: 0.00s

Explored 0 nodes (0 simplex iterations) in 0.05 seconds (0.00 work units)
Thread count was 1 (of 8 available processors)

Solution count 0

Model is infeasible
Best objective -, best bound -, gap -

User-callback calls 37, time in user-callback 0.00 sec
Gurobi Optimizer version 11.0.0 build v11.0.0rc2 (linux64 - "Debian GNU/Linux 11 (bullseye)")

CPU model: Intel(R) Core(TM) i7-4770 CPU @ 3.40GHz, instruction set [SSE2|AVX|AVX2]
Thread count: 4 physical cores, 8 logical processors, using up to 8 threads

Academic license 2483116 - for non-commercial use only - registered to ni___@fu-berlin.de
Optimize a model with 722 rows, 1600 columns and 5776 nonzeros
Model fingerprint: 0x4bb755af
Variable types: 0 continuous, 1600 integer (1600 binary)
Coefficient statistics:
  Matrix range     [1e+00, 1e+00]
  Objective range  [0e+00, 0e+00]
  Bounds range     [1e+00, 1e+00]
  RHS range        [0e+00, 0e+00]

MIP start from previous solve did not produce a new incumbent solution

Presolve removed 1 rows and 229 columns
Presolve time: 0.02s
Presolved: 721 rows, 1371 columns, 4977 nonzeros
Variable types: 0 continuous, 1371 integer (1366 binary)

Root relaxation: objective 0.000000e+00, 2131 iterations, 0.17 seconds (0.13 work units)

    Nodes    |    Current Node    |     Objective Bounds      |     Work
 Expl Unexpl |  Obj  Depth IntInf | Incumbent    BestBd   Gap | It/Node Time

     0     0    0.00000    0  578          -    0.00000      -     -    0s
     0     0    0.00000    0  677          -    0.00000      -     -    0s
     0     0    0.00000    0  680          -    0.00000      -     -    0s
     0     0    0.00000    0  556          -    0.00000      -     -    1s
     0     0    0.00000    0  576          -    0.00000      -     -    1s
     0     0    0.00000    0  599          -    0.00000      -     -    1s
     0     0    0.00000    0  575          -    0.00000      -     -    2s
     0     0    0.00000    0  605          -    0.00000      -     -    2s
     0     0    0.00000    0  422          -    0.00000      -     -    2s
     0     0    0.00000    0  429          -    0.00000      -     -    2s
     0     0    0.00000    0  467          -    0.00000      -     -    3s
     0     0    0.00000    0  495          -    0.00000      -     -    3s
     0     0    0.00000    0  452          -    0.00000      -     -    4s
     0     0    0.00000    0  420          -    0.00000      -     -    4s
     0     2    0.00000    0  393          -    0.00000      -     -    5s
  4381   477 infeasible   76               -    0.00000      -  49.0   10s
  6205   533    0.00000   50  545          -    0.00000      -  46.7   15s
  6217   541    0.00000   42  508          -    0.00000      -  46.6   20s
* 6793  1269              92       0.0000000    0.00000  0.00%  10.3   22s

Cutting planes:
  Zero half: 9
  RLT: 2

Explored 7506 nodes (415860 simplex iterations) in 23.05 seconds (26.23 work units)
Thread count was 8 (of 8 available processors)

Solution count 1: 0 

Optimal solution found (tolerance 1.00e-04)
Best objective 0.000000000000e+00, best bound 0.000000000000e+00, gap 0.0000%

User-callback calls 18336, time in user-callback 0.00 sec
Gurobi Optimizer version 11.0.0 build v11.0.0rc2 (linux64 - "Debian GNU/Linux 11 (bullseye)")

CPU model: Intel(R) Core(TM) i7-4770 CPU @ 3.40GHz, instruction set [SSE2|AVX|AVX2]
Thread count: 4 physical cores, 8 logical processors, using up to 8 threads

Academic license 2483116 - for non-commercial use only - registered to ni___@fu-berlin.de
Optimize a model with 722 rows, 1600 columns and 5776 nonzeros
Model fingerprint: 0x9bcd263b
Variable types: 0 continuous, 1600 integer (1600 binary)
Coefficient statistics:
  Matrix range     [1e+00, 1e+00]
  Objective range  [0e+00, 0e+00]
  Bounds range     [1e+00, 1e+00]
  RHS range        [0e+00, 0e+00]

MIP start from previous solve did not produce a new incumbent solution

Presolve removed 2 rows and 223 columns
Presolve time: 0.01s
Presolved: 720 rows, 1377 columns, 4999 nonzeros
Variable types: 0 continuous, 1377 integer (1373 binary)

Root relaxation: objective 0.000000e+00, 2242 iterations, 0.14 seconds (0.15 work units)

    Nodes    |    Current Node    |     Objective Bounds      |     Work
 Expl Unexpl |  Obj  Depth IntInf | Incumbent    BestBd   Gap | It/Node Time

     0     0    0.00000    0  518          -    0.00000      -     -    0s
     0     0    0.00000    0  668          -    0.00000      -     -    0s
     0     0    0.00000    0  663          -    0.00000      -     -    0s
     0     0    0.00000    0  451          -    0.00000      -     -    1s
     0     0    0.00000    0  509          -    0.00000      -     -    1s
     0     0    0.00000    0  362          -    0.00000      -     -    1s
     0     0    0.00000    0  489          -    0.00000      -     -    1s
     0     0    0.00000    0  430          -    0.00000      -     -    2s
     0     0    0.00000    0  431          -    0.00000      -     -    2s
     0     0    0.00000    0  335          -    0.00000      -     -    2s
     0     0    0.00000    0  595          -    0.00000      -     -    2s
     0     0    0.00000    0  372          -    0.00000      -     -    3s
     0     0    0.00000    0  372          -    0.00000      -     -    3s
     0     2    0.00000    0  372          -    0.00000      -     -    4s
   110   203    0.00000   14  624          -    0.00000      -  90.6    5s
* 5287   293             116       0.0000000    0.00000  0.00%  33.7    8s

Cutting planes:
  Cover: 322
  Clique: 1
  Inf proof: 18
  Zero half: 26
  RLT: 6

Explored 5792 nodes (217361 simplex iterations) in 8.30 seconds (11.74 work units)
Thread count was 8 (of 8 available processors)

Solution count 1: 0 

Optimal solution found (tolerance 1.00e-04)
Best objective 0.000000000000e+00, best bound 0.000000000000e+00, gap 0.0000%

User-callback calls 12648, time in user-callback 0.00 sec
Gurobi Optimizer version 11.0.0 build v11.0.0rc2 (linux64 - "Debian GNU/Linux 11 (bullseye)")

CPU model: Intel(R) Core(TM) i7-4770 CPU @ 3.40GHz, instruction set [SSE2|AVX|AVX2]
Thread count: 4 physical cores, 8 logical processors, using up to 8 threads

Academic license 2483116 - for non-commercial use only - registered to ni___@fu-berlin.de
Optimize a model with 722 rows, 1600 columns and 5776 nonzeros
Model fingerprint: 0xdaf66276
Variable types: 0 continuous, 1600 integer (1600 binary)
Coefficient statistics:
  Matrix range     [1e+00, 1e+00]
  Objective range  [0e+00, 0e+00]
  Bounds range     [1e+00, 1e+00]
  RHS range        [0e+00, 0e+00]

MIP start from previous solve did not produce a new incumbent solution

Presolve removed 2 rows and 229 columns
Presolve time: 0.01s
Presolved: 720 rows, 1371 columns, 4978 nonzeros
Variable types: 0 continuous, 1371 integer (1369 binary)

Root relaxation: objective 0.000000e+00, 2295 iterations, 0.14 seconds (0.16 work units)

    Nodes    |    Current Node    |     Objective Bounds      |     Work
 Expl Unexpl |  Obj  Depth IntInf | Incumbent    BestBd   Gap | It/Node Time

     0     0    0.00000    0  412          -    0.00000      -     -    0s
     0     0    0.00000    0  643          -    0.00000      -     -    0s
     0     0    0.00000    0  630          -    0.00000      -     -    0s
     0     0    0.00000    0  445          -    0.00000      -     -    1s
     0     0    0.00000    0  456          -    0.00000      -     -    1s
     0     0    0.00000    0  413          -    0.00000      -     -    1s
     0     0    0.00000    0  458          -    0.00000      -     -    1s
     0     0    0.00000    0  334          -    0.00000      -     -    2s
     0     0    0.00000    0  457          -    0.00000      -     -    2s
H    0     0                       0.0000000    0.00000  0.00%     -    2s
     0     0    0.00000    0  485    0.00000    0.00000  0.00%     -    2s

Cutting planes:
  Zero half: 95
  RLT: 3

Explored 1 nodes (21257 simplex iterations) in 2.62 seconds (2.62 work units)
Thread count was 8 (of 8 available processors)

Solution count 1: 0 

Optimal solution found (tolerance 1.00e-04)
Best objective 0.000000000000e+00, best bound 0.000000000000e+00, gap 0.0000%

User-callback calls 496, time in user-callback 0.00 sec
Gurobi Optimizer version 11.0.0 build v11.0.0rc2 (linux64 - "Debian GNU/Linux 11 (bullseye)")

CPU model: Intel(R) Core(TM) i7-4770 CPU @ 3.40GHz, instruction set [SSE2|AVX|AVX2]
Thread count: 4 physical cores, 8 logical processors, using up to 8 threads

Academic license 2483116 - for non-commercial use only - registered to ni___@fu-berlin.de
Optimize a model with 722 rows, 1600 columns and 5776 nonzeros
Model fingerprint: 0xa41d8999
Variable types: 0 continuous, 1600 integer (1600 binary)
Coefficient statistics:
  Matrix range     [1e+00, 1e+00]
  Objective range  [0e+00, 0e+00]
  Bounds range     [1e+00, 1e+00]
  RHS range        [0e+00, 0e+00]

MIP start from previous solve did not produce a new incumbent solution

Presolve removed 0 rows and 225 columns
Presolve time: 0.01s
Presolved: 722 rows, 1375 columns, 4988 nonzeros
Variable types: 0 continuous, 1375 integer (1371 binary)

Root relaxation: objective 0.000000e+00, 2106 iterations, 0.12 seconds (0.14 work units)

    Nodes    |    Current Node    |     Objective Bounds      |     Work
 Expl Unexpl |  Obj  Depth IntInf | Incumbent    BestBd   Gap | It/Node Time

     0     0    0.00000    0  576          -    0.00000      -     -    0s
     0     0    0.00000    0  629          -    0.00000      -     -    0s
     0     0    0.00000    0  482          -    0.00000      -     -    1s
     0     0    0.00000    0  546          -    0.00000      -     -    1s
     0     0    0.00000    0  462          -    0.00000      -     -    1s
     0     0    0.00000    0  532          -    0.00000      -     -    1s
H    0     0                       0.0000000    0.00000  0.00%     -    1s
     0     0    0.00000    0  487    0.00000    0.00000  0.00%     -    1s

Cutting planes:
  Clique: 2
  Zero half: 102
  RLT: 1

Explored 1 nodes (16718 simplex iterations) in 2.00 seconds (2.19 work units)
Thread count was 8 (of 8 available processors)

Solution count 1: 0 

Optimal solution found (tolerance 1.00e-04)
Best objective 0.000000000000e+00, best bound 0.000000000000e+00, gap 0.0000%

User-callback calls 489, time in user-callback 0.00 sec
Gurobi Optimizer version 11.0.0 build v11.0.0rc2 (linux64 - "Debian GNU/Linux 11 (bullseye)")

CPU model: Intel(R) Core(TM) i7-4770 CPU @ 3.40GHz, instruction set [SSE2|AVX|AVX2]
Thread count: 4 physical cores, 8 logical processors, using up to 8 threads

Academic license 2483116 - for non-commercial use only - registered to ni___@fu-berlin.de
Optimize a model with 722 rows, 1600 columns and 5776 nonzeros
Model fingerprint: 0x10d41425
Variable types: 0 continuous, 1600 integer (1600 binary)
Coefficient statistics:
  Matrix range     [1e+00, 1e+00]
  Objective range  [0e+00, 0e+00]
  Bounds range     [1e+00, 1e+00]
  RHS range        [0e+00, 0e+00]

MIP start from previous solve did not produce a new incumbent solution

Presolve removed 1 rows and 218 columns
Presolve time: 0.01s
Presolved: 721 rows, 1382 columns, 5012 nonzeros
Variable types: 0 continuous, 1382 integer (1379 binary)

Root relaxation: objective 0.000000e+00, 2178 iterations, 0.12 seconds (0.13 work units)

    Nodes    |    Current Node    |     Objective Bounds      |     Work
 Expl Unexpl |  Obj  Depth IntInf | Incumbent    BestBd   Gap | It/Node Time

     0     0    0.00000    0  561          -    0.00000      -     -    0s
     0     0    0.00000    0  640          -    0.00000      -     -    0s
     0     0    0.00000    0  654          -    0.00000      -     -    0s
     0     0    0.00000    0  535          -    0.00000      -     -    1s
     0     0    0.00000    0  568          -    0.00000      -     -    1s
     0     0    0.00000    0  498          -    0.00000      -     -    1s
     0     0    0.00000    0  533          -    0.00000      -     -    2s
     0     0    0.00000    0  552          -    0.00000      -     -    2s
     0     0    0.00000    0  548          -    0.00000      -     -    2s
     0     0    0.00000    0  580          -    0.00000      -     -    2s
     0     0    0.00000    0  569          -    0.00000      -     -    3s
     0     0    0.00000    0  513          -    0.00000      -     -    3s
     0     2    0.00000    0  450          -    0.00000      -     -    4s
   479   253    0.00000   29  543          -    0.00000      -  52.1    5s
* 1330   450             109       0.0000000    0.00000  0.00%  41.3    5s

Cutting planes:
  Cover: 54
  Clique: 1
  MIR: 1
  Inf proof: 5
  Zero half: 23
  RLT: 5

Explored 2081 nodes (83329 simplex iterations) in 5.56 seconds (7.01 work units)
Thread count was 8 (of 8 available processors)

Solution count 1: 0 

Optimal solution found (tolerance 1.00e-04)
Best objective 0.000000000000e+00, best bound 0.000000000000e+00, gap 0.0000%

User-callback calls 5366, time in user-callback 0.00 sec
Gurobi Optimizer version 11.0.0 build v11.0.0rc2 (linux64 - "Debian GNU/Linux 11 (bullseye)")

CPU model: Intel(R) Core(TM) i7-4770 CPU @ 3.40GHz, instruction set [SSE2|AVX|AVX2]
Thread count: 4 physical cores, 8 logical processors, using up to 8 threads

Academic license 2483116 - for non-commercial use only - registered to ni___@fu-berlin.de
Optimize a model with 722 rows, 1600 columns and 5776 nonzeros
Model fingerprint: 0x864fad3d
Variable types: 0 continuous, 1600 integer (1600 binary)
Coefficient statistics:
  Matrix range     [1e+00, 1e+00]
  Objective range  [0e+00, 0e+00]
  Bounds range     [1e+00, 1e+00]
  RHS range        [0e+00, 0e+00]

MIP start from previous solve did not produce a new incumbent solution

Presolve removed 4 rows and 233 columns
Presolve time: 0.01s
Presolved: 718 rows, 1367 columns, 4966 nonzeros
Variable types: 0 continuous, 1367 integer (1363 binary)

Root relaxation: objective 0.000000e+00, 2002 iterations, 0.11 seconds (0.12 work units)

    Nodes    |    Current Node    |     Objective Bounds      |     Work
 Expl Unexpl |  Obj  Depth IntInf | Incumbent    BestBd   Gap | It/Node Time

     0     0    0.00000    0  469          -    0.00000      -     -    0s
     0     0    0.00000    0  612          -    0.00000      -     -    0s
     0     0    0.00000    0  596          -    0.00000      -     -    0s
     0     0    0.00000    0  470          -    0.00000      -     -    1s
     0     0    0.00000    0  508          -    0.00000      -     -    1s
     0     0    0.00000    0  438          -    0.00000      -     -    1s
     0     0    0.00000    0  432          -    0.00000      -     -    2s
     0     0    0.00000    0  512          -    0.00000      -     -    2s
     0     0    0.00000    0  356          -    0.00000      -     -    2s
     0     0    0.00000    0  425          -    0.00000      -     -    2s
     0     0    0.00000    0  440          -    0.00000      -     -    3s
     0     0    0.00000    0  415          -    0.00000      -     -    3s
     0     2    0.00000    0  415          -    0.00000      -     -    3s
   881   550    0.00000   68  378          -    0.00000      -  57.0    5s
  5893   696    0.00000   62  609          -    0.00000      -  54.0   10s
H 5900   665                       0.0000000    0.00000  0.00%  54.0   14s

Cutting planes:
  Gomory: 3
  Clique: 6
  Flow cover: 1
  Zero half: 103
  RLT: 1

Explored 5900 nodes (366376 simplex iterations) in 14.18 seconds (19.36 work units)
Thread count was 8 (of 8 available processors)

Solution count 1: 0 

Optimal solution found (tolerance 1.00e-04)
Best objective 0.000000000000e+00, best bound 0.000000000000e+00, gap 0.0000%

User-callback calls 13216, time in user-callback 0.00 sec
Gurobi Optimizer version 11.0.0 build v11.0.0rc2 (linux64 - "Debian GNU/Linux 11 (bullseye)")

CPU model: Intel(R) Core(TM) i7-4770 CPU @ 3.40GHz, instruction set [SSE2|AVX|AVX2]
Thread count: 4 physical cores, 8 logical processors, using up to 8 threads

Academic license 2483116 - for non-commercial use only - registered to ni___@fu-berlin.de
Optimize a model with 722 rows, 1600 columns and 5776 nonzeros
Model fingerprint: 0xc5e698fb
Variable types: 0 continuous, 1600 integer (1600 binary)
Coefficient statistics:
  Matrix range     [1e+00, 1e+00]
  Objective range  [0e+00, 0e+00]
  Bounds range     [1e+00, 1e+00]
  RHS range        [0e+00, 0e+00]

MIP start from previous solve did not produce a new incumbent solution

Presolve removed 8 rows and 254 columns
Presolve time: 0.02s
Presolved: 714 rows, 1346 columns, 4882 nonzeros
Variable types: 0 continuous, 1346 integer (1342 binary)

Root relaxation: objective 0.000000e+00, 2015 iterations, 0.12 seconds (0.13 work units)

    Nodes    |    Current Node    |     Objective Bounds      |     Work
 Expl Unexpl |  Obj  Depth IntInf | Incumbent    BestBd   Gap | It/Node Time

     0     0    0.00000    0  479          -    0.00000      -     -    0s
     0     0    0.00000    0  632          -    0.00000      -     -    0s
     0     0    0.00000    0  623          -    0.00000      -     -    0s
     0     0    0.00000    0  443          -    0.00000      -     -    0s
     0     0    0.00000    0  498          -    0.00000      -     -    1s
     0     0    0.00000    0  369          -    0.00000      -     -    1s
     0     0    0.00000    0  434          -    0.00000      -     -    1s
     0     0    0.00000    0  401          -    0.00000      -     -    1s
     0     0    0.00000    0  401          -    0.00000      -     -    1s
     0     0    0.00000    0  417          -    0.00000      -     -    2s
     0     0    0.00000    0  435          -    0.00000      -     -    2s
     0     0    0.00000    0  364          -    0.00000      -     -    2s
     0     0    0.00000    0  364          -    0.00000      -     -    2s
     0     2    0.00000    0  364          -    0.00000      -     -    3s
   612   435    0.00000   38  531          -    0.00000      -  70.2    5s
  4452   549    0.00000   53  573          -    0.00000      -  59.8   10s
  4466   558    0.00000   37  600          -    0.00000      -  59.6   15s
  4641   753    0.00000   23  555          -    0.00000      -  18.7   20s
* 5565   999              63       0.0000000    0.00000  0.00%  31.3   23s

Cutting planes:
  Gomory: 3
  Clique: 3
  Zero half: 14
  RLT: 2

Explored 6223 nodes (490158 simplex iterations) in 23.41 seconds (29.12 work units)
Thread count was 8 (of 8 available processors)

Solution count 1: 0 

Optimal solution found (tolerance 1.00e-04)
Best objective 0.000000000000e+00, best bound 0.000000000000e+00, gap 0.0000%

User-callback calls 15810, time in user-callback 0.00 sec
Gurobi Optimizer version 11.0.0 build v11.0.0rc2 (linux64 - "Debian GNU/Linux 11 (bullseye)")

CPU model: Intel(R) Core(TM) i7-4770 CPU @ 3.40GHz, instruction set [SSE2|AVX|AVX2]
Thread count: 4 physical cores, 8 logical processors, using up to 8 threads

Academic license 2483116 - for non-commercial use only - registered to ni___@fu-berlin.de
Optimize a model with 722 rows, 1600 columns and 5776 nonzeros
Model fingerprint: 0xbd86c50f
Variable types: 0 continuous, 1600 integer (1600 binary)
Coefficient statistics:
  Matrix range     [1e+00, 1e+00]
  Objective range  [0e+00, 0e+00]
  Bounds range     [1e+00, 1e+00]
  RHS range        [0e+00, 0e+00]

MIP start from previous solve did not produce a new incumbent solution

Presolve removed 6 rows and 244 columns
Presolve time: 0.01s
Presolved: 716 rows, 1356 columns, 4912 nonzeros
Variable types: 0 continuous, 1356 integer (1351 binary)

Root relaxation: objective 0.000000e+00, 2102 iterations, 0.12 seconds (0.13 work units)

    Nodes    |    Current Node    |     Objective Bounds      |     Work
 Expl Unexpl |  Obj  Depth IntInf | Incumbent    BestBd   Gap | It/Node Time

     0     0    0.00000    0  597          -    0.00000      -     -    0s
     0     0    0.00000    0  689          -    0.00000      -     -    0s
     0     0    0.00000    0  676          -    0.00000      -     -    0s
     0     0    0.00000    0  472          -    0.00000      -     -    1s
     0     0    0.00000    0  485          -    0.00000      -     -    1s
     0     0    0.00000    0  473          -    0.00000      -     -    1s
     0     0    0.00000    0  498          -    0.00000      -     -    1s
     0     0    0.00000    0  541          -    0.00000      -     -    1s
     0     0    0.00000    0  532          -    0.00000      -     -    2s
     0     0    0.00000    0  525          -    0.00000      -     -    2s
     0     0    0.00000    0  565          -    0.00000      -     -    2s
     0     0    0.00000    0  466          -    0.00000      -     -    2s
     0     0    0.00000    0  422          -    0.00000      -     -    2s
     0     2    0.00000    0  422          -    0.00000      -     -    3s
  1712   448 infeasible   78               -    0.00000      -  34.1    5s
  9031   626    0.00000   80  422          -    0.00000      -  43.7   10s
  9045   635    0.00000   37  341          -    0.00000      -  43.6   15s
  9485  1101    0.00000   39  669          -    0.00000      -   7.4   21s
 12984   882 infeasible   62               -    0.00000      -  18.6   25s
 17663  1279    0.00000   79  446          -    0.00000      -  25.3   30s

Cutting planes:
  Gomory: 1
  Clique: 2
  Flow cover: 1
  Zero half: 9
  RLT: 1

Explored 18807 nodes (912069 simplex iterations) in 30.17 seconds (36.82 work units)
Thread count was 8 (of 8 available processors)

Solution count 0

Time limit reached
Best objective -, best bound 0.000000000000e+00, gap -

User-callback calls 43204, time in user-callback 0.01 sec
Gurobi Optimizer version 11.0.0 build v11.0.0rc2 (linux64 - "Debian GNU/Linux 11 (bullseye)")

CPU model: Intel(R) Core(TM) i7-4770 CPU @ 3.40GHz, instruction set [SSE2|AVX|AVX2]
Thread count: 4 physical cores, 8 logical processors, using up to 8 threads

Academic license 2483116 - for non-commercial use only - registered to ni___@fu-berlin.de
Optimize a model with 722 rows, 1600 columns and 5776 nonzeros
Model fingerprint: 0x05cee153
Variable types: 0 continuous, 1600 integer (1600 binary)
Coefficient statistics:
  Matrix range     [1e+00, 1e+00]
  Objective range  [0e+00, 0e+00]
  Bounds range     [1e+00, 1e+00]
  RHS range        [0e+00, 0e+00]

MIP start from previous solve did not produce a new incumbent solution

Presolve removed 2 rows and 229 columns
Presolve time: 0.01s
Presolved: 720 rows, 1371 columns, 4954 nonzeros
Variable types: 0 continuous, 1371 integer (1366 binary)

Root relaxation: objective 0.000000e+00, 2191 iterations, 0.12 seconds (0.14 work units)

    Nodes    |    Current Node    |     Objective Bounds      |     Work
 Expl Unexpl |  Obj  Depth IntInf | Incumbent    BestBd   Gap | It/Node Time

     0     0    0.00000    0  496          -    0.00000      -     -    0s
     0     0    0.00000    0  664          -    0.00000      -     -    0s
     0     0    0.00000    0  659          -    0.00000      -     -    0s
     0     0    0.00000    0  476          -    0.00000      -     -    1s
     0     0    0.00000    0  513          -    0.00000      -     -    1s
     0     0    0.00000    0  402          -    0.00000      -     -    1s
     0     0    0.00000    0  490          -    0.00000      -     -    1s
     0     0    0.00000    0  446          -    0.00000      -     -    2s
     0     0    0.00000    0  475          -    0.00000      -     -    2s
     0     0    0.00000    0  496          -    0.00000      -     -    2s
     0     0    0.00000    0  450          -    0.00000      -     -    3s
     0     0    0.00000    0  501          -    0.00000      -     -    3s
H    0     0                       0.0000000    0.00000  0.00%     -    3s
     0     0    0.00000    0  473    0.00000    0.00000  0.00%     -    3s

Cutting planes:
  Cover: 1
  Zero half: 72
  RLT: 1

Explored 1 nodes (27216 simplex iterations) in 3.56 seconds (3.54 work units)
Thread count was 8 (of 8 available processors)

Solution count 1: 0 

Optimal solution found (tolerance 1.00e-04)
Best objective 0.000000000000e+00, best bound 0.000000000000e+00, gap 0.0000%

User-callback calls 486, time in user-callback 0.00 sec
Gurobi Optimizer version 11.0.0 build v11.0.0rc2 (linux64 - "Debian GNU/Linux 11 (bullseye)")

CPU model: Intel(R) Core(TM) i7-4770 CPU @ 3.40GHz, instruction set [SSE2|AVX|AVX2]
Thread count: 4 physical cores, 8 logical processors, using up to 8 threads

Academic license 2483116 - for non-commercial use only - registered to ni___@fu-berlin.de
Optimize a model with 722 rows, 1600 columns and 5776 nonzeros
Model fingerprint: 0xc5374c5b
Variable types: 0 continuous, 1600 integer (1600 binary)
Coefficient statistics:
  Matrix range     [1e+00, 1e+00]
  Objective range  [0e+00, 0e+00]
  Bounds range     [1e+00, 1e+00]
  RHS range        [0e+00, 0e+00]

MIP start from previous solve did not produce a new incumbent solution

Presolve removed 7 rows and 247 columns
Presolve time: 0.00s

Explored 0 nodes (0 simplex iterations) in 0.05 seconds (0.00 work units)
Thread count was 1 (of 8 available processors)

Solution count 0

Model is infeasible
Best objective -, best bound -, gap -

User-callback calls 151, time in user-callback 0.00 sec
Gurobi Optimizer version 11.0.0 build v11.0.0rc2 (linux64 - "Debian GNU/Linux 11 (bullseye)")

CPU model: Intel(R) Core(TM) i7-4770 CPU @ 3.40GHz, instruction set [SSE2|AVX|AVX2]
Thread count: 4 physical cores, 8 logical processors, using up to 8 threads

Academic license 2483116 - for non-commercial use only - registered to ni___@fu-berlin.de
Optimize a model with 722 rows, 1600 columns and 5776 nonzeros
Model fingerprint: 0xfa6b7e10
Variable types: 0 continuous, 1600 integer (1600 binary)
Coefficient statistics:
  Matrix range     [1e+00, 1e+00]
  Objective range  [0e+00, 0e+00]
  Bounds range     [1e+00, 1e+00]
  RHS range        [0e+00, 0e+00]

MIP start from previous solve did not produce a new incumbent solution

Presolve removed 3 rows and 233 columns
Presolve time: 0.01s
Presolved: 719 rows, 1367 columns, 4939 nonzeros
Variable types: 0 continuous, 1367 integer (1362 binary)

Root relaxation: objective 0.000000e+00, 2053 iterations, 0.15 seconds (0.14 work units)

    Nodes    |    Current Node    |     Objective Bounds      |     Work
 Expl Unexpl |  Obj  Depth IntInf | Incumbent    BestBd   Gap | It/Node Time

     0     0    0.00000    0  509          -    0.00000      -     -    0s
     0     0    0.00000    0  661          -    0.00000      -     -    0s
     0     0    0.00000    0  637          -    0.00000      -     -    0s
     0     0    0.00000    0  355          -    0.00000      -     -    1s
     0     0    0.00000    0  359          -    0.00000      -     -    1s
     0     0    0.00000    0  324          -    0.00000      -     -    1s
     0     0    0.00000    0  292          -    0.00000      -     -    2s
     0     0    0.00000    0  299          -    0.00000      -     -    2s
     0     0    0.00000    0  358          -    0.00000      -     -    2s
     0     0    0.00000    0  393          -    0.00000      -     -    2s
     0     0    0.00000    0  397          -    0.00000      -     -    3s
     0     0    0.00000    0  398          -    0.00000      -     -    3s
     0     0    0.00000    0  355          -    0.00000      -     -    3s
     0     0    0.00000    0  245          -    0.00000      -     -    3s
     0     2    0.00000    0  245          -    0.00000      -     -    4s
    42    51    0.00000    9  626          -    0.00000      -   261    5s
  1037   549 infeasible   57               -    0.00000      -   176   10s
  1990   769    0.00000   22  549          -    0.00000      -   155   15s
H 1993   732                       0.0000000    0.00000  0.00%   155   16s

Cutting planes:
  Gomory: 6
  Cover: 1
  Clique: 3
  Flow cover: 1
  Zero half: 75
  RLT: 5

Explored 1993 nodes (362724 simplex iterations) in 16.59 seconds (23.33 work units)
Thread count was 8 (of 8 available processors)

Solution count 1: 0 

Optimal solution found (tolerance 1.00e-04)
Best objective 0.000000000000e+00, best bound 0.000000000000e+00, gap 0.0000%

User-callback calls 5921, time in user-callback 0.00 sec
Gurobi Optimizer version 11.0.0 build v11.0.0rc2 (linux64 - "Debian GNU/Linux 11 (bullseye)")

CPU model: Intel(R) Core(TM) i7-4770 CPU @ 3.40GHz, instruction set [SSE2|AVX|AVX2]
Thread count: 4 physical cores, 8 logical processors, using up to 8 threads

Academic license 2483116 - for non-commercial use only - registered to ni___@fu-berlin.de
Optimize a model with 722 rows, 1600 columns and 5776 nonzeros
Model fingerprint: 0x3ade7135
Variable types: 0 continuous, 1600 integer (1600 binary)
Coefficient statistics:
  Matrix range     [1e+00, 1e+00]
  Objective range  [0e+00, 0e+00]
  Bounds range     [1e+00, 1e+00]
  RHS range        [0e+00, 0e+00]

MIP start from previous solve did not produce a new incumbent solution

Presolve removed 3 rows and 240 columns
Presolve time: 0.01s
Presolved: 719 rows, 1360 columns, 4935 nonzeros
Variable types: 0 continuous, 1360 integer (1354 binary)

Root relaxation: objective 0.000000e+00, 2023 iterations, 0.11 seconds (0.13 work units)

    Nodes    |    Current Node    |     Objective Bounds      |     Work
 Expl Unexpl |  Obj  Depth IntInf | Incumbent    BestBd   Gap | It/Node Time

     0     0    0.00000    0  537          -    0.00000      -     -    0s
     0     0    0.00000    0  674          -    0.00000      -     -    0s
     0     0    0.00000    0  645          -    0.00000      -     -    0s
     0     0    0.00000    0  539          -    0.00000      -     -    0s
     0     0    0.00000    0  566          -    0.00000      -     -    0s
     0     0    0.00000    0  588          -    0.00000      -     -    1s
     0     0    0.00000    0  479          -    0.00000      -     -    1s
     0     0    0.00000    0  584          -    0.00000      -     -    1s
H    0     0                       0.0000000    0.00000  0.00%     -    1s
     0     0    0.00000    0  404    0.00000    0.00000  0.00%     -    1s

Cutting planes:
  Clique: 3
  MIR: 3
  Zero half: 97

Explored 1 nodes (14607 simplex iterations) in 1.95 seconds (1.93 work units)
Thread count was 8 (of 8 available processors)

Solution count 1: 0 

Optimal solution found (tolerance 1.00e-04)
Best objective 0.000000000000e+00, best bound 0.000000000000e+00, gap 0.0000%

User-callback calls 508, time in user-callback 0.00 sec
Gurobi Optimizer version 11.0.0 build v11.0.0rc2 (linux64 - "Debian GNU/Linux 11 (bullseye)")

CPU model: Intel(R) Core(TM) i7-4770 CPU @ 3.40GHz, instruction set [SSE2|AVX|AVX2]
Thread count: 4 physical cores, 8 logical processors, using up to 8 threads

Academic license 2483116 - for non-commercial use only - registered to ni___@fu-berlin.de
Optimize a model with 722 rows, 1600 columns and 5776 nonzeros
Model fingerprint: 0xfb466f3d
Variable types: 0 continuous, 1600 integer (1600 binary)
Coefficient statistics:
  Matrix range     [1e+00, 1e+00]
  Objective range  [0e+00, 0e+00]
  Bounds range     [1e+00, 1e+00]
  RHS range        [0e+00, 0e+00]

MIP start from previous solve did not produce a new incumbent solution

Presolve removed 4 rows and 241 columns
Presolve time: 0.01s
Presolved: 718 rows, 1359 columns, 4925 nonzeros
Variable types: 0 continuous, 1359 integer (1354 binary)

Root relaxation: objective 0.000000e+00, 2356 iterations, 0.17 seconds (0.17 work units)

    Nodes    |    Current Node    |     Objective Bounds      |     Work
 Expl Unexpl |  Obj  Depth IntInf | Incumbent    BestBd   Gap | It/Node Time

     0     0    0.00000    0  515          -    0.00000      -     -    0s
     0     0    0.00000    0  652          -    0.00000      -     -    0s
     0     0    0.00000    0  617          -    0.00000      -     -    0s
     0     0    0.00000    0  578          -    0.00000      -     -    1s
     0     0    0.00000    0  612          -    0.00000      -     -    1s
     0     0    0.00000    0  517          -    0.00000      -     -    1s
     0     0    0.00000    0  583          -    0.00000      -     -    1s
     0     0    0.00000    0  444          -    0.00000      -     -    2s
     0     0    0.00000    0  455          -    0.00000      -     -    2s
     0     0    0.00000    0  557          -    0.00000      -     -    2s
     0     0    0.00000    0  634          -    0.00000      -     -    2s
     0     0    0.00000    0  536          -    0.00000      -     -    2s
     0     0    0.00000    0  441          -    0.00000      -     -    3s
     0     2    0.00000    0  441          -    0.00000      -     -    3s
   910   476    0.00000   86  166          -    0.00000      -  40.1    5s
* 1067   355             102       0.0000000    0.00000  0.00%  36.0    5s

Cutting planes:
  Cover: 39
  Clique: 5
  Inf proof: 10
  Zero half: 16
  RLT: 2

Explored 1948 nodes (71942 simplex iterations) in 5.04 seconds (6.04 work units)
Thread count was 8 (of 8 available processors)

Solution count 1: 0 

Optimal solution found (tolerance 1.00e-04)
Best objective 0.000000000000e+00, best bound 0.000000000000e+00, gap 0.0000%

User-callback calls 5139, time in user-callback 0.00 sec
Gurobi Optimizer version 11.0.0 build v11.0.0rc2 (linux64 - "Debian GNU/Linux 11 (bullseye)")

CPU model: Intel(R) Core(TM) i7-4770 CPU @ 3.40GHz, instruction set [SSE2|AVX|AVX2]
Thread count: 4 physical cores, 8 logical processors, using up to 8 threads

Academic license 2483116 - for non-commercial use only - registered to ni___@fu-berlin.de
Optimize a model with 722 rows, 1600 columns and 5776 nonzeros
Model fingerprint: 0xf6740cc0
Variable types: 0 continuous, 1600 integer (1600 binary)
Coefficient statistics:
  Matrix range     [1e+00, 1e+00]
  Objective range  [0e+00, 0e+00]
  Bounds range     [1e+00, 1e+00]
  RHS range        [0e+00, 0e+00]

MIP start from previous solve did not produce a new incumbent solution

Presolve removed 7 rows and 247 columns
Presolve time: 0.01s
Presolved: 715 rows, 1353 columns, 4913 nonzeros
Variable types: 0 continuous, 1353 integer (1351 binary)

Root relaxation: infeasible, 1157 iterations, 0.03 seconds (0.03 work units)

    Nodes    |    Current Node    |     Objective Bounds      |     Work
 Expl Unexpl |  Obj  Depth IntInf | Incumbent    BestBd   Gap | It/Node Time

     0     0 infeasible    0               - infeasible      -     -    0s

Explored 1 nodes (1157 simplex iterations) in 0.12 seconds (0.05 work units)
Thread count was 8 (of 8 available processors)

Solution count 0

Model is infeasible
Best objective -, best bound -, gap -

User-callback calls 343, time in user-callback 0.00 sec
Gurobi Optimizer version 11.0.0 build v11.0.0rc2 (linux64 - "Debian GNU/Linux 11 (bullseye)")

CPU model: Intel(R) Core(TM) i7-4770 CPU @ 3.40GHz, instruction set [SSE2|AVX|AVX2]
Thread count: 4 physical cores, 8 logical processors, using up to 8 threads

Academic license 2483116 - for non-commercial use only - registered to ni___@fu-berlin.de
Optimize a model with 722 rows, 1600 columns and 5776 nonzeros
Model fingerprint: 0x52386b2c
Variable types: 0 continuous, 1600 integer (1600 binary)
Coefficient statistics:
  Matrix range     [1e+00, 1e+00]
  Objective range  [0e+00, 0e+00]
  Bounds range     [1e+00, 1e+00]
  RHS range        [0e+00, 0e+00]

MIP start from previous solve did not produce a new incumbent solution

Presolve removed 4 rows and 233 columns
Presolve time: 0.01s
Presolved: 718 rows, 1367 columns, 4965 nonzeros
Variable types: 0 continuous, 1367 integer (1363 binary)

Root relaxation: objective 0.000000e+00, 2214 iterations, 0.13 seconds (0.14 work units)

    Nodes    |    Current Node    |     Objective Bounds      |     Work
 Expl Unexpl |  Obj  Depth IntInf | Incumbent    BestBd   Gap | It/Node Time

     0     0    0.00000    0  476          -    0.00000      -     -    0s
     0     0    0.00000    0  565          -    0.00000      -     -    0s
     0     0    0.00000    0  670          -    0.00000      -     -    0s
     0     0    0.00000    0  489          -    0.00000      -     -    1s
     0     0    0.00000    0  474          -    0.00000      -     -    1s
     0     0    0.00000    0  465          -    0.00000      -     -    1s
     0     0    0.00000    0  471          -    0.00000      -     -    1s
     0     0    0.00000    0  431          -    0.00000      -     -    2s
     0     0    0.00000    0  427          -    0.00000      -     -    2s
     0     2    0.00000    0  427          -    0.00000      -     -    3s
   732   516    0.00000   38  517          -    0.00000      -  49.0    5s
  3349   637    0.00000   11  585          -    0.00000      -  58.1   10s
  3363   646    0.00000   27  469          -    0.00000      -  57.8   15s
  3959  1500    0.00000   32  752          -    0.00000      -  20.3   20s
* 4086  1326              92       0.0000000    0.00000  0.00%  20.6   20s

Cutting planes:
  Flow cover: 1
  Zero half: 10
  RLT: 2

Explored 5128 nodes (322412 simplex iterations) in 20.33 seconds (24.39 work units)
Thread count was 8 (of 8 available processors)

Solution count 1: 0 

Optimal solution found (tolerance 1.00e-04)
Best objective 0.000000000000e+00, best bound 0.000000000000e+00, gap 0.0000%

User-callback calls 13504, time in user-callback 0.00 sec
Gurobi Optimizer version 11.0.0 build v11.0.0rc2 (linux64 - "Debian GNU/Linux 11 (bullseye)")

CPU model: Intel(R) Core(TM) i7-4770 CPU @ 3.40GHz, instruction set [SSE2|AVX|AVX2]
Thread count: 4 physical cores, 8 logical processors, using up to 8 threads

Academic license 2483116 - for non-commercial use only - registered to ni___@fu-berlin.de
Optimize a model with 722 rows, 1600 columns and 5776 nonzeros
Model fingerprint: 0x1866d5d8
Variable types: 0 continuous, 1600 integer (1600 binary)
Coefficient statistics:
  Matrix range     [1e+00, 1e+00]
  Objective range  [0e+00, 0e+00]
  Bounds range     [1e+00, 1e+00]
  RHS range        [0e+00, 0e+00]

MIP start from previous solve did not produce a new incumbent solution

Presolve removed 2 rows and 234 columns
Presolve time: 0.01s
Presolved: 720 rows, 1366 columns, 4968 nonzeros
Variable types: 0 continuous, 1366 integer (1364 binary)

Root relaxation: objective 0.000000e+00, 2273 iterations, 0.13 seconds (0.14 work units)

    Nodes    |    Current Node    |     Objective Bounds      |     Work
 Expl Unexpl |  Obj  Depth IntInf | Incumbent    BestBd   Gap | It/Node Time

     0     0    0.00000    0  534          -    0.00000      -     -    0s
     0     0    0.00000    0  674          -    0.00000      -     -    0s
     0     0    0.00000    0  669          -    0.00000      -     -    0s
     0     0    0.00000    0  532          -    0.00000      -     -    1s
     0     0    0.00000    0  554          -    0.00000      -     -    1s
     0     0    0.00000    0  518          -    0.00000      -     -    1s
     0     0    0.00000    0  514          -    0.00000      -     -    1s
     0     0    0.00000    0  511          -    0.00000      -     -    2s
     0     0    0.00000    0  592          -    0.00000      -     -    2s
     0     0    0.00000    0  498          -    0.00000      -     -    2s
     0     0    0.00000    0  498          -    0.00000      -     -    2s
     0     2    0.00000    0  409          -    0.00000      -     -    3s
* 1202   269              89       0.0000000    0.00000  0.00%  38.3    4s

Cutting planes:
  Cover: 46
  Clique: 1
  MIR: 2
  Inf proof: 2
  Zero half: 17
  RLT: 2

Explored 1452 nodes (74543 simplex iterations) in 4.75 seconds (6.24 work units)
Thread count was 8 (of 8 available processors)

Solution count 1: 0 

Optimal solution found (tolerance 1.00e-04)
Best objective 0.000000000000e+00, best bound 0.000000000000e+00, gap 0.0000%

User-callback calls 3960, time in user-callback 0.00 sec
Gurobi Optimizer version 11.0.0 build v11.0.0rc2 (linux64 - "Debian GNU/Linux 11 (bullseye)")

CPU model: Intel(R) Core(TM) i7-4770 CPU @ 3.40GHz, instruction set [SSE2|AVX|AVX2]
Thread count: 4 physical cores, 8 logical processors, using up to 8 threads

Academic license 2483116 - for non-commercial use only - registered to ni___@fu-berlin.de
Optimize a model with 722 rows, 1600 columns and 5776 nonzeros
Model fingerprint: 0x86fa867e
Variable types: 0 continuous, 1600 integer (1600 binary)
Coefficient statistics:
  Matrix range     [1e+00, 1e+00]
  Objective range  [0e+00, 0e+00]
  Bounds range     [1e+00, 1e+00]
  RHS range        [0e+00, 0e+00]

MIP start from previous solve did not produce a new incumbent solution

Presolve removed 1 rows and 228 columns
Presolve time: 0.01s
Presolved: 721 rows, 1372 columns, 4975 nonzeros
Variable types: 0 continuous, 1372 integer (1367 binary)

Root relaxation: objective 0.000000e+00, 2193 iterations, 0.13 seconds (0.14 work units)

    Nodes    |    Current Node    |     Objective Bounds      |     Work
 Expl Unexpl |  Obj  Depth IntInf | Incumbent    BestBd   Gap | It/Node Time

     0     0    0.00000    0  607          -    0.00000      -     -    0s
     0     0    0.00000    0  662          -    0.00000      -     -    0s
     0     0    0.00000    0  675          -    0.00000      -     -    0s
     0     0    0.00000    0  482          -    0.00000      -     -    1s
     0     0    0.00000    0  482          -    0.00000      -     -    1s
H    0     0                       0.0000000    0.00000  0.00%     -    1s
     0     0    0.00000    0  478    0.00000    0.00000  0.00%     -    1s

Cutting planes:
  Gomory: 1
  Clique: 5
  MIR: 2
  Zero half: 120
  RLT: 1

Explored 1 nodes (13242 simplex iterations) in 1.77 seconds (1.66 work units)
Thread count was 8 (of 8 available processors)

Solution count 1: 0 

Optimal solution found (tolerance 1.00e-04)
Best objective 0.000000000000e+00, best bound 0.000000000000e+00, gap 0.0000%

User-callback calls 491, time in user-callback 0.00 sec
Gurobi Optimizer version 11.0.0 build v11.0.0rc2 (linux64 - "Debian GNU/Linux 11 (bullseye)")

CPU model: Intel(R) Core(TM) i7-4770 CPU @ 3.40GHz, instruction set [SSE2|AVX|AVX2]
Thread count: 4 physical cores, 8 logical processors, using up to 8 threads

Academic license 2483116 - for non-commercial use only - registered to ni___@fu-berlin.de
Optimize a model with 722 rows, 1600 columns and 5776 nonzeros
Model fingerprint: 0xd3a25b8d
Variable types: 0 continuous, 1600 integer (1600 binary)
Coefficient statistics:
  Matrix range     [1e+00, 1e+00]
  Objective range  [0e+00, 0e+00]
  Bounds range     [1e+00, 1e+00]
  RHS range        [0e+00, 0e+00]

MIP start from previous solve did not produce a new incumbent solution

Presolve removed 6 rows and 237 columns
Presolve time: 0.01s
Presolved: 716 rows, 1363 columns, 4939 nonzeros
Variable types: 0 continuous, 1363 integer (1360 binary)

Root relaxation: objective 0.000000e+00, 2182 iterations, 0.12 seconds (0.14 work units)

    Nodes    |    Current Node    |     Objective Bounds      |     Work
 Expl Unexpl |  Obj  Depth IntInf | Incumbent    BestBd   Gap | It/Node Time

     0     0    0.00000    0  473          -    0.00000      -     -    0s
     0     0    0.00000    0  594          -    0.00000      -     -    0s
     0     0    0.00000    0  595          -    0.00000      -     -    0s
H    0     0                       0.0000000    0.00000  0.00%     -    1s
     0     0    0.00000    0  513    0.00000    0.00000  0.00%     -    1s

Cutting planes:
  Gomory: 3
  Clique: 3
  Zero half: 104
  RLT: 2

Explored 1 nodes (10767 simplex iterations) in 1.34 seconds (1.32 work units)
Thread count was 8 (of 8 available processors)

Solution count 1: 0 

Optimal solution found (tolerance 1.00e-04)
Best objective 0.000000000000e+00, best bound 0.000000000000e+00, gap 0.0000%

User-callback calls 636, time in user-callback 0.00 sec
Gurobi Optimizer version 11.0.0 build v11.0.0rc2 (linux64 - "Debian GNU/Linux 11 (bullseye)")

CPU model: Intel(R) Core(TM) i7-4770 CPU @ 3.40GHz, instruction set [SSE2|AVX|AVX2]
Thread count: 4 physical cores, 8 logical processors, using up to 8 threads

Academic license 2483116 - for non-commercial use only - registered to ni___@fu-berlin.de
Optimize a model with 722 rows, 1600 columns and 5776 nonzeros
Model fingerprint: 0x3cfec55b
Variable types: 0 continuous, 1600 integer (1600 binary)
Coefficient statistics:
  Matrix range     [1e+00, 1e+00]
  Objective range  [0e+00, 0e+00]
  Bounds range     [1e+00, 1e+00]
  RHS range        [0e+00, 0e+00]

MIP start from previous solve did not produce a new incumbent solution

Presolve removed 8 rows and 251 columns
Presolve time: 0.01s
Presolved: 714 rows, 1349 columns, 4894 nonzeros
Variable types: 0 continuous, 1349 integer (1346 binary)

Root relaxation: objective 0.000000e+00, 2054 iterations, 0.15 seconds (0.13 work units)

    Nodes    |    Current Node    |     Objective Bounds      |     Work
 Expl Unexpl |  Obj  Depth IntInf | Incumbent    BestBd   Gap | It/Node Time

     0     0    0.00000    0  566          -    0.00000      -     -    0s
     0     0    0.00000    0  665          -    0.00000      -     -    0s
     0     0    0.00000    0  657          -    0.00000      -     -    0s
     0     0    0.00000    0  536          -    0.00000      -     -    1s
     0     0    0.00000    0  610          -    0.00000      -     -    1s
     0     0    0.00000    0  512          -    0.00000      -     -    1s
     0     0    0.00000    0  595          -    0.00000      -     -    1s
     0     0    0.00000    0  446          -    0.00000      -     -    1s
     0     0    0.00000    0  579          -    0.00000      -     -    2s
     0     0    0.00000    0  569          -    0.00000      -     -    2s
     0     0    0.00000    0  524          -    0.00000      -     -    2s
     0     0    0.00000    0  366          -    0.00000      -     -    2s
     0     0    0.00000    0  428          -    0.00000      -     -    2s
     0     0    0.00000    0  472          -    0.00000      -     -    3s
     0     0    0.00000    0  344          -    0.00000      -     -    3s
     0     2    0.00000    0  344          -    0.00000      -     -    4s
   212   116 infeasible   12               -    0.00000      -   130    5s
H 1994   301                       0.0000000    0.00000  0.00%  66.7    7s

Cutting planes:
  Cover: 136
  Clique: 2
  MIR: 4
  Inf proof: 17
  Zero half: 32
  RLT: 10

Explored 2813 nodes (179709 simplex iterations) in 7.55 seconds (10.52 work units)
Thread count was 8 (of 8 available processors)

Solution count 1: 0 

Optimal solution found (tolerance 1.00e-04)
Best objective 0.000000000000e+00, best bound 0.000000000000e+00, gap 0.0000%

User-callback calls 6881, time in user-callback 0.00 sec
Gurobi Optimizer version 11.0.0 build v11.0.0rc2 (linux64 - "Debian GNU/Linux 11 (bullseye)")

CPU model: Intel(R) Core(TM) i7-4770 CPU @ 3.40GHz, instruction set [SSE2|AVX|AVX2]
Thread count: 4 physical cores, 8 logical processors, using up to 8 threads

Academic license 2483116 - for non-commercial use only - registered to ni___@fu-berlin.de
Optimize a model with 722 rows, 1600 columns and 5776 nonzeros
Model fingerprint: 0xf418aa66
Variable types: 0 continuous, 1600 integer (1600 binary)
Coefficient statistics:
  Matrix range     [1e+00, 1e+00]
  Objective range  [0e+00, 0e+00]
  Bounds range     [1e+00, 1e+00]
  RHS range        [0e+00, 0e+00]

MIP start from previous solve did not produce a new incumbent solution

Presolve removed 0 rows and 214 columns
Presolve time: 0.00s

Explored 0 nodes (0 simplex iterations) in 0.15 seconds (0.00 work units)
Thread count was 1 (of 8 available processors)

Solution count 0

Model is infeasible
Best objective -, best bound -, gap -

User-callback calls 37, time in user-callback 0.00 sec
Gurobi Optimizer version 11.0.0 build v11.0.0rc2 (linux64 - "Debian GNU/Linux 11 (bullseye)")

CPU model: Intel(R) Core(TM) i7-4770 CPU @ 3.40GHz, instruction set [SSE2|AVX|AVX2]
Thread count: 4 physical cores, 8 logical processors, using up to 8 threads

Academic license 2483116 - for non-commercial use only - registered to ni___@fu-berlin.de
Optimize a model with 722 rows, 1600 columns and 5776 nonzeros
Model fingerprint: 0xc306c5d9
Variable types: 0 continuous, 1600 integer (1600 binary)
Coefficient statistics:
  Matrix range     [1e+00, 1e+00]
  Objective range  [0e+00, 0e+00]
  Bounds range     [1e+00, 1e+00]
  RHS range        [0e+00, 0e+00]

MIP start from previous solve did not produce a new incumbent solution

Presolve removed 15 rows and 265 columns
Presolve time: 0.04s
Presolved: 707 rows, 1335 columns, 4867 nonzeros
Variable types: 0 continuous, 1335 integer (1331 binary)

Root relaxation: objective 0.000000e+00, 2123 iterations, 0.17 seconds (0.13 work units)

    Nodes    |    Current Node    |     Objective Bounds      |     Work
 Expl Unexpl |  Obj  Depth IntInf | Incumbent    BestBd   Gap | It/Node Time

     0     0    0.00000    0  575          -    0.00000      -     -    0s
     0     0    0.00000    0  657          -    0.00000      -     -    0s
     0     0    0.00000    0  647          -    0.00000      -     -    0s
     0     0    0.00000    0  543          -    0.00000      -     -    1s
     0     0    0.00000    0  602          -    0.00000      -     -    1s
     0     0    0.00000    0  430          -    0.00000      -     -    2s
     0     0    0.00000    0  564          -    0.00000      -     -    2s
     0     0    0.00000    0  332          -    0.00000      -     -    2s
     0     0    0.00000    0  427          -    0.00000      -     -    2s
     0     0    0.00000    0  339          -    0.00000      -     -    3s
     0     0    0.00000    0  461          -    0.00000      -     -    3s
     0     0    0.00000    0  333          -    0.00000      -     -    3s
     0     0    0.00000    0  359          -    0.00000      -     -    3s
     0     0    0.00000    0  411          -    0.00000      -     -    3s
     0     0    0.00000    0  293          -    0.00000      -     -    4s
     0     2    0.00000    0  293          -    0.00000      -     -    4s
    31    44    0.00000    7  620          -    0.00000      -   139    5s
  1003   934 infeasible   32               -    0.00000      -   160   10s
  1466   943    0.00000   34  604          -    0.00000      -   135   15s
  2017  1823    0.00000   57  244          -    0.00000      -  33.5   20s
* 2062  1739              74       0.0000000    0.00000  0.00%  33.1   20s

Cutting planes:
  Cover: 1
  Clique: 1
  Zero half: 11
  RLT: 2

Explored 3721 nodes (318431 simplex iterations) in 20.37 seconds (24.54 work units)
Thread count was 8 (of 8 available processors)

Solution count 1: 0 

Optimal solution found (tolerance 1.00e-04)
Best objective 0.000000000000e+00, best bound 0.000000000000e+00, gap 0.0000%

User-callback calls 10922, time in user-callback 0.00 sec
Gurobi Optimizer version 11.0.0 build v11.0.0rc2 (linux64 - "Debian GNU/Linux 11 (bullseye)")

CPU model: Intel(R) Core(TM) i7-4770 CPU @ 3.40GHz, instruction set [SSE2|AVX|AVX2]
Thread count: 4 physical cores, 8 logical processors, using up to 8 threads

Academic license 2483116 - for non-commercial use only - registered to ni___@fu-berlin.de
Optimize a model with 722 rows, 1600 columns and 5776 nonzeros
Model fingerprint: 0x08f7c2ef
Variable types: 0 continuous, 1600 integer (1600 binary)
Coefficient statistics:
  Matrix range     [1e+00, 1e+00]
  Objective range  [0e+00, 0e+00]
  Bounds range     [1e+00, 1e+00]
  RHS range        [0e+00, 0e+00]

MIP start from previous solve did not produce a new incumbent solution

Presolve removed 5 rows and 236 columns
Presolve time: 0.01s
Presolved: 717 rows, 1364 columns, 4943 nonzeros
Variable types: 0 continuous, 1364 integer (1361 binary)

Root relaxation: objective 0.000000e+00, 2091 iterations, 0.12 seconds (0.14 work units)

    Nodes    |    Current Node    |     Objective Bounds      |     Work
 Expl Unexpl |  Obj  Depth IntInf | Incumbent    BestBd   Gap | It/Node Time

     0     0    0.00000    0  554          -    0.00000      -     -    0s
     0     0    0.00000    0  600          -    0.00000      -     -    0s
     0     0    0.00000    0  613          -    0.00000      -     -    0s
     0     0    0.00000    0  481          -    0.00000      -     -    1s
     0     0    0.00000    0  516          -    0.00000      -     -    1s
     0     0    0.00000    0  492          -    0.00000      -     -    1s
     0     0    0.00000    0  512          -    0.00000      -     -    1s
     0     0    0.00000    0  413          -    0.00000      -     -    1s
     0     0    0.00000    0  488          -    0.00000      -     -    1s
     0     0    0.00000    0  489          -    0.00000      -     -    2s
     0     0    0.00000    0  526          -    0.00000      -     -    2s
     0     0    0.00000    0  479          -    0.00000      -     -    2s
     0     0    0.00000    0  525          -    0.00000      -     -    2s
     0     0    0.00000    0  511          -    0.00000      -     -    3s
     0     0    0.00000    0  484          -    0.00000      -     -    3s
     0     2    0.00000    0  456          -    0.00000      -     -    4s
   379   250    0.00000   40  603          -    0.00000      -  63.7    5s
  3488   393    0.00000   22  496          -    0.00000      -  53.0   10s
H 3492   376                       0.0000000    0.00000  0.00%  52.9   12s

Cutting planes:
  Gomory: 6
  Flow cover: 1
  Zero half: 80
  RLT: 3

Explored 3492 nodes (231132 simplex iterations) in 12.33 seconds (16.78 work units)
Thread count was 8 (of 8 available processors)

Solution count 1: 0 

Optimal solution found (tolerance 1.00e-04)
Best objective 0.000000000000e+00, best bound 0.000000000000e+00, gap 0.0000%

User-callback calls 8523, time in user-callback 0.00 sec
Gurobi Optimizer version 11.0.0 build v11.0.0rc2 (linux64 - "Debian GNU/Linux 11 (bullseye)")

CPU model: Intel(R) Core(TM) i7-4770 CPU @ 3.40GHz, instruction set [SSE2|AVX|AVX2]
Thread count: 4 physical cores, 8 logical processors, using up to 8 threads

Academic license 2483116 - for non-commercial use only - registered to ni___@fu-berlin.de
Optimize a model with 722 rows, 1600 columns and 5776 nonzeros
Model fingerprint: 0xc11da84f
Variable types: 0 continuous, 1600 integer (1600 binary)
Coefficient statistics:
  Matrix range     [1e+00, 1e+00]
  Objective range  [0e+00, 0e+00]
  Bounds range     [1e+00, 1e+00]
  RHS range        [0e+00, 0e+00]

MIP start from previous solve did not produce a new incumbent solution

Presolve removed 2 rows and 230 columns
Presolve time: 0.01s
Presolved: 720 rows, 1370 columns, 4969 nonzeros
Variable types: 0 continuous, 1370 integer (1366 binary)

Root relaxation: objective 0.000000e+00, 2281 iterations, 0.15 seconds (0.16 work units)

    Nodes    |    Current Node    |     Objective Bounds      |     Work
 Expl Unexpl |  Obj  Depth IntInf | Incumbent    BestBd   Gap | It/Node Time

     0     0    0.00000    0  567          -    0.00000      -     -    0s
     0     0    0.00000    0  705          -    0.00000      -     -    0s
     0     0    0.00000    0  688          -    0.00000      -     -    0s
     0     0    0.00000    0  532          -    0.00000      -     -    1s
H    0     0                       0.0000000    0.00000  0.00%     -    1s
     0     0    0.00000    0  459    0.00000    0.00000  0.00%     -    1s

Cutting planes:
  Clique: 3
  Zero half: 106
  RLT: 4

Explored 1 nodes (12852 simplex iterations) in 1.71 seconds (1.69 work units)
Thread count was 8 (of 8 available processors)

Solution count 1: 0 

Optimal solution found (tolerance 1.00e-04)
Best objective 0.000000000000e+00, best bound 0.000000000000e+00, gap 0.0000%

User-callback calls 547, time in user-callback 0.00 sec
Gurobi Optimizer version 11.0.0 build v11.0.0rc2 (linux64 - "Debian GNU/Linux 11 (bullseye)")

CPU model: Intel(R) Core(TM) i7-4770 CPU @ 3.40GHz, instruction set [SSE2|AVX|AVX2]
Thread count: 4 physical cores, 8 logical processors, using up to 8 threads

Academic license 2483116 - for non-commercial use only - registered to ni___@fu-berlin.de
Optimize a model with 722 rows, 1600 columns and 5776 nonzeros
Model fingerprint: 0x54f59bbf
Variable types: 0 continuous, 1600 integer (1600 binary)
Coefficient statistics:
  Matrix range     [1e+00, 1e+00]
  Objective range  [0e+00, 0e+00]
  Bounds range     [1e+00, 1e+00]
  RHS range        [0e+00, 0e+00]

MIP start from previous solve did not produce a new incumbent solution

Presolve removed 3 rows and 233 columns
Presolve time: 0.02s
Presolved: 719 rows, 1367 columns, 4984 nonzeros
Variable types: 0 continuous, 1367 integer (1365 binary)

Root relaxation: objective 0.000000e+00, 2419 iterations, 0.18 seconds (0.17 work units)

    Nodes    |    Current Node    |     Objective Bounds      |     Work
 Expl Unexpl |  Obj  Depth IntInf | Incumbent    BestBd   Gap | It/Node Time

     0     0    0.00000    0  410          -    0.00000      -     -    0s
     0     0    0.00000    0  472          -    0.00000      -     -    0s
     0     0    0.00000    0  492          -    0.00000      -     -    0s
     0     0    0.00000    0  461          -    0.00000      -     -    1s
     0     0    0.00000    0  474          -    0.00000      -     -    1s
     0     0    0.00000    0  530          -    0.00000      -     -    1s
     0     0    0.00000    0  515          -    0.00000      -     -    1s
H    0     0                       0.0000000    0.00000  0.00%     -    1s
     0     0    0.00000    0  402    0.00000    0.00000  0.00%     -    1s

Cutting planes:
  Gomory: 2
  Inf proof: 1
  Zero half: 107
  RLT: 2

Explored 1 nodes (14701 simplex iterations) in 2.00 seconds (1.90 work units)
Thread count was 8 (of 8 available processors)

Solution count 1: 0 

Optimal solution found (tolerance 1.00e-04)
Best objective 0.000000000000e+00, best bound 0.000000000000e+00, gap 0.0000%

User-callback calls 585, time in user-callback 0.00 sec
Gurobi Optimizer version 11.0.0 build v11.0.0rc2 (linux64 - "Debian GNU/Linux 11 (bullseye)")

CPU model: Intel(R) Core(TM) i7-4770 CPU @ 3.40GHz, instruction set [SSE2|AVX|AVX2]
Thread count: 4 physical cores, 8 logical processors, using up to 8 threads

Academic license 2483116 - for non-commercial use only - registered to ni___@fu-berlin.de
Optimize a model with 722 rows, 1600 columns and 5776 nonzeros
Model fingerprint: 0x75e6b3c7
Variable types: 0 continuous, 1600 integer (1600 binary)
Coefficient statistics:
  Matrix range     [1e+00, 1e+00]
  Objective range  [0e+00, 0e+00]
  Bounds range     [1e+00, 1e+00]
  RHS range        [0e+00, 0e+00]

MIP start from previous solve did not produce a new incumbent solution

Presolve removed 2 rows and 221 columns
Presolve time: 0.00s

Explored 0 nodes (0 simplex iterations) in 0.05 seconds (0.00 work units)
Thread count was 1 (of 8 available processors)

Solution count 0

Model is infeasible
Best objective -, best bound -, gap -

User-callback calls 51, time in user-callback 0.00 sec
Gurobi Optimizer version 11.0.0 build v11.0.0rc2 (linux64 - "Debian GNU/Linux 11 (bullseye)")

CPU model: Intel(R) Core(TM) i7-4770 CPU @ 3.40GHz, instruction set [SSE2|AVX|AVX2]
Thread count: 4 physical cores, 8 logical processors, using up to 8 threads

Academic license 2483116 - for non-commercial use only - registered to ni___@fu-berlin.de
Optimize a model with 722 rows, 1600 columns and 5776 nonzeros
Model fingerprint: 0x4037bcf1
Variable types: 0 continuous, 1600 integer (1600 binary)
Coefficient statistics:
  Matrix range     [1e+00, 1e+00]
  Objective range  [0e+00, 0e+00]
  Bounds range     [1e+00, 1e+00]
  RHS range        [0e+00, 0e+00]

MIP start from previous solve did not produce a new incumbent solution

Presolve removed 0 rows and 219 columns
Presolve time: 0.00s

Explored 0 nodes (0 simplex iterations) in 0.07 seconds (0.00 work units)
Thread count was 1 (of 8 available processors)

Solution count 0

Model is infeasible
Best objective -, best bound -, gap -

User-callback calls 41, time in user-callback 0.00 sec
Gurobi Optimizer version 11.0.0 build v11.0.0rc2 (linux64 - "Debian GNU/Linux 11 (bullseye)")

CPU model: Intel(R) Core(TM) i7-4770 CPU @ 3.40GHz, instruction set [SSE2|AVX|AVX2]
Thread count: 4 physical cores, 8 logical processors, using up to 8 threads

Academic license 2483116 - for non-commercial use only - registered to ni___@fu-berlin.de
Optimize a model with 722 rows, 1600 columns and 5776 nonzeros
Model fingerprint: 0xc35ef675
Variable types: 0 continuous, 1600 integer (1600 binary)
Coefficient statistics:
  Matrix range     [1e+00, 1e+00]
  Objective range  [0e+00, 0e+00]
  Bounds range     [1e+00, 1e+00]
  RHS range        [0e+00, 0e+00]

MIP start from previous solve did not produce a new incumbent solution

Presolve removed 4 rows and 239 columns
Presolve time: 0.06s
Presolved: 718 rows, 1361 columns, 4952 nonzeros
Variable types: 0 continuous, 1361 integer (1358 binary)

Root relaxation: objective 0.000000e+00, 2332 iterations, 0.16 seconds (0.16 work units)

    Nodes    |    Current Node    |     Objective Bounds      |     Work
 Expl Unexpl |  Obj  Depth IntInf | Incumbent    BestBd   Gap | It/Node Time

     0     0    0.00000    0  534          -    0.00000      -     -    0s
     0     0    0.00000    0  654          -    0.00000      -     -    0s
     0     0    0.00000    0  419          -    0.00000      -     -    1s
     0     0    0.00000    0  508          -    0.00000      -     -    1s
     0     0    0.00000    0  478          -    0.00000      -     -    1s
     0     0    0.00000    0  599          -    0.00000      -     -    1s
H    0     0                       0.0000000    0.00000  0.00%     -    2s
     0     0    0.00000    0  540    0.00000    0.00000  0.00%     -    2s

Cutting planes:
  Zero half: 102

Explored 1 nodes (16190 simplex iterations) in 2.28 seconds (2.07 work units)
Thread count was 8 (of 8 available processors)

Solution count 1: 0 

Optimal solution found (tolerance 1.00e-04)
Best objective 0.000000000000e+00, best bound 0.000000000000e+00, gap 0.0000%

User-callback calls 555, time in user-callback 0.00 sec
Gurobi Optimizer version 11.0.0 build v11.0.0rc2 (linux64 - "Debian GNU/Linux 11 (bullseye)")

CPU model: Intel(R) Core(TM) i7-4770 CPU @ 3.40GHz, instruction set [SSE2|AVX|AVX2]
Thread count: 4 physical cores, 8 logical processors, using up to 8 threads

Academic license 2483116 - for non-commercial use only - registered to ni___@fu-berlin.de
Optimize a model with 722 rows, 1600 columns and 5776 nonzeros
Model fingerprint: 0x7baf280c
Variable types: 0 continuous, 1600 integer (1600 binary)
Coefficient statistics:
  Matrix range     [1e+00, 1e+00]
  Objective range  [0e+00, 0e+00]
  Bounds range     [1e+00, 1e+00]
  RHS range        [0e+00, 0e+00]

MIP start from previous solve did not produce a new incumbent solution

Presolve removed 6 rows and 246 columns
Presolve time: 0.01s
Presolved: 716 rows, 1354 columns, 4928 nonzeros
Variable types: 0 continuous, 1354 integer (1349 binary)

Root relaxation: objective 0.000000e+00, 2217 iterations, 0.15 seconds (0.15 work units)

    Nodes    |    Current Node    |     Objective Bounds      |     Work
 Expl Unexpl |  Obj  Depth IntInf | Incumbent    BestBd   Gap | It/Node Time

     0     0    0.00000    0  449          -    0.00000      -     -    0s
     0     0    0.00000    0  649          -    0.00000      -     -    0s
     0     0    0.00000    0  671          -    0.00000      -     -    0s
     0     0    0.00000    0  495          -    0.00000      -     -    1s
     0     0    0.00000    0  626          -    0.00000      -     -    1s
     0     0    0.00000    0  483          -    0.00000      -     -    1s
     0     0    0.00000    0  517          -    0.00000      -     -    1s
     0     0    0.00000    0  428          -    0.00000      -     -    2s
     0     0    0.00000    0  558          -    0.00000      -     -    2s
     0     0    0.00000    0  280          -    0.00000      -     -    2s
     0     0    0.00000    0  520          -    0.00000      -     -    2s
     0     0    0.00000    0  349          -    0.00000      -     -    2s
     0     0    0.00000    0  349          -    0.00000      -     -    3s
     0     2    0.00000    0  276          -    0.00000      -     -    4s
   414   400 infeasible   38               -    0.00000      -  56.8    5s
*  824   319             103       0.0000000    0.00000  0.00%  45.7    5s

Cutting planes:
  Cover: 9
  MIR: 2
  Zero half: 21
  RLT: 5

Explored 1902 nodes (70653 simplex iterations) in 5.51 seconds (6.97 work units)
Thread count was 8 (of 8 available processors)

Solution count 1: 0 

Optimal solution found (tolerance 1.00e-04)
Best objective 0.000000000000e+00, best bound 0.000000000000e+00, gap 0.0000%

User-callback calls 5052, time in user-callback 0.00 sec
Gurobi Optimizer version 11.0.0 build v11.0.0rc2 (linux64 - "Debian GNU/Linux 11 (bullseye)")

CPU model: Intel(R) Core(TM) i7-4770 CPU @ 3.40GHz, instruction set [SSE2|AVX|AVX2]
Thread count: 4 physical cores, 8 logical processors, using up to 8 threads

Academic license 2483116 - for non-commercial use only - registered to ni___@fu-berlin.de
Optimize a model with 722 rows, 1600 columns and 5776 nonzeros
Model fingerprint: 0xd86703b3
Variable types: 0 continuous, 1600 integer (1600 binary)
Coefficient statistics:
  Matrix range     [1e+00, 1e+00]
  Objective range  [0e+00, 0e+00]
  Bounds range     [1e+00, 1e+00]
  RHS range        [0e+00, 0e+00]

MIP start from previous solve did not produce a new incumbent solution

Presolve removed 0 rows and 220 columns
Presolve time: 0.00s

Explored 0 nodes (0 simplex iterations) in 0.08 seconds (0.00 work units)
Thread count was 1 (of 8 available processors)

Solution count 0

Model is infeasible
Best objective -, best bound -, gap -

User-callback calls 37, time in user-callback 0.00 sec
Gurobi Optimizer version 11.0.0 build v11.0.0rc2 (linux64 - "Debian GNU/Linux 11 (bullseye)")

CPU model: Intel(R) Core(TM) i7-4770 CPU @ 3.40GHz, instruction set [SSE2|AVX|AVX2]
Thread count: 4 physical cores, 8 logical processors, using up to 8 threads

Academic license 2483116 - for non-commercial use only - registered to ni___@fu-berlin.de
Optimize a model with 722 rows, 1600 columns and 5776 nonzeros
Model fingerprint: 0x1249d0f7
Variable types: 0 continuous, 1600 integer (1600 binary)
Coefficient statistics:
  Matrix range     [1e+00, 1e+00]
  Objective range  [0e+00, 0e+00]
  Bounds range     [1e+00, 1e+00]
  RHS range        [0e+00, 0e+00]

MIP start from previous solve did not produce a new incumbent solution

Presolve removed 9 rows and 247 columns
Presolve time: 0.01s
Presolved: 713 rows, 1353 columns, 4927 nonzeros
Variable types: 0 continuous, 1353 integer (1350 binary)

Root relaxation: objective 0.000000e+00, 2249 iterations, 0.13 seconds (0.15 work units)

    Nodes    |    Current Node    |     Objective Bounds      |     Work
 Expl Unexpl |  Obj  Depth IntInf | Incumbent    BestBd   Gap | It/Node Time

     0     0    0.00000    0  487          -    0.00000      -     -    0s
     0     0    0.00000    0  655          -    0.00000      -     -    0s
     0     0    0.00000    0  645          -    0.00000      -     -    0s
     0     0    0.00000    0  371          -    0.00000      -     -    1s
     0     0    0.00000    0  453          -    0.00000      -     -    1s
     0     0    0.00000    0  418          -    0.00000      -     -    1s
     0     0    0.00000    0  434          -    0.00000      -     -    1s
     0     0    0.00000    0  431          -    0.00000      -     -    2s
     0     0    0.00000    0  443          -    0.00000      -     -    2s
     0     0    0.00000    0  476          -    0.00000      -     -    2s
     0     0    0.00000    0  476          -    0.00000      -     -    2s
     0     2    0.00000    0  476          -    0.00000      -     -    3s
   822   565 infeasible   33               -    0.00000      -  62.3    5s
  2002   832    0.00000   35  556          -    0.00000      -  59.1   10s
H 2007   794                       0.0000000    0.00000  0.00%  58.9   12s

Cutting planes:
  Gomory: 4
  Clique: 1
  Flow cover: 2
  Zero half: 95
  RLT: 8

Explored 2007 nodes (170753 simplex iterations) in 12.34 seconds (14.63 work units)
Thread count was 8 (of 8 available processors)

Solution count 1: 0 

Optimal solution found (tolerance 1.00e-04)
Best objective 0.000000000000e+00, best bound 0.000000000000e+00, gap 0.0000%

User-callback calls 5874, time in user-callback 0.00 sec
Gurobi Optimizer version 11.0.0 build v11.0.0rc2 (linux64 - "Debian GNU/Linux 11 (bullseye)")

CPU model: Intel(R) Core(TM) i7-4770 CPU @ 3.40GHz, instruction set [SSE2|AVX|AVX2]
Thread count: 4 physical cores, 8 logical processors, using up to 8 threads

Academic license 2483116 - for non-commercial use only - registered to ni___@fu-berlin.de
Optimize a model with 722 rows, 1600 columns and 5776 nonzeros
Model fingerprint: 0x2ff687ca
Variable types: 0 continuous, 1600 integer (1600 binary)
Coefficient statistics:
  Matrix range     [1e+00, 1e+00]
  Objective range  [0e+00, 0e+00]
  Bounds range     [1e+00, 1e+00]
  RHS range        [0e+00, 0e+00]

MIP start from previous solve did not produce a new incumbent solution

Presolve removed 0 rows and 218 columns
Presolve time: 0.00s

Explored 0 nodes (0 simplex iterations) in 0.06 seconds (0.00 work units)
Thread count was 1 (of 8 available processors)

Solution count 0

Model is infeasible
Best objective -, best bound -, gap -

User-callback calls 37, time in user-callback 0.00 sec
Gurobi Optimizer version 11.0.0 build v11.0.0rc2 (linux64 - "Debian GNU/Linux 11 (bullseye)")

CPU model: Intel(R) Core(TM) i7-4770 CPU @ 3.40GHz, instruction set [SSE2|AVX|AVX2]
Thread count: 4 physical cores, 8 logical processors, using up to 8 threads

Academic license 2483116 - for non-commercial use only - registered to ni___@fu-berlin.de
Optimize a model with 722 rows, 1600 columns and 5776 nonzeros
Model fingerprint: 0x5700e502
Variable types: 0 continuous, 1600 integer (1600 binary)
Coefficient statistics:
  Matrix range     [1e+00, 1e+00]
  Objective range  [0e+00, 0e+00]
  Bounds range     [1e+00, 1e+00]
  RHS range        [0e+00, 0e+00]

MIP start from previous solve did not produce a new incumbent solution

Presolve removed 3 rows and 235 columns
Presolve time: 0.02s
Presolved: 719 rows, 1365 columns, 4973 nonzeros
Variable types: 0 continuous, 1365 integer (1364 binary)

Root relaxation: objective 0.000000e+00, 2259 iterations, 0.18 seconds (0.15 work units)

    Nodes    |    Current Node    |     Objective Bounds      |     Work
 Expl Unexpl |  Obj  Depth IntInf | Incumbent    BestBd   Gap | It/Node Time

     0     0    0.00000    0  496          -    0.00000      -     -    0s
     0     0    0.00000    0  642          -    0.00000      -     -    0s
     0     0    0.00000    0  638          -    0.00000      -     -    0s
     0     0    0.00000    0  513          -    0.00000      -     -    1s
     0     0    0.00000    0  515          -    0.00000      -     -    1s
     0     0    0.00000    0  571          -    0.00000      -     -    1s
     0     0    0.00000    0  471          -    0.00000      -     -    2s
     0     0    0.00000    0  471          -    0.00000      -     -    2s
     0     2    0.00000    0  471          -    0.00000      -     -    3s
  2713   636    0.00000   70  291          -    0.00000      -  34.1    5s
  6316   726    0.00000   79  607          -    0.00000      -  36.9   10s
H 6321   692                       0.0000000    0.00000  0.00%  36.8   12s

Cutting planes:
  Gomory: 4
  Clique: 1
  Flow cover: 1
  Zero half: 124
  RLT: 2

Explored 6321 nodes (278410 simplex iterations) in 12.72 seconds (15.57 work units)
Thread count was 8 (of 8 available processors)

Solution count 1: 0 

Optimal solution found (tolerance 1.00e-04)
Best objective 0.000000000000e+00, best bound 0.000000000000e+00, gap 0.0000%

User-callback calls 14236, time in user-callback 0.00 sec
Gurobi Optimizer version 11.0.0 build v11.0.0rc2 (linux64 - "Debian GNU/Linux 11 (bullseye)")

CPU model: Intel(R) Core(TM) i7-4770 CPU @ 3.40GHz, instruction set [SSE2|AVX|AVX2]
Thread count: 4 physical cores, 8 logical processors, using up to 8 threads

Academic license 2483116 - for non-commercial use only - registered to ni___@fu-berlin.de
Optimize a model with 722 rows, 1600 columns and 5776 nonzeros
Model fingerprint: 0x7643f164
Variable types: 0 continuous, 1600 integer (1600 binary)
Coefficient statistics:
  Matrix range     [1e+00, 1e+00]
  Objective range  [0e+00, 0e+00]
  Bounds range     [1e+00, 1e+00]
  RHS range        [0e+00, 0e+00]

MIP start from previous solve did not produce a new incumbent solution

Presolve removed 0 rows and 218 columns
Presolve time: 0.00s

Explored 0 nodes (0 simplex iterations) in 0.06 seconds (0.00 work units)
Thread count was 1 (of 8 available processors)

Solution count 0

Model is infeasible
Best objective -, best bound -, gap -

User-callback calls 37, time in user-callback 0.00 sec
Gurobi Optimizer version 11.0.0 build v11.0.0rc2 (linux64 - "Debian GNU/Linux 11 (bullseye)")

CPU model: Intel(R) Core(TM) i7-4770 CPU @ 3.40GHz, instruction set [SSE2|AVX|AVX2]
Thread count: 4 physical cores, 8 logical processors, using up to 8 threads

Academic license 2483116 - for non-commercial use only - registered to ni___@fu-berlin.de
Optimize a model with 722 rows, 1600 columns and 5776 nonzeros
Model fingerprint: 0x052cbe49
Variable types: 0 continuous, 1600 integer (1600 binary)
Coefficient statistics:
  Matrix range     [1e+00, 1e+00]
  Objective range  [0e+00, 0e+00]
  Bounds range     [1e+00, 1e+00]
  RHS range        [0e+00, 0e+00]

MIP start from previous solve did not produce a new incumbent solution

Presolve removed 12 rows and 251 columns
Presolve time: 0.01s
Presolved: 710 rows, 1349 columns, 4881 nonzeros
Variable types: 0 continuous, 1349 integer (1345 binary)

Root relaxation: objective 0.000000e+00, 1936 iterations, 0.11 seconds (0.12 work units)

    Nodes    |    Current Node    |     Objective Bounds      |     Work
 Expl Unexpl |  Obj  Depth IntInf | Incumbent    BestBd   Gap | It/Node Time

     0     0    0.00000    0  532          -    0.00000      -     -    0s
     0     0    0.00000    0  657          -    0.00000      -     -    0s
     0     0    0.00000    0  468          -    0.00000      -     -    1s
     0     0    0.00000    0  529          -    0.00000      -     -    1s
     0     0    0.00000    0  458          -    0.00000      -     -    1s
     0     0    0.00000    0  491          -    0.00000      -     -    1s
H    0     0                       0.0000000    0.00000  0.00%     -    1s
     0     0    0.00000    0  452    0.00000    0.00000  0.00%     -    1s

Cutting planes:
  Zero half: 101
  RLT: 1

Explored 1 nodes (16105 simplex iterations) in 1.96 seconds (2.04 work units)
Thread count was 8 (of 8 available processors)

Solution count 1: 0 

Optimal solution found (tolerance 1.00e-04)
Best objective 0.000000000000e+00, best bound 0.000000000000e+00, gap 0.0000%

User-callback calls 645, time in user-callback 0.00 sec
Gurobi Optimizer version 11.0.0 build v11.0.0rc2 (linux64 - "Debian GNU/Linux 11 (bullseye)")

CPU model: Intel(R) Core(TM) i7-4770 CPU @ 3.40GHz, instruction set [SSE2|AVX|AVX2]
Thread count: 4 physical cores, 8 logical processors, using up to 8 threads

Academic license 2483116 - for non-commercial use only - registered to ni___@fu-berlin.de
Optimize a model with 722 rows, 1600 columns and 5776 nonzeros
Model fingerprint: 0x293a7225
Variable types: 0 continuous, 1600 integer (1600 binary)
Coefficient statistics:
  Matrix range     [1e+00, 1e+00]
  Objective range  [0e+00, 0e+00]
  Bounds range     [1e+00, 1e+00]
  RHS range        [0e+00, 0e+00]

MIP start from previous solve did not produce a new incumbent solution

Presolve removed 2 rows and 226 columns
Presolve time: 0.01s
Presolved: 720 rows, 1374 columns, 4995 nonzeros
Variable types: 0 continuous, 1374 integer (1371 binary)

Root relaxation: objective 0.000000e+00, 2269 iterations, 0.14 seconds (0.16 work units)

    Nodes    |    Current Node    |     Objective Bounds      |     Work
 Expl Unexpl |  Obj  Depth IntInf | Incumbent    BestBd   Gap | It/Node Time

     0     0    0.00000    0  536          -    0.00000      -     -    0s
     0     0    0.00000    0  651          -    0.00000      -     -    0s
     0     0    0.00000    0  649          -    0.00000      -     -    0s
     0     0    0.00000    0  447          -    0.00000      -     -    1s
     0     0    0.00000    0  498          -    0.00000      -     -    1s
     0     0    0.00000    0  494          -    0.00000      -     -    1s
     0     0    0.00000    0  403          -    0.00000      -     -    2s
     0     0    0.00000    0  553          -    0.00000      -     -    2s
     0     0    0.00000    0  423          -    0.00000      -     -    2s
     0     0    0.00000    0  577          -    0.00000      -     -    2s
     0     0    0.00000    0  278          -    0.00000      -     -    3s
     0     0    0.00000    0  310          -    0.00000      -     -    3s
     0     0    0.00000    0  324          -    0.00000      -     -    3s
     0     0    0.00000    0  324          -    0.00000      -     -    3s
     0     2    0.00000    0  324          -    0.00000      -     -    4s
   130   204    0.00000   21  564          -    0.00000      -  94.0    5s
* 3733   431             101       0.0000000    0.00000  0.00%  43.8    8s

Cutting planes:
  Cover: 261
  Clique: 3
  MIR: 4
  Inf proof: 14
  Zero half: 42
  RLT: 4

Explored 4076 nodes (205314 simplex iterations) in 8.75 seconds (13.38 work units)
Thread count was 8 (of 8 available processors)

Solution count 1: 0 

Optimal solution found (tolerance 1.00e-04)
Best objective 0.000000000000e+00, best bound 0.000000000000e+00, gap 0.0000%

User-callback calls 9346, time in user-callback 0.00 sec
Gurobi Optimizer version 11.0.0 build v11.0.0rc2 (linux64 - "Debian GNU/Linux 11 (bullseye)")

CPU model: Intel(R) Core(TM) i7-4770 CPU @ 3.40GHz, instruction set [SSE2|AVX|AVX2]
Thread count: 4 physical cores, 8 logical processors, using up to 8 threads

Academic license 2483116 - for non-commercial use only - registered to ni___@fu-berlin.de
Optimize a model with 722 rows, 1600 columns and 5776 nonzeros
Model fingerprint: 0x4e792649
Variable types: 0 continuous, 1600 integer (1600 binary)
Coefficient statistics:
  Matrix range     [1e+00, 1e+00]
  Objective range  [0e+00, 0e+00]
  Bounds range     [1e+00, 1e+00]
  RHS range        [0e+00, 0e+00]

MIP start from previous solve did not produce a new incumbent solution

Presolve removed 0 rows and 217 columns
Presolve time: 0.00s

Explored 0 nodes (0 simplex iterations) in 0.06 seconds (0.00 work units)
Thread count was 1 (of 8 available processors)

Solution count 0

Model is infeasible
Best objective -, best bound -, gap -

User-callback calls 37, time in user-callback 0.00 sec
Gurobi Optimizer version 11.0.0 build v11.0.0rc2 (linux64 - "Debian GNU/Linux 11 (bullseye)")

CPU model: Intel(R) Core(TM) i7-4770 CPU @ 3.40GHz, instruction set [SSE2|AVX|AVX2]
Thread count: 4 physical cores, 8 logical processors, using up to 8 threads

Academic license 2483116 - for non-commercial use only - registered to ni___@fu-berlin.de
Optimize a model with 722 rows, 1600 columns and 5776 nonzeros
Model fingerprint: 0x4829adf2
Variable types: 0 continuous, 1600 integer (1600 binary)
Coefficient statistics:
  Matrix range     [1e+00, 1e+00]
  Objective range  [0e+00, 0e+00]
  Bounds range     [1e+00, 1e+00]
  RHS range        [0e+00, 0e+00]

MIP start from previous solve did not produce a new incumbent solution

Presolve removed 0 rows and 225 columns
Presolve time: 0.01s
Presolved: 722 rows, 1375 columns, 4993 nonzeros
Variable types: 0 continuous, 1375 integer (1371 binary)

Root relaxation: objective 0.000000e+00, 2233 iterations, 0.13 seconds (0.15 work units)

    Nodes    |    Current Node    |     Objective Bounds      |     Work
 Expl Unexpl |  Obj  Depth IntInf | Incumbent    BestBd   Gap | It/Node Time

     0     0    0.00000    0  496          -    0.00000      -     -    0s
     0     0    0.00000    0  609          -    0.00000      -     -    0s
     0     0    0.00000    0  480          -    0.00000      -     -    1s
     0     0    0.00000    0  493          -    0.00000      -     -    1s
     0     0    0.00000    0  489          -    0.00000      -     -    1s
     0     0    0.00000    0  446          -    0.00000      -     -    2s
     0     0    0.00000    0  518          -    0.00000      -     -    2s
     0     0    0.00000    0  424          -    0.00000      -     -    2s
     0     0    0.00000    0  464          -    0.00000      -     -    2s
     0     0    0.00000    0  465          -    0.00000      -     -    2s
     0     0    0.00000    0  453          -    0.00000      -     -    3s
     0     2    0.00000    0  446          -    0.00000      -     -    4s
   575   327 infeasible   45               -    0.00000      -  51.8    5s
  3390   492    0.00000   27  629          -    0.00000      -  53.5   10s
  3407   512    0.00000   17  742          -    0.00000      -  10.6   15s
* 4331  1070              90       0.0000000    0.00000  0.00%  19.4   18s

Cutting planes:
  Gomory: 1
  Cover: 1
  Clique: 2
  Zero half: 19
  RLT: 1

Explored 5208 nodes (314933 simplex iterations) in 18.49 seconds (22.26 work units)
Thread count was 8 (of 8 available processors)

Solution count 1: 0 

Optimal solution found (tolerance 1.00e-04)
Best objective 0.000000000000e+00, best bound 0.000000000000e+00, gap 0.0000%

User-callback calls 13229, time in user-callback 0.00 sec
Gurobi Optimizer version 11.0.0 build v11.0.0rc2 (linux64 - "Debian GNU/Linux 11 (bullseye)")

CPU model: Intel(R) Core(TM) i7-4770 CPU @ 3.40GHz, instruction set [SSE2|AVX|AVX2]
Thread count: 4 physical cores, 8 logical processors, using up to 8 threads

Academic license 2483116 - for non-commercial use only - registered to ni___@fu-berlin.de
Optimize a model with 722 rows, 1600 columns and 5776 nonzeros
Model fingerprint: 0x57574943
Variable types: 0 continuous, 1600 integer (1600 binary)
Coefficient statistics:
  Matrix range     [1e+00, 1e+00]
  Objective range  [0e+00, 0e+00]
  Bounds range     [1e+00, 1e+00]
  RHS range        [0e+00, 0e+00]

MIP start from previous solve did not produce a new incumbent solution

Presolve removed 5 rows and 259 columns
Presolve time: 0.01s

Explored 0 nodes (0 simplex iterations) in 0.12 seconds (0.03 work units)
Thread count was 1 (of 8 available processors)

Solution count 0

Model is infeasible
Best objective -, best bound -, gap -

User-callback calls 354, time in user-callback 0.00 sec
Gurobi Optimizer version 11.0.0 build v11.0.0rc2 (linux64 - "Debian GNU/Linux 11 (bullseye)")

CPU model: Intel(R) Core(TM) i7-4770 CPU @ 3.40GHz, instruction set [SSE2|AVX|AVX2]
Thread count: 4 physical cores, 8 logical processors, using up to 8 threads

Academic license 2483116 - for non-commercial use only - registered to ni___@fu-berlin.de
Optimize a model with 722 rows, 1600 columns and 5776 nonzeros
Model fingerprint: 0x03404d66
Variable types: 0 continuous, 1600 integer (1600 binary)
Coefficient statistics:
  Matrix range     [1e+00, 1e+00]
  Objective range  [0e+00, 0e+00]
  Bounds range     [1e+00, 1e+00]
  RHS range        [0e+00, 0e+00]

MIP start from previous solve did not produce a new incumbent solution

Presolve removed 0 rows and 210 columns
Presolve time: 0.00s

Explored 0 nodes (0 simplex iterations) in 0.05 seconds (0.00 work units)
Thread count was 1 (of 8 available processors)

Solution count 0

Model is infeasible
Best objective -, best bound -, gap -

User-callback calls 37, time in user-callback 0.00 sec
Gurobi Optimizer version 11.0.0 build v11.0.0rc2 (linux64 - "Debian GNU/Linux 11 (bullseye)")

CPU model: Intel(R) Core(TM) i7-4770 CPU @ 3.40GHz, instruction set [SSE2|AVX|AVX2]
Thread count: 4 physical cores, 8 logical processors, using up to 8 threads

Academic license 2483116 - for non-commercial use only - registered to ni___@fu-berlin.de
Optimize a model with 722 rows, 1600 columns and 5776 nonzeros
Model fingerprint: 0x9efc1644
Variable types: 0 continuous, 1600 integer (1600 binary)
Coefficient statistics:
  Matrix range     [1e+00, 1e+00]
  Objective range  [0e+00, 0e+00]
  Bounds range     [1e+00, 1e+00]
  RHS range        [0e+00, 0e+00]

MIP start from previous solve did not produce a new incumbent solution

Presolve removed 12 rows and 253 columns
Presolve time: 0.01s
Presolved: 710 rows, 1347 columns, 4922 nonzeros
Variable types: 0 continuous, 1347 integer (1344 binary)

Root relaxation: objective 0.000000e+00, 2204 iterations, 0.13 seconds (0.14 work units)

    Nodes    |    Current Node    |     Objective Bounds      |     Work
 Expl Unexpl |  Obj  Depth IntInf | Incumbent    BestBd   Gap | It/Node Time

     0     0    0.00000    0  518          -    0.00000      -     -    0s
     0     0    0.00000    0  619          -    0.00000      -     -    0s
     0     0    0.00000    0  633          -    0.00000      -     -    0s
     0     0    0.00000    0  514          -    0.00000      -     -    1s
     0     0    0.00000    0  547          -    0.00000      -     -    1s
     0     0    0.00000    0  468          -    0.00000      -     -    1s
     0     0    0.00000    0  465          -    0.00000      -     -    1s
     0     0    0.00000    0  427          -    0.00000      -     -    2s
     0     0    0.00000    0  464          -    0.00000      -     -    2s
     0     0    0.00000    0  441          -    0.00000      -     -    2s
H    0     0                       0.0000000    0.00000  0.00%     -    2s
     0     0    0.00000    0  516    0.00000    0.00000  0.00%     -    2s

Cutting planes:
  Cover: 3
  Clique: 1
  MIR: 1
  Zero half: 5
  RLT: 2

Explored 1 nodes (20972 simplex iterations) in 2.62 seconds (2.80 work units)
Thread count was 8 (of 8 available processors)

Solution count 1: 0 

Optimal solution found (tolerance 1.00e-04)
Best objective 0.000000000000e+00, best bound 0.000000000000e+00, gap 0.0000%

User-callback calls 673, time in user-callback 0.00 sec
Gurobi Optimizer version 11.0.0 build v11.0.0rc2 (linux64 - "Debian GNU/Linux 11 (bullseye)")

CPU model: Intel(R) Core(TM) i7-4770 CPU @ 3.40GHz, instruction set [SSE2|AVX|AVX2]
Thread count: 4 physical cores, 8 logical processors, using up to 8 threads

Academic license 2483116 - for non-commercial use only - registered to ni___@fu-berlin.de
Optimize a model with 722 rows, 1600 columns and 5776 nonzeros
Model fingerprint: 0xcf1fdc61
Variable types: 0 continuous, 1600 integer (1600 binary)
Coefficient statistics:
  Matrix range     [1e+00, 1e+00]
  Objective range  [0e+00, 0e+00]
  Bounds range     [1e+00, 1e+00]
  RHS range        [0e+00, 0e+00]

MIP start from previous solve did not produce a new incumbent solution

Presolve removed 6 rows and 243 columns
Presolve time: 0.01s
Presolved: 716 rows, 1357 columns, 4924 nonzeros
Variable types: 0 continuous, 1357 integer (1353 binary)

Root relaxation: objective 0.000000e+00, 2199 iterations, 0.12 seconds (0.14 work units)

    Nodes    |    Current Node    |     Objective Bounds      |     Work
 Expl Unexpl |  Obj  Depth IntInf | Incumbent    BestBd   Gap | It/Node Time

     0     0    0.00000    0  496          -    0.00000      -     -    0s
     0     0    0.00000    0  610          -    0.00000      -     -    0s
     0     0    0.00000    0  668          -    0.00000      -     -    0s
     0     0    0.00000    0  529          -    0.00000      -     -    1s
     0     0    0.00000    0  586          -    0.00000      -     -    1s
     0     0    0.00000    0  342          -    0.00000      -     -    1s
     0     0    0.00000    0  424          -    0.00000      -     -    2s
     0     0    0.00000    0  478          -    0.00000      -     -    2s
     0     0    0.00000    0  407          -    0.00000      -     -    2s
     0     0    0.00000    0  469          -    0.00000      -     -    2s
     0     0    0.00000    0  453          -    0.00000      -     -    3s
     0     0    0.00000    0  399          -    0.00000      -     -    3s
     0     2    0.00000    0  399          -    0.00000      -     -    4s
   299   420    0.00000   44  468          -    0.00000      -  54.8    5s
 10932   628    0.00000   74  295          -    0.00000      -  31.3   10s
H11508   600                       0.0000000    0.00000  0.00%  31.4   13s

Cutting planes:
  Gomory: 7
  Clique: 5
  Flow cover: 3
  Zero half: 93
  RLT: 1

Explored 11508 nodes (405210 simplex iterations) in 13.85 seconds (19.11 work units)
Thread count was 8 (of 8 available processors)

Solution count 1: 0 

Optimal solution found (tolerance 1.00e-04)
Best objective 0.000000000000e+00, best bound 0.000000000000e+00, gap 0.0000%

User-callback calls 24476, time in user-callback 0.00 sec
Gurobi Optimizer version 11.0.0 build v11.0.0rc2 (linux64 - "Debian GNU/Linux 11 (bullseye)")

CPU model: Intel(R) Core(TM) i7-4770 CPU @ 3.40GHz, instruction set [SSE2|AVX|AVX2]
Thread count: 4 physical cores, 8 logical processors, using up to 8 threads

Academic license 2483116 - for non-commercial use only - registered to ni___@fu-berlin.de
Optimize a model with 722 rows, 1600 columns and 5776 nonzeros
Model fingerprint: 0x6a32beca
Variable types: 0 continuous, 1600 integer (1600 binary)
Coefficient statistics:
  Matrix range     [1e+00, 1e+00]
  Objective range  [0e+00, 0e+00]
  Bounds range     [1e+00, 1e+00]
  RHS range        [0e+00, 0e+00]

MIP start from previous solve did not produce a new incumbent solution

Presolve removed 0 rows and 220 columns
Presolve time: 0.00s

Explored 0 nodes (0 simplex iterations) in 0.07 seconds (0.00 work units)
Thread count was 1 (of 8 available processors)

Solution count 0

Model is infeasible
Best objective -, best bound -, gap -

User-callback calls 38, time in user-callback 0.00 sec
Gurobi Optimizer version 11.0.0 build v11.0.0rc2 (linux64 - "Debian GNU/Linux 11 (bullseye)")

CPU model: Intel(R) Core(TM) i7-4770 CPU @ 3.40GHz, instruction set [SSE2|AVX|AVX2]
Thread count: 4 physical cores, 8 logical processors, using up to 8 threads

Academic license 2483116 - for non-commercial use only - registered to ni___@fu-berlin.de
Optimize a model with 722 rows, 1600 columns and 5776 nonzeros
Model fingerprint: 0xdeb03840
Variable types: 0 continuous, 1600 integer (1600 binary)
Coefficient statistics:
  Matrix range     [1e+00, 1e+00]
  Objective range  [0e+00, 0e+00]
  Bounds range     [1e+00, 1e+00]
  RHS range        [0e+00, 0e+00]

MIP start from previous solve did not produce a new incumbent solution

Presolve removed 5 rows and 250 columns
Presolve time: 0.01s
Presolved: 717 rows, 1350 columns, 4936 nonzeros
Variable types: 0 continuous, 1350 integer (1347 binary)

Root relaxation: objective 0.000000e+00, 2125 iterations, 0.14 seconds (0.14 work units)

    Nodes    |    Current Node    |     Objective Bounds      |     Work
 Expl Unexpl |  Obj  Depth IntInf | Incumbent    BestBd   Gap | It/Node Time

     0     0    0.00000    0  556          -    0.00000      -     -    0s
     0     0    0.00000    0  671          -    0.00000      -     -    0s
     0     0    0.00000    0  653          -    0.00000      -     -    0s
     0     0    0.00000    0  546          -    0.00000      -     -    1s
     0     0    0.00000    0  606          -    0.00000      -     -    1s
     0     0    0.00000    0  531          -    0.00000      -     -    1s
     0     0    0.00000    0  552          -    0.00000      -     -    1s
     0     0    0.00000    0  405          -    0.00000      -     -    1s
     0     0    0.00000    0  488          -    0.00000      -     -    1s
     0     0    0.00000    0  470          -    0.00000      -     -    2s
     0     0    0.00000    0  472          -    0.00000      -     -    2s
     0     0    0.00000    0  402          -    0.00000      -     -    2s
     0     0    0.00000    0  402          -    0.00000      -     -    2s
     0     2    0.00000    0  402          -    0.00000      -     -    3s
   624   518 infeasible   51               -    0.00000      -  45.5    5s
* 4897   300              97       0.0000000    0.00000  0.00%  28.5    6s

Cutting planes:
  Cover: 267
  Clique: 4
  Inf proof: 21
  Zero half: 23
  RLT: 5

Explored 4964 nodes (162586 simplex iterations) in 6.52 seconds (9.05 work units)
Thread count was 8 (of 8 available processors)

Solution count 1: 0 

Optimal solution found (tolerance 1.00e-04)
Best objective 0.000000000000e+00, best bound 0.000000000000e+00, gap 0.0000%

User-callback calls 11135, time in user-callback 0.00 sec
Gurobi Optimizer version 11.0.0 build v11.0.0rc2 (linux64 - "Debian GNU/Linux 11 (bullseye)")

CPU model: Intel(R) Core(TM) i7-4770 CPU @ 3.40GHz, instruction set [SSE2|AVX|AVX2]
Thread count: 4 physical cores, 8 logical processors, using up to 8 threads

Academic license 2483116 - for non-commercial use only - registered to ni___@fu-berlin.de
Optimize a model with 722 rows, 1600 columns and 5776 nonzeros
Model fingerprint: 0xf5ebd586
Variable types: 0 continuous, 1600 integer (1600 binary)
Coefficient statistics:
  Matrix range     [1e+00, 1e+00]
  Objective range  [0e+00, 0e+00]
  Bounds range     [1e+00, 1e+00]
  RHS range        [0e+00, 0e+00]

MIP start from previous solve did not produce a new incumbent solution

Presolve removed 0 rows and 229 columns
Presolve time: 0.01s
Presolved: 722 rows, 1371 columns, 4993 nonzeros
Variable types: 0 continuous, 1371 integer (1367 binary)

Root relaxation: objective 0.000000e+00, 2206 iterations, 0.13 seconds (0.15 work units)

    Nodes    |    Current Node    |     Objective Bounds      |     Work
 Expl Unexpl |  Obj  Depth IntInf | Incumbent    BestBd   Gap | It/Node Time

     0     0    0.00000    0  577          -    0.00000      -     -    0s
     0     0    0.00000    0  663          -    0.00000      -     -    0s
     0     0    0.00000    0  487          -    0.00000      -     -    1s
     0     0    0.00000    0  442          -    0.00000      -     -    1s
     0     0    0.00000    0  465          -    0.00000      -     -    1s
     0     0    0.00000    0  488          -    0.00000      -     -    2s
     0     0    0.00000    0  530          -    0.00000      -     -    2s
     0     0    0.00000    0  471          -    0.00000      -     -    2s
     0     0    0.00000    0  499          -    0.00000      -     -    2s
     0     0    0.00000    0  409          -    0.00000      -     -    3s
     0     0    0.00000    0  508          -    0.00000      -     -    3s
     0     0    0.00000    0  445          -    0.00000      -     -    3s
     0     0    0.00000    0  401          -    0.00000      -     -    3s
     0     2    0.00000    0  383          -    0.00000      -     -    4s
   158   299    0.00000   22  619          -    0.00000      -  72.4    5s
* 1016   320             102       0.0000000    0.00000  0.00%  36.8    5s

Cutting planes:
  Cover: 23
  Zero half: 16
  RLT: 3

Explored 1655 nodes (72164 simplex iterations) in 5.86 seconds (7.45 work units)
Thread count was 8 (of 8 available processors)

Solution count 1: 0 

Optimal solution found (tolerance 1.00e-04)
Best objective 0.000000000000e+00, best bound 0.000000000000e+00, gap 0.0000%

User-callback calls 4265, time in user-callback 0.00 sec
Gurobi Optimizer version 11.0.0 build v11.0.0rc2 (linux64 - "Debian GNU/Linux 11 (bullseye)")

CPU model: Intel(R) Core(TM) i7-4770 CPU @ 3.40GHz, instruction set [SSE2|AVX|AVX2]
Thread count: 4 physical cores, 8 logical processors, using up to 8 threads

Academic license 2483116 - for non-commercial use only - registered to ni___@fu-berlin.de
Optimize a model with 722 rows, 1600 columns and 5776 nonzeros
Model fingerprint: 0x3b8a4f6a
Variable types: 0 continuous, 1600 integer (1600 binary)
Coefficient statistics:
  Matrix range     [1e+00, 1e+00]
  Objective range  [0e+00, 0e+00]
  Bounds range     [1e+00, 1e+00]
  RHS range        [0e+00, 0e+00]

MIP start from previous solve did not produce a new incumbent solution

Presolve removed 7 rows and 254 columns
Presolve time: 0.01s

Explored 0 nodes (0 simplex iterations) in 0.08 seconds (0.02 work units)
Thread count was 1 (of 8 available processors)

Solution count 0

Model is infeasible
Best objective -, best bound -, gap -

User-callback calls 276, time in user-callback 0.00 sec
Gurobi Optimizer version 11.0.0 build v11.0.0rc2 (linux64 - "Debian GNU/Linux 11 (bullseye)")

CPU model: Intel(R) Core(TM) i7-4770 CPU @ 3.40GHz, instruction set [SSE2|AVX|AVX2]
Thread count: 4 physical cores, 8 logical processors, using up to 8 threads

Academic license 2483116 - for non-commercial use only - registered to ni___@fu-berlin.de
Optimize a model with 722 rows, 1600 columns and 5776 nonzeros
Model fingerprint: 0x1000b597
Variable types: 0 continuous, 1600 integer (1600 binary)
Coefficient statistics:
  Matrix range     [1e+00, 1e+00]
  Objective range  [0e+00, 0e+00]
  Bounds range     [1e+00, 1e+00]
  RHS range        [0e+00, 0e+00]

MIP start from previous solve did not produce a new incumbent solution

Presolve removed 1 rows and 222 columns
Presolve time: 0.03s
Presolved: 721 rows, 1378 columns, 5005 nonzeros
Variable types: 0 continuous, 1378 integer (1376 binary)

Root relaxation: objective 0.000000e+00, 2261 iterations, 0.18 seconds (0.16 work units)

    Nodes    |    Current Node    |     Objective Bounds      |     Work
 Expl Unexpl |  Obj  Depth IntInf | Incumbent    BestBd   Gap | It/Node Time

     0     0    0.00000    0  457          -    0.00000      -     -    0s
     0     0    0.00000    0  596          -    0.00000      -     -    0s
     0     0    0.00000    0  596          -    0.00000      -     -    0s
     0     0    0.00000    0  496          -    0.00000      -     -    1s
     0     0    0.00000    0  615          -    0.00000      -     -    1s
     0     0    0.00000    0  485          -    0.00000      -     -    1s
     0     0    0.00000    0  546          -    0.00000      -     -    1s
     0     0    0.00000    0  580          -    0.00000      -     -    2s
     0     0    0.00000    0  450          -    0.00000      -     -    2s
     0     2    0.00000    0  450          -    0.00000      -     -    3s
  2085   346    0.00000   22  629          -    0.00000      -  38.5    5s
  5511   548    0.00000   41  493          -    0.00000      -  48.6   10s
H 5515   523                       0.0000000    0.00000  0.00%  48.6   12s

Cutting planes:
  Gomory: 8
  Clique: 2
  Zero half: 110
  RLT: 3

Explored 5515 nodes (304296 simplex iterations) in 12.71 seconds (18.78 work units)
Thread count was 8 (of 8 available processors)

Solution count 1: 0 

Optimal solution found (tolerance 1.00e-04)
Best objective 0.000000000000e+00, best bound 0.000000000000e+00, gap 0.0000%

User-callback calls 12424, time in user-callback 0.00 sec
Gurobi Optimizer version 11.0.0 build v11.0.0rc2 (linux64 - "Debian GNU/Linux 11 (bullseye)")

CPU model: Intel(R) Core(TM) i7-4770 CPU @ 3.40GHz, instruction set [SSE2|AVX|AVX2]
Thread count: 4 physical cores, 8 logical processors, using up to 8 threads

Academic license 2483116 - for non-commercial use only - registered to ni___@fu-berlin.de
Optimize a model with 722 rows, 1600 columns and 5776 nonzeros
Model fingerprint: 0xa2d18839
Variable types: 0 continuous, 1600 integer (1600 binary)
Coefficient statistics:
  Matrix range     [1e+00, 1e+00]
  Objective range  [0e+00, 0e+00]
  Bounds range     [1e+00, 1e+00]
  RHS range        [0e+00, 0e+00]

MIP start from previous solve did not produce a new incumbent solution

Presolve removed 3 rows and 237 columns
Presolve time: 0.01s
Presolved: 719 rows, 1363 columns, 4938 nonzeros
Variable types: 0 continuous, 1363 integer (1360 binary)

Root relaxation: objective 0.000000e+00, 2132 iterations, 0.12 seconds (0.13 work units)

    Nodes    |    Current Node    |     Objective Bounds      |     Work
 Expl Unexpl |  Obj  Depth IntInf | Incumbent    BestBd   Gap | It/Node Time

     0     0    0.00000    0  562          -    0.00000      -     -    0s
     0     0    0.00000    0  668          -    0.00000      -     -    0s
     0     0    0.00000    0  640          -    0.00000      -     -    0s
H    0     0                       0.0000000    0.00000  0.00%     -    1s
     0     0    0.00000    0  428    0.00000    0.00000  0.00%     -    1s

Cutting planes:
  Gomory: 3
  Clique: 7
  MIR: 1
  Zero half: 99
  RLT: 4

Explored 1 nodes (10891 simplex iterations) in 1.35 seconds (1.29 work units)
Thread count was 8 (of 8 available processors)

Solution count 1: 0 

Optimal solution found (tolerance 1.00e-04)
Best objective 0.000000000000e+00, best bound 0.000000000000e+00, gap 0.0000%

User-callback calls 490, time in user-callback 0.00 sec
Gurobi Optimizer version 11.0.0 build v11.0.0rc2 (linux64 - "Debian GNU/Linux 11 (bullseye)")

CPU model: Intel(R) Core(TM) i7-4770 CPU @ 3.40GHz, instruction set [SSE2|AVX|AVX2]
Thread count: 4 physical cores, 8 logical processors, using up to 8 threads

Academic license 2483116 - for non-commercial use only - registered to ni___@fu-berlin.de
Optimize a model with 722 rows, 1600 columns and 5776 nonzeros
Model fingerprint: 0x6d6112c9
Variable types: 0 continuous, 1600 integer (1600 binary)
Coefficient statistics:
  Matrix range     [1e+00, 1e+00]
  Objective range  [0e+00, 0e+00]
  Bounds range     [1e+00, 1e+00]
  RHS range        [0e+00, 0e+00]

MIP start from previous solve did not produce a new incumbent solution

Presolve removed 5 rows and 238 columns
Presolve time: 0.01s
Presolved: 717 rows, 1362 columns, 4932 nonzeros
Variable types: 0 continuous, 1362 integer (1359 binary)

Root relaxation: objective 0.000000e+00, 2090 iterations, 0.14 seconds (0.14 work units)

    Nodes    |    Current Node    |     Objective Bounds      |     Work
 Expl Unexpl |  Obj  Depth IntInf | Incumbent    BestBd   Gap | It/Node Time

     0     0    0.00000    0  498          -    0.00000      -     -    0s
     0     0    0.00000    0  648          -    0.00000      -     -    0s
     0     0    0.00000    0  646          -    0.00000      -     -    0s
     0     0    0.00000    0  439          -    0.00000      -     -    1s
     0     0    0.00000    0  527          -    0.00000      -     -    1s
     0     0    0.00000    0  421          -    0.00000      -     -    1s
H    0     0                       0.0000000    0.00000  0.00%     -    2s
     0     0    0.00000    0  394    0.00000    0.00000  0.00%     -    2s

Cutting planes:
  Cover: 1
  Clique: 3
  Zero half: 77
  RLT: 2

Explored 1 nodes (17690 simplex iterations) in 2.11 seconds (2.15 work units)
Thread count was 8 (of 8 available processors)

Solution count 1: 0 

Optimal solution found (tolerance 1.00e-04)
Best objective 0.000000000000e+00, best bound 0.000000000000e+00, gap 0.0000%

User-callback calls 528, time in user-callback 0.00 sec
Gurobi Optimizer version 11.0.0 build v11.0.0rc2 (linux64 - "Debian GNU/Linux 11 (bullseye)")

CPU model: Intel(R) Core(TM) i7-4770 CPU @ 3.40GHz, instruction set [SSE2|AVX|AVX2]
Thread count: 4 physical cores, 8 logical processors, using up to 8 threads

Academic license 2483116 - for non-commercial use only - registered to ni___@fu-berlin.de
Optimize a model with 722 rows, 1600 columns and 5776 nonzeros
Model fingerprint: 0xe27b8ce1
Variable types: 0 continuous, 1600 integer (1600 binary)
Coefficient statistics:
  Matrix range     [1e+00, 1e+00]
  Objective range  [0e+00, 0e+00]
  Bounds range     [1e+00, 1e+00]
  RHS range        [0e+00, 0e+00]

MIP start from previous solve did not produce a new incumbent solution

Presolve removed 3 rows and 241 columns
Presolve time: 0.01s
Presolved: 719 rows, 1359 columns, 4941 nonzeros
Variable types: 0 continuous, 1359 integer (1355 binary)

Root relaxation: objective 0.000000e+00, 2122 iterations, 0.12 seconds (0.14 work units)

    Nodes    |    Current Node    |     Objective Bounds      |     Work
 Expl Unexpl |  Obj  Depth IntInf | Incumbent    BestBd   Gap | It/Node Time

     0     0    0.00000    0  552          -    0.00000      -     -    0s
     0     0    0.00000    0  642          -    0.00000      -     -    0s
     0     0    0.00000    0  559          -    0.00000      -     -    1s
     0     0    0.00000    0  523          -    0.00000      -     -    1s
     0     0    0.00000    0  546          -    0.00000      -     -    2s
     0     0    0.00000    0  541          -    0.00000      -     -    2s
     0     0    0.00000    0  529          -    0.00000      -     -    2s
     0     0    0.00000    0  492          -    0.00000      -     -    2s
     0     2    0.00000    0  439          -    0.00000      -     -    3s
  1329   438    0.00000   64  302          -    0.00000      -  49.9    5s
  5064   565    0.00000    8  556          -    0.00000      -  62.4   10s
  5078   575    0.00000   37  592          -    0.00000      -  62.2   15s
  5884  1502    0.00000   54  528          -    0.00000      -  15.1   20s
* 6039  1201              82       0.0000000    0.00000  0.00%  15.5   20s

Cutting planes:
  Cover: 3
  Clique: 1
  Flow cover: 1
  Zero half: 13

Explored 7524 nodes (459899 simplex iterations) in 20.73 seconds (26.93 work units)
Thread count was 8 (of 8 available processors)

Solution count 1: 0 

Optimal solution found (tolerance 1.00e-04)
Best objective 0.000000000000e+00, best bound 0.000000000000e+00, gap 0.0000%

User-callback calls 18072, time in user-callback 0.00 sec
Gurobi Optimizer version 11.0.0 build v11.0.0rc2 (linux64 - "Debian GNU/Linux 11 (bullseye)")

CPU model: Intel(R) Core(TM) i7-4770 CPU @ 3.40GHz, instruction set [SSE2|AVX|AVX2]
Thread count: 4 physical cores, 8 logical processors, using up to 8 threads

Academic license 2483116 - for non-commercial use only - registered to ni___@fu-berlin.de
Optimize a model with 722 rows, 1600 columns and 5776 nonzeros
Model fingerprint: 0xd0ebda7b
Variable types: 0 continuous, 1600 integer (1600 binary)
Coefficient statistics:
  Matrix range     [1e+00, 1e+00]
  Objective range  [0e+00, 0e+00]
  Bounds range     [1e+00, 1e+00]
  RHS range        [0e+00, 0e+00]

MIP start from previous solve did not produce a new incumbent solution

Presolve removed 3 rows and 233 columns
Presolve time: 0.01s
Presolved: 719 rows, 1367 columns, 4990 nonzeros
Variable types: 0 continuous, 1367 integer (1365 binary)

Root relaxation: objective 0.000000e+00, 2134 iterations, 0.13 seconds (0.14 work units)

    Nodes    |    Current Node    |     Objective Bounds      |     Work
 Expl Unexpl |  Obj  Depth IntInf | Incumbent    BestBd   Gap | It/Node Time

     0     0    0.00000    0  528          -    0.00000      -     -    0s
     0     0    0.00000    0  636          -    0.00000      -     -    0s
     0     0    0.00000    0  639          -    0.00000      -     -    0s
     0     0    0.00000    0  430          -    0.00000      -     -    1s
     0     0    0.00000    0  432          -    0.00000      -     -    1s
     0     0    0.00000    0  417          -    0.00000      -     -    1s
     0     0    0.00000    0  490          -    0.00000      -     -    1s
     0     0    0.00000    0  488          -    0.00000      -     -    2s
     0     0    0.00000    0  532          -    0.00000      -     -    2s
     0     0    0.00000    0  391          -    0.00000      -     -    2s
     0     0    0.00000    0  589          -    0.00000      -     -    2s
H    0     0                       0.0000000    0.00000  0.00%     -    3s
     0     0    0.00000    0  347    0.00000    0.00000  0.00%     -    3s

Cutting planes:
  Zero half: 81
  RLT: 2

Explored 1 nodes (27963 simplex iterations) in 3.43 seconds (3.62 work units)
Thread count was 8 (of 8 available processors)

Solution count 1: 0 

Optimal solution found (tolerance 1.00e-04)
Best objective 0.000000000000e+00, best bound 0.000000000000e+00, gap 0.0000%

User-callback calls 576, time in user-callback 0.00 sec
Gurobi Optimizer version 11.0.0 build v11.0.0rc2 (linux64 - "Debian GNU/Linux 11 (bullseye)")

CPU model: Intel(R) Core(TM) i7-4770 CPU @ 3.40GHz, instruction set [SSE2|AVX|AVX2]
Thread count: 4 physical cores, 8 logical processors, using up to 8 threads

Academic license 2483116 - for non-commercial use only - registered to ni___@fu-berlin.de
Optimize a model with 722 rows, 1600 columns and 5776 nonzeros
Model fingerprint: 0xfeb6212e
Variable types: 0 continuous, 1600 integer (1600 binary)
Coefficient statistics:
  Matrix range     [1e+00, 1e+00]
  Objective range  [0e+00, 0e+00]
  Bounds range     [1e+00, 1e+00]
  RHS range        [0e+00, 0e+00]

MIP start from previous solve did not produce a new incumbent solution

Presolve removed 16 rows and 259 columns
Presolve time: 0.01s
Presolved: 706 rows, 1341 columns, 4849 nonzeros
Variable types: 0 continuous, 1341 integer (1336 binary)

Root relaxation: objective 0.000000e+00, 2139 iterations, 0.15 seconds (0.13 work units)

    Nodes    |    Current Node    |     Objective Bounds      |     Work
 Expl Unexpl |  Obj  Depth IntInf | Incumbent    BestBd   Gap | It/Node Time

     0     0    0.00000    0  453          -    0.00000      -     -    0s
     0     0    0.00000    0  644          -    0.00000      -     -    0s
     0     0    0.00000    0  505          -    0.00000      -     -    1s
     0     0    0.00000    0  518          -    0.00000      -     -    1s
     0     0    0.00000    0  519          -    0.00000      -     -    1s
     0     0    0.00000    0  576          -    0.00000      -     -    1s
     0     0    0.00000    0  541          -    0.00000      -     -    1s
     0     0    0.00000    0  532          -    0.00000      -     -    1s
     0     0    0.00000    0  437          -    0.00000      -     -    2s
     0     0    0.00000    0  431          -    0.00000      -     -    2s
     0     2    0.00000    0  431          -    0.00000      -     -    3s
  1751   399    0.00000   55  428          -    0.00000      -  32.9    5s
  7080   568    0.00000   41  478          -    0.00000      -  39.1   10s
H 7082   540                       0.0000000    0.00000  0.00%  39.1   12s

Cutting planes:
  Gomory: 5
  Cover: 1
  Flow cover: 3
  Zero half: 91
  RLT: 1

Explored 7082 nodes (313101 simplex iterations) in 12.18 seconds (17.68 work units)
Thread count was 8 (of 8 available processors)

Solution count 1: 0 

Optimal solution found (tolerance 1.00e-04)
Best objective 0.000000000000e+00, best bound 0.000000000000e+00, gap 0.0000%

User-callback calls 15588, time in user-callback 0.00 sec
Gurobi Optimizer version 11.0.0 build v11.0.0rc2 (linux64 - "Debian GNU/Linux 11 (bullseye)")

CPU model: Intel(R) Core(TM) i7-4770 CPU @ 3.40GHz, instruction set [SSE2|AVX|AVX2]
Thread count: 4 physical cores, 8 logical processors, using up to 8 threads

Academic license 2483116 - for non-commercial use only - registered to ni___@fu-berlin.de
Optimize a model with 722 rows, 1600 columns and 5776 nonzeros
Model fingerprint: 0x059599fa
Variable types: 0 continuous, 1600 integer (1600 binary)
Coefficient statistics:
  Matrix range     [1e+00, 1e+00]
  Objective range  [0e+00, 0e+00]
  Bounds range     [1e+00, 1e+00]
  RHS range        [0e+00, 0e+00]

MIP start from previous solve did not produce a new incumbent solution

Presolve removed 9 rows and 255 columns
Presolve time: 0.02s
Presolved: 713 rows, 1345 columns, 4879 nonzeros
Variable types: 0 continuous, 1345 integer (1343 binary)

Root relaxation: objective 0.000000e+00, 2176 iterations, 0.17 seconds (0.14 work units)

    Nodes    |    Current Node    |     Objective Bounds      |     Work
 Expl Unexpl |  Obj  Depth IntInf | Incumbent    BestBd   Gap | It/Node Time

     0     0    0.00000    0  547          -    0.00000      -     -    0s
     0     0    0.00000    0  667          -    0.00000      -     -    0s
     0     0    0.00000    0  649          -    0.00000      -     -    0s
     0     0    0.00000    0  464          -    0.00000      -     -    1s
     0     0    0.00000    0  548          -    0.00000      -     -    1s
     0     0    0.00000    0  458          -    0.00000      -     -    1s
     0     0    0.00000    0  505          -    0.00000      -     -    1s
     0     0    0.00000    0  341          -    0.00000      -     -    2s
     0     0    0.00000    0  457          -    0.00000      -     -    2s
     0     0    0.00000    0  384          -    0.00000      -     -    2s
     0     0    0.00000    0  408          -    0.00000      -     -    2s
     0     0    0.00000    0  357          -    0.00000      -     -    2s
     0     0    0.00000    0  385          -    0.00000      -     -    2s
     0     0    0.00000    0  199          -    0.00000      -     -    3s
     0     0    0.00000    0  513          -    0.00000      -     -    3s
     0     0    0.00000    0  154          -    0.00000      -     -    3s
     0     0    0.00000    0  167          -    0.00000      -     -    3s
     0     0    0.00000    0  178          -    0.00000      -     -    4s
     0     0    0.00000    0  178          -    0.00000      -     -    4s
     0     2    0.00000    0  178          -    0.00000      -     -    5s
   484   526    0.00000   20  456          -    0.00000      -   274   10s
  1291   895    0.00000   24  483          -    0.00000      -   258   15s
  1303   903    0.00000   36  263          -    0.00000      -   255   20s
  1918  1348    0.00000   29  374          -    0.00000      -  45.4   25s
  9664   995    0.00000   69  118          -    0.00000      -  37.0   30s

Cutting planes:
  Clique: 2
  Zero half: 12
  RLT: 4

Explored 10885 nodes (764924 simplex iterations) in 30.23 seconds (39.15 work units)
Thread count was 8 (of 8 available processors)

Solution count 0

Time limit reached
Best objective -, best bound 0.000000000000e+00, gap -

User-callback calls 26363, time in user-callback 0.01 sec
Gurobi Optimizer version 11.0.0 build v11.0.0rc2 (linux64 - "Debian GNU/Linux 11 (bullseye)")

CPU model: Intel(R) Core(TM) i7-4770 CPU @ 3.40GHz, instruction set [SSE2|AVX|AVX2]
Thread count: 4 physical cores, 8 logical processors, using up to 8 threads

Academic license 2483116 - for non-commercial use only - registered to ni___@fu-berlin.de
Optimize a model with 722 rows, 1600 columns and 5776 nonzeros
Model fingerprint: 0x87a2b060
Variable types: 0 continuous, 1600 integer (1600 binary)
Coefficient statistics:
  Matrix range     [1e+00, 1e+00]
  Objective range  [0e+00, 0e+00]
  Bounds range     [1e+00, 1e+00]
  RHS range        [0e+00, 0e+00]

MIP start from previous solve did not produce a new incumbent solution

Presolve removed 16 rows and 261 columns
Presolve time: 0.01s
Presolved: 706 rows, 1339 columns, 4882 nonzeros
Variable types: 0 continuous, 1339 integer (1336 binary)

Root relaxation: objective 0.000000e+00, 2086 iterations, 0.11 seconds (0.12 work units)

    Nodes    |    Current Node    |     Objective Bounds      |     Work
 Expl Unexpl |  Obj  Depth IntInf | Incumbent    BestBd   Gap | It/Node Time

     0     0    0.00000    0  617          -    0.00000      -     -    0s
     0     0    0.00000    0  681          -    0.00000      -     -    0s
     0     0    0.00000    0  669          -    0.00000      -     -    0s
     0     0    0.00000    0  557          -    0.00000      -     -    1s
     0     0    0.00000    0  554          -    0.00000      -     -    1s
     0     0    0.00000    0  492          -    0.00000      -     -    1s
     0     0    0.00000    0  439          -    0.00000      -     -    2s
     0     0    0.00000    0  433          -    0.00000      -     -    2s
     0     0    0.00000    0  369          -    0.00000      -     -    2s
H    0     0                       0.0000000    0.00000  0.00%     -    2s
     0     0    0.00000    0  396    0.00000    0.00000  0.00%     -    2s

Cutting planes:
  Clique: 1
  Zero half: 13
  RLT: 1

Explored 1 nodes (20396 simplex iterations) in 2.81 seconds (2.58 work units)
Thread count was 8 (of 8 available processors)

Solution count 1: 0 

Optimal solution found (tolerance 1.00e-04)
Best objective 0.000000000000e+00, best bound 0.000000000000e+00, gap 0.0000%

User-callback calls 596, time in user-callback 0.00 sec
Gurobi Optimizer version 11.0.0 build v11.0.0rc2 (linux64 - "Debian GNU/Linux 11 (bullseye)")

CPU model: Intel(R) Core(TM) i7-4770 CPU @ 3.40GHz, instruction set [SSE2|AVX|AVX2]
Thread count: 4 physical cores, 8 logical processors, using up to 8 threads

Academic license 2483116 - for non-commercial use only - registered to ni___@fu-berlin.de
Optimize a model with 722 rows, 1600 columns and 5776 nonzeros
Model fingerprint: 0xa2a711dd
Variable types: 0 continuous, 1600 integer (1600 binary)
Coefficient statistics:
  Matrix range     [1e+00, 1e+00]
  Objective range  [0e+00, 0e+00]
  Bounds range     [1e+00, 1e+00]
  RHS range        [0e+00, 0e+00]

MIP start from previous solve did not produce a new incumbent solution

Presolve removed 65 rows and 351 columns
Presolve time: 0.02s
Presolved: 657 rows, 1249 columns, 4516 nonzeros
Variable types: 0 continuous, 1249 integer (1246 binary)

Root relaxation: objective 0.000000e+00, 2041 iterations, 0.13 seconds (0.12 work units)

    Nodes    |    Current Node    |     Objective Bounds      |     Work
 Expl Unexpl |  Obj  Depth IntInf | Incumbent    BestBd   Gap | It/Node Time

     0     0    0.00000    0  427          -    0.00000      -     -    0s
     0     0    0.00000    0  570          -    0.00000      -     -    0s
     0     0    0.00000    0  567          -    0.00000      -     -    0s
     0     0    0.00000    0  476          -    0.00000      -     -    0s
     0     0    0.00000    0  479          -    0.00000      -     -    0s
     0     0    0.00000    0  398          -    0.00000      -     -    1s
     0     0    0.00000    0  390          -    0.00000      -     -    1s
     0     0    0.00000    0  409          -    0.00000      -     -    1s
     0     0    0.00000    0  378          -    0.00000      -     -    1s
     0     0    0.00000    0  419          -    0.00000      -     -    1s
     0     0    0.00000    0  418          -    0.00000      -     -    2s
     0     2    0.00000    0  412          -    0.00000      -     -    2s
*  390   538              75       0.0000000    0.00000  0.00%  40.6    3s

Cutting planes:
  Cover: 7
  Clique: 6
  MIR: 1
  Zero half: 20
  RLT: 6

Explored 1006 nodes (43294 simplex iterations) in 3.67 seconds (4.17 work units)
Thread count was 8 (of 8 available processors)

Solution count 1: 0 

Optimal solution found (tolerance 1.00e-04)
Best objective 0.000000000000e+00, best bound 0.000000000000e+00, gap 0.0000%

User-callback calls 3608, time in user-callback 0.00 sec
Gurobi Optimizer version 11.0.0 build v11.0.0rc2 (linux64 - "Debian GNU/Linux 11 (bullseye)")

CPU model: Intel(R) Core(TM) i7-4770 CPU @ 3.40GHz, instruction set [SSE2|AVX|AVX2]
Thread count: 4 physical cores, 8 logical processors, using up to 8 threads

Academic license 2483116 - for non-commercial use only - registered to ni___@fu-berlin.de
Optimize a model with 722 rows, 1600 columns and 5776 nonzeros
Model fingerprint: 0xb167eba5
Variable types: 0 continuous, 1600 integer (1600 binary)
Coefficient statistics:
  Matrix range     [1e+00, 1e+00]
  Objective range  [0e+00, 0e+00]
  Bounds range     [1e+00, 1e+00]
  RHS range        [0e+00, 0e+00]

MIP start from previous solve did not produce a new incumbent solution

Presolve removed 1 rows and 233 columns
Presolve time: 0.01s
Presolved: 721 rows, 1367 columns, 4968 nonzeros
Variable types: 0 continuous, 1367 integer (1363 binary)

Root relaxation: objective 0.000000e+00, 2198 iterations, 0.13 seconds (0.15 work units)

    Nodes    |    Current Node    |     Objective Bounds      |     Work
 Expl Unexpl |  Obj  Depth IntInf | Incumbent    BestBd   Gap | It/Node Time

     0     0    0.00000    0  511          -    0.00000      -     -    0s
     0     0    0.00000    0  666          -    0.00000      -     -    0s
     0     0    0.00000    0  647          -    0.00000      -     -    0s
     0     0    0.00000    0  506          -    0.00000      -     -    1s
     0     0    0.00000    0  529          -    0.00000      -     -    1s
     0     0    0.00000    0  586          -    0.00000      -     -    1s
     0     0    0.00000    0  588          -    0.00000      -     -    1s
     0     0    0.00000    0  403          -    0.00000      -     -    2s
     0     0    0.00000    0  453          -    0.00000      -     -    2s
     0     0    0.00000    0  401          -    0.00000      -     -    2s
     0     0    0.00000    0  483          -    0.00000      -     -    2s
     0     0    0.00000    0  417          -    0.00000      -     -    3s
     0     0    0.00000    0  417          -    0.00000      -     -    3s
     0     2    0.00000    0  355          -    0.00000      -     -    4s
   257   390    0.00000   32  564          -    0.00000      -  53.8    5s
  5064   670 infeasible   66               -    0.00000      -  60.8   10s
  8568   677    0.00000   16  568          -    0.00000      -  67.5   15s
  8580   685    0.00000   33  566          -    0.00000      -  67.4   20s
* 9380  1365              74       0.0000000    0.00000  0.00%   7.6   23s

Cutting planes:
  Cover: 1
  Flow cover: 2
  Zero half: 10
  RLT: 1

Explored 10008 nodes (695886 simplex iterations) in 23.86 seconds (35.43 work units)
Thread count was 8 (of 8 available processors)

Solution count 1: 0 

Optimal solution found (tolerance 1.00e-04)
Best objective 0.000000000000e+00, best bound 0.000000000000e+00, gap 0.0000%

User-callback calls 22688, time in user-callback 0.00 sec
Gurobi Optimizer version 11.0.0 build v11.0.0rc2 (linux64 - "Debian GNU/Linux 11 (bullseye)")

CPU model: Intel(R) Core(TM) i7-4770 CPU @ 3.40GHz, instruction set [SSE2|AVX|AVX2]
Thread count: 4 physical cores, 8 logical processors, using up to 8 threads

Academic license 2483116 - for non-commercial use only - registered to ni___@fu-berlin.de
Optimize a model with 722 rows, 1600 columns and 5776 nonzeros
Model fingerprint: 0x2c2c3c1c
Variable types: 0 continuous, 1600 integer (1600 binary)
Coefficient statistics:
  Matrix range     [1e+00, 1e+00]
  Objective range  [0e+00, 0e+00]
  Bounds range     [1e+00, 1e+00]
  RHS range        [0e+00, 0e+00]

MIP start from previous solve did not produce a new incumbent solution

Presolve removed 9 rows and 251 columns
Presolve time: 0.01s
Presolved: 713 rows, 1349 columns, 4891 nonzeros
Variable types: 0 continuous, 1349 integer (1345 binary)

Root relaxation: objective 0.000000e+00, 1972 iterations, 0.11 seconds (0.12 work units)

    Nodes    |    Current Node    |     Objective Bounds      |     Work
 Expl Unexpl |  Obj  Depth IntInf | Incumbent    BestBd   Gap | It/Node Time

     0     0    0.00000    0  452          -    0.00000      -     -    0s
     0     0    0.00000    0  628          -    0.00000      -     -    0s
     0     0    0.00000    0  614          -    0.00000      -     -    0s
     0     0    0.00000    0  494          -    0.00000      -     -    1s
     0     0    0.00000    0  530          -    0.00000      -     -    1s
     0     0    0.00000    0  513          -    0.00000      -     -    1s
     0     0    0.00000    0  523          -    0.00000      -     -    1s
H    0     0                       0.0000000    0.00000  0.00%     -    1s
     0     0    0.00000    0  392    0.00000    0.00000  0.00%     -    2s

Cutting planes:
  Cover: 3
  Clique: 3
  Zero half: 112

Explored 1 nodes (16757 simplex iterations) in 2.01 seconds (2.13 work units)
Thread count was 8 (of 8 available processors)

Solution count 1: 0 

Optimal solution found (tolerance 1.00e-04)
Best objective 0.000000000000e+00, best bound 0.000000000000e+00, gap 0.0000%

User-callback calls 674, time in user-callback 0.00 sec
Gurobi Optimizer version 11.0.0 build v11.0.0rc2 (linux64 - "Debian GNU/Linux 11 (bullseye)")

CPU model: Intel(R) Core(TM) i7-4770 CPU @ 3.40GHz, instruction set [SSE2|AVX|AVX2]
Thread count: 4 physical cores, 8 logical processors, using up to 8 threads

Academic license 2483116 - for non-commercial use only - registered to ni___@fu-berlin.de
Optimize a model with 722 rows, 1600 columns and 5776 nonzeros
Model fingerprint: 0xef85b51d
Variable types: 0 continuous, 1600 integer (1600 binary)
Coefficient statistics:
  Matrix range     [1e+00, 1e+00]
  Objective range  [0e+00, 0e+00]
  Bounds range     [1e+00, 1e+00]
  RHS range        [0e+00, 0e+00]

MIP start from previous solve did not produce a new incumbent solution

Presolve removed 9 rows and 250 columns
Presolve time: 0.01s
Presolved: 713 rows, 1350 columns, 4891 nonzeros
Variable types: 0 continuous, 1350 integer (1345 binary)

Root relaxation: objective 0.000000e+00, 1978 iterations, 0.10 seconds (0.11 work units)

    Nodes    |    Current Node    |     Objective Bounds      |     Work
 Expl Unexpl |  Obj  Depth IntInf | Incumbent    BestBd   Gap | It/Node Time

     0     0    0.00000    0  566          -    0.00000      -     -    0s
     0     0    0.00000    0  663          -    0.00000      -     -    0s
     0     0    0.00000    0  654          -    0.00000      -     -    0s
     0     0    0.00000    0  448          -    0.00000      -     -    1s
     0     0    0.00000    0  484          -    0.00000      -     -    1s
     0     0    0.00000    0  402          -    0.00000      -     -    1s
     0     0    0.00000    0  502          -    0.00000      -     -    1s
     0     0    0.00000    0  519          -    0.00000      -     -    1s
     0     0    0.00000    0  469          -    0.00000      -     -    2s
     0     0    0.00000    0  564          -    0.00000      -     -    2s
     0     0    0.00000    0  465          -    0.00000      -     -    2s
     0     0    0.00000    0  461          -    0.00000      -     -    2s
     0     0    0.00000    0  512          -    0.00000      -     -    3s
     0     0    0.00000    0  458          -    0.00000      -     -    3s
     0     2    0.00000    0  294          -    0.00000      -     -    4s
   359   307 infeasible   25               -    0.00000      -  74.5    5s
  5454   440    0.00000   26  568          -    0.00000      -  39.1   10s
  5469   450    0.00000   31  596          -    0.00000      -  39.0   15s
* 6113   970              73       0.0000000    0.00000  0.00%  12.8   18s

Cutting planes:
  Cover: 1
  Zero half: 12
  RLT: 2

Explored 6872 nodes (333370 simplex iterations) in 18.97 seconds (24.05 work units)
Thread count was 8 (of 8 available processors)

Solution count 1: 0 

Optimal solution found (tolerance 1.00e-04)
Best objective 0.000000000000e+00, best bound 0.000000000000e+00, gap 0.0000%

User-callback calls 16523, time in user-callback 0.00 sec
Gurobi Optimizer version 11.0.0 build v11.0.0rc2 (linux64 - "Debian GNU/Linux 11 (bullseye)")

CPU model: Intel(R) Core(TM) i7-4770 CPU @ 3.40GHz, instruction set [SSE2|AVX|AVX2]
Thread count: 4 physical cores, 8 logical processors, using up to 8 threads

Academic license 2483116 - for non-commercial use only - registered to ni___@fu-berlin.de
Optimize a model with 722 rows, 1600 columns and 5776 nonzeros
Model fingerprint: 0x38b80c7d
Variable types: 0 continuous, 1600 integer (1600 binary)
Coefficient statistics:
  Matrix range     [1e+00, 1e+00]
  Objective range  [0e+00, 0e+00]
  Bounds range     [1e+00, 1e+00]
  RHS range        [0e+00, 0e+00]

MIP start from previous solve did not produce a new incumbent solution

Presolve removed 0 rows and 217 columns
Presolve time: 0.01s
Presolved: 722 rows, 1383 columns, 5029 nonzeros
Variable types: 0 continuous, 1383 integer (1378 binary)

Root relaxation: objective 0.000000e+00, 2039 iterations, 0.12 seconds (0.13 work units)

    Nodes    |    Current Node    |     Objective Bounds      |     Work
 Expl Unexpl |  Obj  Depth IntInf | Incumbent    BestBd   Gap | It/Node Time

     0     0    0.00000    0  561          -    0.00000      -     -    0s
     0     0    0.00000    0  663          -    0.00000      -     -    0s
     0     0    0.00000    0  647          -    0.00000      -     -    0s
     0     0    0.00000    0  509          -    0.00000      -     -    1s
     0     0    0.00000    0  588          -    0.00000      -     -    1s
     0     0    0.00000    0  488          -    0.00000      -     -    1s
     0     0    0.00000    0  530          -    0.00000      -     -    1s
     0     0    0.00000    0  560          -    0.00000      -     -    1s
     0     0    0.00000    0  627          -    0.00000      -     -    1s
H    0     0                       0.0000000    0.00000  0.00%     -    2s
     0     0    0.00000    0  478    0.00000    0.00000  0.00%     -    2s

Cutting planes:
  MIR: 2
  Zero half: 107

Explored 1 nodes (17968 simplex iterations) in 2.38 seconds (2.48 work units)
Thread count was 8 (of 8 available processors)

Solution count 1: 0 

Optimal solution found (tolerance 1.00e-04)
Best objective 0.000000000000e+00, best bound 0.000000000000e+00, gap 0.0000%

User-callback calls 533, time in user-callback 0.00 sec
Gurobi Optimizer version 11.0.0 build v11.0.0rc2 (linux64 - "Debian GNU/Linux 11 (bullseye)")

CPU model: Intel(R) Core(TM) i7-4770 CPU @ 3.40GHz, instruction set [SSE2|AVX|AVX2]
Thread count: 4 physical cores, 8 logical processors, using up to 8 threads

Academic license 2483116 - for non-commercial use only - registered to ni___@fu-berlin.de
Optimize a model with 722 rows, 1600 columns and 5776 nonzeros
Model fingerprint: 0x285ec60a
Variable types: 0 continuous, 1600 integer (1600 binary)
Coefficient statistics:
  Matrix range     [1e+00, 1e+00]
  Objective range  [0e+00, 0e+00]
  Bounds range     [1e+00, 1e+00]
  RHS range        [0e+00, 0e+00]

MIP start from previous solve did not produce a new incumbent solution

Presolve removed 2 rows and 231 columns
Presolve time: 0.01s
Presolved: 720 rows, 1369 columns, 4962 nonzeros
Variable types: 0 continuous, 1369 integer (1365 binary)

Root relaxation: objective 0.000000e+00, 2418 iterations, 0.14 seconds (0.16 work units)

    Nodes    |    Current Node    |     Objective Bounds      |     Work
 Expl Unexpl |  Obj  Depth IntInf | Incumbent    BestBd   Gap | It/Node Time

     0     0    0.00000    0  616          -    0.00000      -     -    0s
     0     0    0.00000    0  690          -    0.00000      -     -    0s
     0     0    0.00000    0  600          -    0.00000      -     -    1s
     0     0    0.00000    0  637          -    0.00000      -     -    1s
     0     0    0.00000    0  538          -    0.00000      -     -    1s
     0     0    0.00000    0  586          -    0.00000      -     -    1s
     0     0    0.00000    0  502          -    0.00000      -     -    2s
     0     0    0.00000    0  514          -    0.00000      -     -    2s
     0     0    0.00000    0  513          -    0.00000      -     -    2s
     0     0    0.00000    0  634          -    0.00000      -     -    2s
H    0     0                       0.0000000    0.00000  0.00%     -    2s
     0     0    0.00000    0  458    0.00000    0.00000  0.00%     -    2s

Cutting planes:
  Clique: 9
  Zero half: 96
  RLT: 5

Explored 1 nodes (23535 simplex iterations) in 3.00 seconds (3.08 work units)
Thread count was 8 (of 8 available processors)

Solution count 1: 0 

Optimal solution found (tolerance 1.00e-04)
Best objective 0.000000000000e+00, best bound 0.000000000000e+00, gap 0.0000%

User-callback calls 669, time in user-callback 0.00 sec
Gurobi Optimizer version 11.0.0 build v11.0.0rc2 (linux64 - "Debian GNU/Linux 11 (bullseye)")

CPU model: Intel(R) Core(TM) i7-4770 CPU @ 3.40GHz, instruction set [SSE2|AVX|AVX2]
Thread count: 4 physical cores, 8 logical processors, using up to 8 threads

Academic license 2483116 - for non-commercial use only - registered to ni___@fu-berlin.de
Optimize a model with 722 rows, 1600 columns and 5776 nonzeros
Model fingerprint: 0x09e86e38
Variable types: 0 continuous, 1600 integer (1600 binary)
Coefficient statistics:
  Matrix range     [1e+00, 1e+00]
  Objective range  [0e+00, 0e+00]
  Bounds range     [1e+00, 1e+00]
  RHS range        [0e+00, 0e+00]

MIP start from previous solve did not produce a new incumbent solution

Presolve removed 6 rows and 235 columns
Presolve time: 0.01s
Presolved: 716 rows, 1365 columns, 4943 nonzeros
Variable types: 0 continuous, 1365 integer (1360 binary)

Root relaxation: objective 0.000000e+00, 2408 iterations, 0.14 seconds (0.16 work units)

    Nodes    |    Current Node    |     Objective Bounds      |     Work
 Expl Unexpl |  Obj  Depth IntInf | Incumbent    BestBd   Gap | It/Node Time

     0     0    0.00000    0  571          -    0.00000      -     -    0s
     0     0    0.00000    0  679          -    0.00000      -     -    0s
     0     0    0.00000    0  659          -    0.00000      -     -    0s
     0     0    0.00000    0  387          -    0.00000      -     -    1s
     0     0    0.00000    0  502          -    0.00000      -     -    1s
     0     0    0.00000    0  406          -    0.00000      -     -    1s
     0     0    0.00000    0  445          -    0.00000      -     -    1s
     0     0    0.00000    0  449          -    0.00000      -     -    2s
     0     0    0.00000    0  571          -    0.00000      -     -    2s
     0     0    0.00000    0  346          -    0.00000      -     -    2s
     0     0    0.00000    0  561          -    0.00000      -     -    2s
     0     0    0.00000    0  305          -    0.00000      -     -    2s
     0     0    0.00000    0  461          -    0.00000      -     -    2s
     0     0    0.00000    0  399          -    0.00000      -     -    3s
     0     0    0.00000    0  387          -    0.00000      -     -    3s
     0     0    0.00000    0  375          -    0.00000      -     -    3s
     0     0    0.00000    0  281          -    0.00000      -     -    4s
     0     2    0.00000    0  281          -    0.00000      -     -    4s
     7    12    0.00000    3  643          -    0.00000      -   361    5s
* 2486   472              97       0.0000000    0.00000  0.00%  62.6    8s

Cutting planes:
  Cover: 64
  Clique: 6
  MIR: 1
  Inf proof: 13
  Zero half: 35
  RLT: 11

Explored 2555 nodes (190185 simplex iterations) in 8.93 seconds (12.95 work units)
Thread count was 8 (of 8 available processors)

Solution count 1: 0 

Optimal solution found (tolerance 1.00e-04)
Best objective 0.000000000000e+00, best bound 0.000000000000e+00, gap 0.0000%

User-callback calls 6262, time in user-callback 0.00 sec
Gurobi Optimizer version 11.0.0 build v11.0.0rc2 (linux64 - "Debian GNU/Linux 11 (bullseye)")

CPU model: Intel(R) Core(TM) i7-4770 CPU @ 3.40GHz, instruction set [SSE2|AVX|AVX2]
Thread count: 4 physical cores, 8 logical processors, using up to 8 threads

Academic license 2483116 - for non-commercial use only - registered to ni___@fu-berlin.de
Optimize a model with 722 rows, 1600 columns and 5776 nonzeros
Model fingerprint: 0xd14af6d9
Variable types: 0 continuous, 1600 integer (1600 binary)
Coefficient statistics:
  Matrix range     [1e+00, 1e+00]
  Objective range  [0e+00, 0e+00]
  Bounds range     [1e+00, 1e+00]
  RHS range        [0e+00, 0e+00]

MIP start from previous solve did not produce a new incumbent solution

Presolve removed 3 rows and 234 columns
Presolve time: 0.01s
Presolved: 719 rows, 1366 columns, 4936 nonzeros
Variable types: 0 continuous, 1366 integer (1362 binary)

Root relaxation: objective 0.000000e+00, 2118 iterations, 0.12 seconds (0.13 work units)

    Nodes    |    Current Node    |     Objective Bounds      |     Work
 Expl Unexpl |  Obj  Depth IntInf | Incumbent    BestBd   Gap | It/Node Time

     0     0    0.00000    0  527          -    0.00000      -     -    0s
     0     0    0.00000    0  684          -    0.00000      -     -    0s
     0     0    0.00000    0  670          -    0.00000      -     -    0s
     0     0    0.00000    0  479          -    0.00000      -     -    1s
     0     0    0.00000    0  508          -    0.00000      -     -    1s
     0     0    0.00000    0  452          -    0.00000      -     -    1s
     0     0    0.00000    0  463          -    0.00000      -     -    1s
     0     0    0.00000    0  439          -    0.00000      -     -    1s
     0     0    0.00000    0  458          -    0.00000      -     -    2s
     0     0    0.00000    0  556          -    0.00000      -     -    2s
     0     0    0.00000    0  556          -    0.00000      -     -    2s
     0     2    0.00000    0  419          -    0.00000      -     -    3s
   858   369    0.00000   32  527          -    0.00000      -  64.4    5s
  4481   476    0.00000   24  606          -    0.00000      -  59.0   10s
H 4483   453                       0.0000000    0.00000  0.00%  59.0   11s

Cutting planes:
  Gomory: 6
  Clique: 4
  Flow cover: 1
  Zero half: 88
  RLT: 1

Explored 4483 nodes (303277 simplex iterations) in 11.53 seconds (15.68 work units)
Thread count was 8 (of 8 available processors)

Solution count 1: 0 

Optimal solution found (tolerance 1.00e-04)
Best objective 0.000000000000e+00, best bound 0.000000000000e+00, gap 0.0000%

User-callback calls 10431, time in user-callback 0.00 sec
Gurobi Optimizer version 11.0.0 build v11.0.0rc2 (linux64 - "Debian GNU/Linux 11 (bullseye)")

CPU model: Intel(R) Core(TM) i7-4770 CPU @ 3.40GHz, instruction set [SSE2|AVX|AVX2]
Thread count: 4 physical cores, 8 logical processors, using up to 8 threads

Academic license 2483116 - for non-commercial use only - registered to ni___@fu-berlin.de
Optimize a model with 722 rows, 1600 columns and 5776 nonzeros
Model fingerprint: 0x998812bb
Variable types: 0 continuous, 1600 integer (1600 binary)
Coefficient statistics:
  Matrix range     [1e+00, 1e+00]
  Objective range  [0e+00, 0e+00]
  Bounds range     [1e+00, 1e+00]
  RHS range        [0e+00, 0e+00]

MIP start from previous solve did not produce a new incumbent solution

Presolve removed 0 rows and 222 columns
Presolve time: 0.00s

Explored 0 nodes (0 simplex iterations) in 0.09 seconds (0.00 work units)
Thread count was 1 (of 8 available processors)

Solution count 0

Model is infeasible
Best objective -, best bound -, gap -

User-callback calls 37, time in user-callback 0.00 sec
Gurobi Optimizer version 11.0.0 build v11.0.0rc2 (linux64 - "Debian GNU/Linux 11 (bullseye)")

CPU model: Intel(R) Core(TM) i7-4770 CPU @ 3.40GHz, instruction set [SSE2|AVX|AVX2]
Thread count: 4 physical cores, 8 logical processors, using up to 8 threads

Academic license 2483116 - for non-commercial use only - registered to ni___@fu-berlin.de
Optimize a model with 722 rows, 1600 columns and 5776 nonzeros
Model fingerprint: 0x500fd6bf
Variable types: 0 continuous, 1600 integer (1600 binary)
Coefficient statistics:
  Matrix range     [1e+00, 1e+00]
  Objective range  [0e+00, 0e+00]
  Bounds range     [1e+00, 1e+00]
  RHS range        [0e+00, 0e+00]

MIP start from previous solve did not produce a new incumbent solution

Presolve removed 4 rows and 236 columns
Presolve time: 0.01s
Presolved: 718 rows, 1364 columns, 4964 nonzeros
Variable types: 0 continuous, 1364 integer (1359 binary)

Root relaxation: objective 0.000000e+00, 2157 iterations, 0.12 seconds (0.14 work units)

    Nodes    |    Current Node    |     Objective Bounds      |     Work
 Expl Unexpl |  Obj  Depth IntInf | Incumbent    BestBd   Gap | It/Node Time

     0     0    0.00000    0  549          -    0.00000      -     -    0s
     0     0    0.00000    0  663          -    0.00000      -     -    0s
     0     0    0.00000    0  537          -    0.00000      -     -    1s
     0     0    0.00000    0  529          -    0.00000      -     -    1s
     0     0    0.00000    0  568          -    0.00000      -     -    1s
     0     0    0.00000    0  597          -    0.00000      -     -    1s
     0     0    0.00000    0  445          -    0.00000      -     -    2s
     0     0    0.00000    0  559          -    0.00000      -     -    2s
     0     0    0.00000    0  525          -    0.00000      -     -    2s
     0     0    0.00000    0  515          -    0.00000      -     -    2s
     0     0    0.00000    0  452          -    0.00000      -     -    2s
     0     0    0.00000    0  452          -    0.00000      -     -    2s
     0     2    0.00000    0  401          -    0.00000      -     -    3s
   902   360 infeasible   51               -    0.00000      -  46.2    5s
  5439   587    0.00000   46  549          -    0.00000      -  37.2   10s
H 5440   557                       0.0000000    0.00000  0.00%  37.2   11s

Cutting planes:
  Gomory: 3
  Clique: 2
  Flow cover: 3
  Zero half: 111
  RLT: 2

Explored 5440 nodes (242247 simplex iterations) in 11.09 seconds (14.99 work units)
Thread count was 8 (of 8 available processors)

Solution count 1: 0 

Optimal solution found (tolerance 1.00e-04)
Best objective 0.000000000000e+00, best bound 0.000000000000e+00, gap 0.0000%

User-callback calls 12266, time in user-callback 0.00 sec
Gurobi Optimizer version 11.0.0 build v11.0.0rc2 (linux64 - "Debian GNU/Linux 11 (bullseye)")

CPU model: Intel(R) Core(TM) i7-4770 CPU @ 3.40GHz, instruction set [SSE2|AVX|AVX2]
Thread count: 4 physical cores, 8 logical processors, using up to 8 threads

Academic license 2483116 - for non-commercial use only - registered to ni___@fu-berlin.de
Optimize a model with 722 rows, 1600 columns and 5776 nonzeros
Model fingerprint: 0x6031b333
Variable types: 0 continuous, 1600 integer (1600 binary)
Coefficient statistics:
  Matrix range     [1e+00, 1e+00]
  Objective range  [0e+00, 0e+00]
  Bounds range     [1e+00, 1e+00]
  RHS range        [0e+00, 0e+00]

MIP start from previous solve did not produce a new incumbent solution

Presolve removed 1 rows and 224 columns
Presolve time: 0.01s
Presolved: 721 rows, 1376 columns, 4988 nonzeros
Variable types: 0 continuous, 1376 integer (1372 binary)

Root relaxation: objective 0.000000e+00, 1871 iterations, 0.09 seconds (0.10 work units)

    Nodes    |    Current Node    |     Objective Bounds      |     Work
 Expl Unexpl |  Obj  Depth IntInf | Incumbent    BestBd   Gap | It/Node Time

     0     0    0.00000    0  547          -    0.00000      -     -    0s
     0     0    0.00000    0  672          -    0.00000      -     -    0s
     0     0    0.00000    0  652          -    0.00000      -     -    0s
     0     0    0.00000    0  472          -    0.00000      -     -    1s
     0     0    0.00000    0  546          -    0.00000      -     -    1s
     0     0    0.00000    0  558          -    0.00000      -     -    1s
     0     0    0.00000    0  565          -    0.00000      -     -    1s
H    0     0                       0.0000000    0.00000  0.00%     -    1s
     0     0    0.00000    0  384    0.00000    0.00000  0.00%     -    2s

Cutting planes:
  Cover: 1
  Clique: 4
  Zero half: 99
  RLT: 1

Explored 1 nodes (15517 simplex iterations) in 2.05 seconds (2.03 work units)
Thread count was 8 (of 8 available processors)

Solution count 1: 0 

Optimal solution found (tolerance 1.00e-04)
Best objective 0.000000000000e+00, best bound 0.000000000000e+00, gap 0.0000%

User-callback calls 562, time in user-callback 0.00 sec
Gurobi Optimizer version 11.0.0 build v11.0.0rc2 (linux64 - "Debian GNU/Linux 11 (bullseye)")

CPU model: Intel(R) Core(TM) i7-4770 CPU @ 3.40GHz, instruction set [SSE2|AVX|AVX2]
Thread count: 4 physical cores, 8 logical processors, using up to 8 threads

Academic license 2483116 - for non-commercial use only - registered to ni___@fu-berlin.de
Optimize a model with 722 rows, 1600 columns and 5776 nonzeros
Model fingerprint: 0x172b8ae6
Variable types: 0 continuous, 1600 integer (1600 binary)
Coefficient statistics:
  Matrix range     [1e+00, 1e+00]
  Objective range  [0e+00, 0e+00]
  Bounds range     [1e+00, 1e+00]
  RHS range        [0e+00, 0e+00]

MIP start from previous solve did not produce a new incumbent solution

Presolve removed 1 rows and 229 columns
Presolve time: 0.01s
Presolved: 721 rows, 1371 columns, 4976 nonzeros
Variable types: 0 continuous, 1371 integer (1367 binary)

Root relaxation: objective 0.000000e+00, 1984 iterations, 0.19 seconds (0.13 work units)

    Nodes    |    Current Node    |     Objective Bounds      |     Work
 Expl Unexpl |  Obj  Depth IntInf | Incumbent    BestBd   Gap | It/Node Time

     0     0    0.00000    0  606          -    0.00000      -     -    1s
     0     0    0.00000    0  662          -    0.00000      -     -    1s
     0     0    0.00000    0  668          -    0.00000      -     -    1s
     0     0    0.00000    0  555          -    0.00000      -     -    1s
     0     0    0.00000    0  559          -    0.00000      -     -    1s
     0     0    0.00000    0  469          -    0.00000      -     -    2s
     0     0    0.00000    0  487          -    0.00000      -     -    2s
     0     0    0.00000    0  491          -    0.00000      -     -    2s
     0     0    0.00000    0  513          -    0.00000      -     -    2s
     0     0    0.00000    0  357          -    0.00000      -     -    3s
     0     0    0.00000    0  369          -    0.00000      -     -    3s
     0     0    0.00000    0  441          -    0.00000      -     -    3s
     0     0    0.00000    0  582          -    0.00000      -     -    3s
     0     0    0.00000    0  450          -    0.00000      -     -    4s
     0     0    0.00000    0  450          -    0.00000      -     -    4s
     0     2    0.00000    0  450          -    0.00000      -     -    4s
    11    16    0.00000    4  664          -    0.00000      -   192    5s
  5262   674    0.00000   17  607          -    0.00000      -  50.8   10s
H 5265   642                       0.0000000    0.00000  0.00%  50.7   12s

Cutting planes:
  Gomory: 2
  Flow cover: 1
  Zero half: 108
  RLT: 2

Explored 5265 nodes (310962 simplex iterations) in 12.84 seconds (16.23 work units)
Thread count was 8 (of 8 available processors)

Solution count 1: 0 

Optimal solution found (tolerance 1.00e-04)
Best objective 0.000000000000e+00, best bound 0.000000000000e+00, gap 0.0000%

User-callback calls 11866, time in user-callback 0.00 sec
Gurobi Optimizer version 11.0.0 build v11.0.0rc2 (linux64 - "Debian GNU/Linux 11 (bullseye)")

CPU model: Intel(R) Core(TM) i7-4770 CPU @ 3.40GHz, instruction set [SSE2|AVX|AVX2]
Thread count: 4 physical cores, 8 logical processors, using up to 8 threads

Academic license 2483116 - for non-commercial use only - registered to ni___@fu-berlin.de
Optimize a model with 722 rows, 1600 columns and 5776 nonzeros
Model fingerprint: 0x8d40dea7
Variable types: 0 continuous, 1600 integer (1600 binary)
Coefficient statistics:
  Matrix range     [1e+00, 1e+00]
  Objective range  [0e+00, 0e+00]
  Bounds range     [1e+00, 1e+00]
  RHS range        [0e+00, 0e+00]

MIP start from previous solve did not produce a new incumbent solution

Presolve removed 0 rows and 205 columns
Presolve time: 0.00s

Explored 0 nodes (0 simplex iterations) in 0.06 seconds (0.00 work units)
Thread count was 1 (of 8 available processors)

Solution count 0

Model is infeasible
Best objective -, best bound -, gap -

User-callback calls 37, time in user-callback 0.00 sec
Gurobi Optimizer version 11.0.0 build v11.0.0rc2 (linux64 - "Debian GNU/Linux 11 (bullseye)")

CPU model: Intel(R) Core(TM) i7-4770 CPU @ 3.40GHz, instruction set [SSE2|AVX|AVX2]
Thread count: 4 physical cores, 8 logical processors, using up to 8 threads

Academic license 2483116 - for non-commercial use only - registered to ni___@fu-berlin.de
Optimize a model with 722 rows, 1600 columns and 5776 nonzeros
Model fingerprint: 0xa2147c40
Variable types: 0 continuous, 1600 integer (1600 binary)
Coefficient statistics:
  Matrix range     [1e+00, 1e+00]
  Objective range  [0e+00, 0e+00]
  Bounds range     [1e+00, 1e+00]
  RHS range        [0e+00, 0e+00]

MIP start from previous solve did not produce a new incumbent solution

Presolve removed 6 rows and 248 columns
Presolve time: 0.01s
Presolved: 716 rows, 1352 columns, 4909 nonzeros
Variable types: 0 continuous, 1352 integer (1348 binary)

Root relaxation: objective 0.000000e+00, 2149 iterations, 0.13 seconds (0.13 work units)

    Nodes    |    Current Node    |     Objective Bounds      |     Work
 Expl Unexpl |  Obj  Depth IntInf | Incumbent    BestBd   Gap | It/Node Time

     0     0    0.00000    0  553          -    0.00000      -     -    0s
     0     0    0.00000    0  652          -    0.00000      -     -    0s
     0     0    0.00000    0  628          -    0.00000      -     -    0s
     0     0    0.00000    0  563          -    0.00000      -     -    1s
     0     0    0.00000    0  581          -    0.00000      -     -    1s
     0     0    0.00000    0  569          -    0.00000      -     -    1s
     0     0    0.00000    0  617          -    0.00000      -     -    1s
     0     0    0.00000    0  567          -    0.00000      -     -    2s
     0     0    0.00000    0  576          -    0.00000      -     -    2s
     0     0    0.00000    0  510          -    0.00000      -     -    2s
     0     0    0.00000    0  458          -    0.00000      -     -    2s
     0     2    0.00000    0  456          -    0.00000      -     -    3s
  2572   418 infeasible   57               -    0.00000      -  27.1    5s
H 4883   451                       0.0000000    0.00000  0.00%  23.2    9s

Cutting planes:
  Gomory: 6
  Cover: 1
  Clique: 1
  Flow cover: 2
  Zero half: 71
  RLT: 3

Explored 4883 nodes (151821 simplex iterations) in 9.60 seconds (11.32 work units)
Thread count was 8 (of 8 available processors)

Solution count 1: 0 

Optimal solution found (tolerance 1.00e-04)
Best objective 0.000000000000e+00, best bound 0.000000000000e+00, gap 0.0000%

User-callback calls 11292, time in user-callback 0.00 sec
Gurobi Optimizer version 11.0.0 build v11.0.0rc2 (linux64 - "Debian GNU/Linux 11 (bullseye)")

CPU model: Intel(R) Core(TM) i7-4770 CPU @ 3.40GHz, instruction set [SSE2|AVX|AVX2]
Thread count: 4 physical cores, 8 logical processors, using up to 8 threads

Academic license 2483116 - for non-commercial use only - registered to ni___@fu-berlin.de
Optimize a model with 722 rows, 1600 columns and 5776 nonzeros
Model fingerprint: 0x7e5821c4
Variable types: 0 continuous, 1600 integer (1600 binary)
Coefficient statistics:
  Matrix range     [1e+00, 1e+00]
  Objective range  [0e+00, 0e+00]
  Bounds range     [1e+00, 1e+00]
  RHS range        [0e+00, 0e+00]

MIP start from previous solve did not produce a new incumbent solution

Presolve removed 0 rows and 213 columns
Presolve time: 0.01s
Presolved: 722 rows, 1387 columns, 5019 nonzeros
Variable types: 0 continuous, 1387 integer (1383 binary)

Root relaxation: objective 0.000000e+00, 2072 iterations, 0.12 seconds (0.13 work units)

    Nodes    |    Current Node    |     Objective Bounds      |     Work
 Expl Unexpl |  Obj  Depth IntInf | Incumbent    BestBd   Gap | It/Node Time

     0     0    0.00000    0  516          -    0.00000      -     -    0s
     0     0    0.00000    0  637          -    0.00000      -     -    0s
     0     0    0.00000    0  629          -    0.00000      -     -    0s
     0     0    0.00000    0  498          -    0.00000      -     -    1s
     0     0    0.00000    0  540          -    0.00000      -     -    1s
     0     0    0.00000    0  538          -    0.00000      -     -    1s
     0     0    0.00000    0  494          -    0.00000      -     -    1s
     0     0    0.00000    0  571          -    0.00000      -     -    1s
     0     0    0.00000    0  461          -    0.00000      -     -    2s
     0     0    0.00000    0  610          -    0.00000      -     -    2s
     0     0    0.00000    0  458          -    0.00000      -     -    2s
     0     0    0.00000    0  458          -    0.00000      -     -    2s
     0     2    0.00000    0  410          -    0.00000      -     -    3s
   819   586    0.00000   71  461          -    0.00000      -  49.5    5s
  3799   734    0.00000   38  561          -    0.00000      -  31.5   10s
H 3799   697                       0.0000000    0.00000  0.00%  31.5   10s

Cutting planes:
  Gomory: 4
  Flow cover: 2
  Zero half: 78
  RLT: 1

Explored 3799 nodes (166061 simplex iterations) in 10.64 seconds (12.98 work units)
Thread count was 8 (of 8 available processors)

Solution count 1: 0 

Optimal solution found (tolerance 1.00e-04)
Best objective 0.000000000000e+00, best bound 0.000000000000e+00, gap 0.0000%

User-callback calls 8991, time in user-callback 0.00 sec
Gurobi Optimizer version 11.0.0 build v11.0.0rc2 (linux64 - "Debian GNU/Linux 11 (bullseye)")

CPU model: Intel(R) Core(TM) i7-4770 CPU @ 3.40GHz, instruction set [SSE2|AVX|AVX2]
Thread count: 4 physical cores, 8 logical processors, using up to 8 threads

Academic license 2483116 - for non-commercial use only - registered to ni___@fu-berlin.de
Optimize a model with 722 rows, 1600 columns and 5776 nonzeros
Model fingerprint: 0xc20ddef6
Variable types: 0 continuous, 1600 integer (1600 binary)
Coefficient statistics:
  Matrix range     [1e+00, 1e+00]
  Objective range  [0e+00, 0e+00]
  Bounds range     [1e+00, 1e+00]
  RHS range        [0e+00, 0e+00]

MIP start from previous solve did not produce a new incumbent solution

Presolve removed 4 rows and 234 columns
Presolve time: 0.01s
Presolved: 718 rows, 1366 columns, 4955 nonzeros
Variable types: 0 continuous, 1366 integer (1363 binary)

Root relaxation: objective 0.000000e+00, 2239 iterations, 0.13 seconds (0.15 work units)

    Nodes    |    Current Node    |     Objective Bounds      |     Work
 Expl Unexpl |  Obj  Depth IntInf | Incumbent    BestBd   Gap | It/Node Time

     0     0    0.00000    0  547          -    0.00000      -     -    0s
     0     0    0.00000    0  640          -    0.00000      -     -    0s
     0     0    0.00000    0  628          -    0.00000      -     -    0s
     0     0    0.00000    0  494          -    0.00000      -     -    1s
     0     0    0.00000    0  549          -    0.00000      -     -    1s
     0     0    0.00000    0  502          -    0.00000      -     -    1s
     0     0    0.00000    0  497          -    0.00000      -     -    1s
     0     0    0.00000    0  489          -    0.00000      -     -    2s
     0     0    0.00000    0  622          -    0.00000      -     -    2s
     0     0    0.00000    0  490          -    0.00000      -     -    2s
     0     0    0.00000    0  490          -    0.00000      -     -    2s
     0     0    0.00000    0  452          -    0.00000      -     -    3s
     0     0    0.00000    0  456          -    0.00000      -     -    3s
     0     0    0.00000    0  499          -    0.00000      -     -    3s
     0     0    0.00000    0  499          -    0.00000      -     -    3s
     0     2    0.00000    0  481          -    0.00000      -     -    4s
   193   204    0.00000   10  612          -    0.00000      -  56.8    5s
* 2485   397             109       0.0000000    0.00000  0.00%  39.8    6s

Cutting planes:
  Cover: 127
  Clique: 4
  Inf proof: 16
  Zero half: 23
  RLT: 5

Explored 3837 nodes (134917 simplex iterations) in 6.86 seconds (9.09 work units)
Thread count was 8 (of 8 available processors)

Solution count 1: 0 

Optimal solution found (tolerance 1.00e-04)
Best objective 0.000000000000e+00, best bound 0.000000000000e+00, gap 0.0000%

User-callback calls 8988, time in user-callback 0.00 sec
Gurobi Optimizer version 11.0.0 build v11.0.0rc2 (linux64 - "Debian GNU/Linux 11 (bullseye)")

CPU model: Intel(R) Core(TM) i7-4770 CPU @ 3.40GHz, instruction set [SSE2|AVX|AVX2]
Thread count: 4 physical cores, 8 logical processors, using up to 8 threads

Academic license 2483116 - for non-commercial use only - registered to ni___@fu-berlin.de
Optimize a model with 722 rows, 1600 columns and 5776 nonzeros
Model fingerprint: 0x3e5e8a88
Variable types: 0 continuous, 1600 integer (1600 binary)
Coefficient statistics:
  Matrix range     [1e+00, 1e+00]
  Objective range  [0e+00, 0e+00]
  Bounds range     [1e+00, 1e+00]
  RHS range        [0e+00, 0e+00]

MIP start from previous solve did not produce a new incumbent solution

Presolve removed 9 rows and 247 columns
Presolve time: 0.01s
Presolved: 713 rows, 1353 columns, 4923 nonzeros
Variable types: 0 continuous, 1353 integer (1351 binary)

Root relaxation: objective 0.000000e+00, 1934 iterations, 0.11 seconds (0.12 work units)

    Nodes    |    Current Node    |     Objective Bounds      |     Work
 Expl Unexpl |  Obj  Depth IntInf | Incumbent    BestBd   Gap | It/Node Time

     0     0    0.00000    0  537          -    0.00000      -     -    0s
     0     0    0.00000    0  639          -    0.00000      -     -    0s
     0     0    0.00000    0  622          -    0.00000      -     -    0s
     0     0    0.00000    0  452          -    0.00000      -     -    1s
     0     0    0.00000    0  537          -    0.00000      -     -    1s
     0     0    0.00000    0  427          -    0.00000      -     -    1s
     0     0    0.00000    0  498          -    0.00000      -     -    1s
     0     0    0.00000    0  424          -    0.00000      -     -    2s
     0     0    0.00000    0  549          -    0.00000      -     -    2s
     0     0    0.00000    0  484          -    0.00000      -     -    2s
     0     0    0.00000    0  537          -    0.00000      -     -    2s
     0     0    0.00000    0  441          -    0.00000      -     -    3s
     0     0    0.00000    0  440          -    0.00000      -     -    3s
     0     0    0.00000    0  449          -    0.00000      -     -    3s
     0     0    0.00000    0  423          -    0.00000      -     -    3s
     0     2    0.00000    0  423          -    0.00000      -     -    4s
   333   441    0.00000   26  586          -    0.00000      -  62.1    5s
H 2583   626                       0.0000000    0.00000  0.00%  43.3    9s

Cutting planes:
  Gomory: 3
  Cover: 1
  Zero half: 73
  RLT: 3

Explored 2583 nodes (157906 simplex iterations) in 10.03 seconds (12.48 work units)
Thread count was 8 (of 8 available processors)

Solution count 1: 0 

Optimal solution found (tolerance 1.00e-04)
Best objective 0.000000000000e+00, best bound 0.000000000000e+00, gap 0.0000%

User-callback calls 6575, time in user-callback 0.00 sec
Gurobi Optimizer version 11.0.0 build v11.0.0rc2 (linux64 - "Debian GNU/Linux 11 (bullseye)")

CPU model: Intel(R) Core(TM) i7-4770 CPU @ 3.40GHz, instruction set [SSE2|AVX|AVX2]
Thread count: 4 physical cores, 8 logical processors, using up to 8 threads

Academic license 2483116 - for non-commercial use only - registered to ni___@fu-berlin.de
Optimize a model with 722 rows, 1600 columns and 5776 nonzeros
Model fingerprint: 0x2e6bfc85
Variable types: 0 continuous, 1600 integer (1600 binary)
Coefficient statistics:
  Matrix range     [1e+00, 1e+00]
  Objective range  [0e+00, 0e+00]
  Bounds range     [1e+00, 1e+00]
  RHS range        [0e+00, 0e+00]

MIP start from previous solve did not produce a new incumbent solution

Presolve removed 4 rows and 234 columns
Presolve time: 0.01s
Presolved: 718 rows, 1366 columns, 4946 nonzeros
Variable types: 0 continuous, 1366 integer (1361 binary)

Root relaxation: objective 0.000000e+00, 2442 iterations, 0.15 seconds (0.17 work units)

    Nodes    |    Current Node    |     Objective Bounds      |     Work
 Expl Unexpl |  Obj  Depth IntInf | Incumbent    BestBd   Gap | It/Node Time

     0     0    0.00000    0  467          -    0.00000      -     -    0s
     0     0    0.00000    0  641          -    0.00000      -     -    0s
     0     0    0.00000    0  526          -    0.00000      -     -    1s
     0     0    0.00000    0  623          -    0.00000      -     -    1s
     0     0    0.00000    0  391          -    0.00000      -     -    1s
     0     0    0.00000    0  405          -    0.00000      -     -    1s
     0     0    0.00000    0  420          -    0.00000      -     -    1s
     0     0    0.00000    0  477          -    0.00000      -     -    1s
     0     0    0.00000    0  359          -    0.00000      -     -    2s
     0     0    0.00000    0  384          -    0.00000      -     -    2s
     0     0    0.00000    0  290          -    0.00000      -     -    2s
     0     0    0.00000    0  416          -    0.00000      -     -    2s
H    0     0                       0.0000000    0.00000  0.00%     -    3s
     0     0    0.00000    0  319    0.00000    0.00000  0.00%     -    3s

Cutting planes:
  Clique: 1
  Zero half: 81
  RLT: 1

Explored 1 nodes (28137 simplex iterations) in 3.48 seconds (3.49 work units)
Thread count was 8 (of 8 available processors)

Solution count 1: 0 

Optimal solution found (tolerance 1.00e-04)
Best objective 0.000000000000e+00, best bound 0.000000000000e+00, gap 0.0000%

User-callback calls 692, time in user-callback 0.00 sec
Gurobi Optimizer version 11.0.0 build v11.0.0rc2 (linux64 - "Debian GNU/Linux 11 (bullseye)")

CPU model: Intel(R) Core(TM) i7-4770 CPU @ 3.40GHz, instruction set [SSE2|AVX|AVX2]
Thread count: 4 physical cores, 8 logical processors, using up to 8 threads

Academic license 2483116 - for non-commercial use only - registered to ni___@fu-berlin.de
Optimize a model with 722 rows, 1600 columns and 5776 nonzeros
Model fingerprint: 0x2e0ca4c8
Variable types: 0 continuous, 1600 integer (1600 binary)
Coefficient statistics:
  Matrix range     [1e+00, 1e+00]
  Objective range  [0e+00, 0e+00]
  Bounds range     [1e+00, 1e+00]
  RHS range        [0e+00, 0e+00]

MIP start from previous solve did not produce a new incumbent solution

Presolve removed 3 rows and 247 columns
Presolve time: 0.01s
Presolved: 719 rows, 1353 columns, 4908 nonzeros
Variable types: 0 continuous, 1353 integer (1348 binary)

Root relaxation: objective 0.000000e+00, 1954 iterations, 0.10 seconds (0.12 work units)

    Nodes    |    Current Node    |     Objective Bounds      |     Work
 Expl Unexpl |  Obj  Depth IntInf | Incumbent    BestBd   Gap | It/Node Time

     0     0    0.00000    0  416          -    0.00000      -     -    0s
     0     0    0.00000    0  618          -    0.00000      -     -    0s
     0     0    0.00000    0  625          -    0.00000      -     -    0s
     0     0    0.00000    0  419          -    0.00000      -     -    1s
     0     0    0.00000    0  467          -    0.00000      -     -    1s
     0     0    0.00000    0  491          -    0.00000      -     -    1s
     0     0    0.00000    0  554          -    0.00000      -     -    1s
     0     0    0.00000    0  416          -    0.00000      -     -    2s
     0     0    0.00000    0  527          -    0.00000      -     -    2s
     0     0    0.00000    0  413          -    0.00000      -     -    2s
     0     0    0.00000    0  413          -    0.00000      -     -    2s
     0     2    0.00000    0  383          -    0.00000      -     -    3s
  1762   512 infeasible   78               -    0.00000      -  38.4    5s
  4438   593    0.00000   25  555          -    0.00000      -  46.7   10s
  4451   601    0.00000   93  339          -    0.00000      -  46.5   15s
  5136  1482    0.00000   68  628          -    0.00000      -  32.3   22s
  7337  1359 infeasible   65               -    0.00000      -  39.9   25s
 12153  1861    0.00000   74  272          -    0.00000      -  46.8   30s

Cutting planes:
  Clique: 1
  Flow cover: 1
  Zero half: 13

Explored 12481 nodes (815590 simplex iterations) in 30.08 seconds (35.94 work units)
Thread count was 8 (of 8 available processors)

Solution count 0

Time limit reached
Best objective -, best bound 0.000000000000e+00, gap -

User-callback calls 30688, time in user-callback 0.01 sec
Gurobi Optimizer version 11.0.0 build v11.0.0rc2 (linux64 - "Debian GNU/Linux 11 (bullseye)")

CPU model: Intel(R) Core(TM) i7-4770 CPU @ 3.40GHz, instruction set [SSE2|AVX|AVX2]
Thread count: 4 physical cores, 8 logical processors, using up to 8 threads

Academic license 2483116 - for non-commercial use only - registered to ni___@fu-berlin.de
Optimize a model with 722 rows, 1600 columns and 5776 nonzeros
Model fingerprint: 0xa35837c5
Variable types: 0 continuous, 1600 integer (1600 binary)
Coefficient statistics:
  Matrix range     [1e+00, 1e+00]
  Objective range  [0e+00, 0e+00]
  Bounds range     [1e+00, 1e+00]
  RHS range        [0e+00, 0e+00]

MIP start from previous solve did not produce a new incumbent solution

Presolve removed 8 rows and 250 columns
Presolve time: 0.01s
Presolved: 714 rows, 1350 columns, 4901 nonzeros
Variable types: 0 continuous, 1350 integer (1347 binary)

Root relaxation: objective 0.000000e+00, 2242 iterations, 0.13 seconds (0.15 work units)

    Nodes    |    Current Node    |     Objective Bounds      |     Work
 Expl Unexpl |  Obj  Depth IntInf | Incumbent    BestBd   Gap | It/Node Time

     0     0    0.00000    0  512          -    0.00000      -     -    0s
     0     0    0.00000    0  667          -    0.00000      -     -    0s
     0     0    0.00000    0  667          -    0.00000      -     -    0s
     0     0    0.00000    0  497          -    0.00000      -     -    1s
     0     0    0.00000    0  642          -    0.00000      -     -    1s
     0     0    0.00000    0  462          -    0.00000      -     -    1s
     0     0    0.00000    0  513          -    0.00000      -     -    1s
     0     0    0.00000    0  470          -    0.00000      -     -    2s
     0     0    0.00000    0  551          -    0.00000      -     -    2s
     0     0    0.00000    0  486          -    0.00000      -     -    2s
     0     0    0.00000    0  486          -    0.00000      -     -    2s
     0     2    0.00000    0  442          -    0.00000      -     -    3s
  1438   336    0.00000   42  465          -    0.00000      -  45.9    5s
  7694   378    0.00000   26  574          -    0.00000      -  45.0   10s
  9676   466    0.00000   25  597          -    0.00000      -  47.5   15s
  9800   609    0.00000   24  723          -    0.00000      -   4.1   20s
 12091   955 infeasible   84               -    0.00000      -  16.0   25s
 16891   987    0.00000   49  603          -    0.00000      -  27.2   30s

Cutting planes:
  Clique: 2
  Flow cover: 3
  Zero half: 17
  RLT: 7

Explored 18091 nodes (1003680 simplex iterations) in 30.10 seconds (41.52 work units)
Thread count was 8 (of 8 available processors)

Solution count 0

Time limit reached
Best objective -, best bound 0.000000000000e+00, gap -

User-callback calls 40497, time in user-callback 0.01 sec
Gurobi Optimizer version 11.0.0 build v11.0.0rc2 (linux64 - "Debian GNU/Linux 11 (bullseye)")

CPU model: Intel(R) Core(TM) i7-4770 CPU @ 3.40GHz, instruction set [SSE2|AVX|AVX2]
Thread count: 4 physical cores, 8 logical processors, using up to 8 threads

Academic license 2483116 - for non-commercial use only - registered to ni___@fu-berlin.de
Optimize a model with 722 rows, 1600 columns and 5776 nonzeros
Model fingerprint: 0x3d7d2dc4
Variable types: 0 continuous, 1600 integer (1600 binary)
Coefficient statistics:
  Matrix range     [1e+00, 1e+00]
  Objective range  [0e+00, 0e+00]
  Bounds range     [1e+00, 1e+00]
  RHS range        [0e+00, 0e+00]

MIP start from previous solve did not produce a new incumbent solution

Presolve removed 2 rows and 226 columns
Presolve time: 0.00s

Explored 0 nodes (0 simplex iterations) in 0.06 seconds (0.00 work units)
Thread count was 1 (of 8 available processors)

Solution count 0

Model is infeasible
Best objective -, best bound -, gap -

User-callback calls 51, time in user-callback 0.00 sec
Gurobi Optimizer version 11.0.0 build v11.0.0rc2 (linux64 - "Debian GNU/Linux 11 (bullseye)")

CPU model: Intel(R) Core(TM) i7-4770 CPU @ 3.40GHz, instruction set [SSE2|AVX|AVX2]
Thread count: 4 physical cores, 8 logical processors, using up to 8 threads

Academic license 2483116 - for non-commercial use only - registered to ni___@fu-berlin.de
Optimize a model with 722 rows, 1600 columns and 5776 nonzeros
Model fingerprint: 0xa6a46e5d
Variable types: 0 continuous, 1600 integer (1600 binary)
Coefficient statistics:
  Matrix range     [1e+00, 1e+00]
  Objective range  [0e+00, 0e+00]
  Bounds range     [1e+00, 1e+00]
  RHS range        [0e+00, 0e+00]

MIP start from previous solve did not produce a new incumbent solution

Presolve removed 4 rows and 245 columns
Presolve time: 0.01s
Presolved: 718 rows, 1355 columns, 4912 nonzeros
Variable types: 0 continuous, 1355 integer (1352 binary)

Root relaxation: objective 0.000000e+00, 2198 iterations, 0.12 seconds (0.14 work units)

    Nodes    |    Current Node    |     Objective Bounds      |     Work
 Expl Unexpl |  Obj  Depth IntInf | Incumbent    BestBd   Gap | It/Node Time

     0     0    0.00000    0  584          -    0.00000      -     -    0s
     0     0    0.00000    0  681          -    0.00000      -     -    0s
     0     0    0.00000    0  652          -    0.00000      -     -    0s
     0     0    0.00000    0  536          -    0.00000      -     -    1s
     0     0    0.00000    0  552          -    0.00000      -     -    1s
     0     0    0.00000    0  575          -    0.00000      -     -    1s
     0     0    0.00000    0  552          -    0.00000      -     -    2s
     0     0    0.00000    0  580          -    0.00000      -     -    2s
     0     0    0.00000    0  589          -    0.00000      -     -    2s
     0     0    0.00000    0  562          -    0.00000      -     -    2s
     0     2    0.00000    0  461          -    0.00000      -     -    3s
  1237   254 infeasible   43               -    0.00000      -  49.8    5s
  3841   402    0.00000   34  388          -    0.00000      -  49.0   10s
  3856   412    0.00000   39  380          -    0.00000      -  48.8   15s
* 4649   840              69       0.0000000    0.00000  0.00%  19.8   18s

Cutting planes:
  Cover: 2
  Clique: 1
  Flow cover: 2
  Zero half: 10
  RLT: 2

Explored 5746 nodes (328769 simplex iterations) in 18.94 seconds (22.22 work units)
Thread count was 8 (of 8 available processors)

Solution count 1: 0 

Optimal solution found (tolerance 1.00e-04)
Best objective 0.000000000000e+00, best bound 0.000000000000e+00, gap 0.0000%

User-callback calls 14677, time in user-callback 0.00 sec
Gurobi Optimizer version 11.0.0 build v11.0.0rc2 (linux64 - "Debian GNU/Linux 11 (bullseye)")

CPU model: Intel(R) Core(TM) i7-4770 CPU @ 3.40GHz, instruction set [SSE2|AVX|AVX2]
Thread count: 4 physical cores, 8 logical processors, using up to 8 threads

Academic license 2483116 - for non-commercial use only - registered to ni___@fu-berlin.de
Optimize a model with 722 rows, 1600 columns and 5776 nonzeros
Model fingerprint: 0x8f762761
Variable types: 0 continuous, 1600 integer (1600 binary)
Coefficient statistics:
  Matrix range     [1e+00, 1e+00]
  Objective range  [0e+00, 0e+00]
  Bounds range     [1e+00, 1e+00]
  RHS range        [0e+00, 0e+00]

MIP start from previous solve did not produce a new incumbent solution

Presolve removed 26 rows and 313 columns
Presolve time: 0.01s

Explored 0 nodes (0 simplex iterations) in 0.06 seconds (0.02 work units)
Thread count was 1 (of 8 available processors)

Solution count 0

Model is infeasible
Best objective -, best bound -, gap -

User-callback calls 330, time in user-callback 0.00 sec
Gurobi Optimizer version 11.0.0 build v11.0.0rc2 (linux64 - "Debian GNU/Linux 11 (bullseye)")

CPU model: Intel(R) Core(TM) i7-4770 CPU @ 3.40GHz, instruction set [SSE2|AVX|AVX2]
Thread count: 4 physical cores, 8 logical processors, using up to 8 threads

Academic license 2483116 - for non-commercial use only - registered to ni___@fu-berlin.de
Optimize a model with 722 rows, 1600 columns and 5776 nonzeros
Model fingerprint: 0x934932f1
Variable types: 0 continuous, 1600 integer (1600 binary)
Coefficient statistics:
  Matrix range     [1e+00, 1e+00]
  Objective range  [0e+00, 0e+00]
  Bounds range     [1e+00, 1e+00]
  RHS range        [0e+00, 0e+00]

MIP start from previous solve did not produce a new incumbent solution

Presolve removed 7 rows and 252 columns
Presolve time: 0.01s
Presolved: 715 rows, 1348 columns, 4929 nonzeros
Variable types: 0 continuous, 1348 integer (1346 binary)

Root relaxation: objective 0.000000e+00, 1957 iterations, 0.10 seconds (0.11 work units)

    Nodes    |    Current Node    |     Objective Bounds      |     Work
 Expl Unexpl |  Obj  Depth IntInf | Incumbent    BestBd   Gap | It/Node Time

     0     0    0.00000    0  570          -    0.00000      -     -    0s
     0     0    0.00000    0  664          -    0.00000      -     -    0s
     0     0    0.00000    0  658          -    0.00000      -     -    0s
     0     0    0.00000    0  571          -    0.00000      -     -    1s
     0     0    0.00000    0  598          -    0.00000      -     -    1s
     0     0    0.00000    0  500          -    0.00000      -     -    1s
     0     0    0.00000    0  517          -    0.00000      -     -    1s
     0     0    0.00000    0  400          -    0.00000      -     -    2s
     0     0    0.00000    0  551          -    0.00000      -     -    2s
     0     0    0.00000    0  485          -    0.00000      -     -    2s
     0     0    0.00000    0  541          -    0.00000      -     -    2s
     0     0    0.00000    0  392          -    0.00000      -     -    2s
     0     0    0.00000    0  486          -    0.00000      -     -    2s
     0     0    0.00000    0  403          -    0.00000      -     -    3s
     0     0    0.00000    0  604          -    0.00000      -     -    3s
     0     0    0.00000    0  383          -    0.00000      -     -    3s
     0     0    0.00000    0  383          -    0.00000      -     -    4s
     0     2    0.00000    0  258          -    0.00000      -     -    5s
  7017   664 infeasible   91               -    0.00000      -  34.1   10s
  8337   701    0.00000   29  532          -    0.00000      -  36.8   15s
  8351   710    0.00000   25  242          -    0.00000      -  36.8   20s
  8613  1075    0.00000   30  641          -    0.00000      -  18.1   25s
  9324  1377    0.00000   32  687          -    0.00000      -  40.2   30s

Cutting planes:
  Zero half: 17

Explored 9434 nodes (748465 simplex iterations) in 30.03 seconds (39.92 work units)
Thread count was 8 (of 8 available processors)

Solution count 0

Time limit reached
Best objective -, best bound 0.000000000000e+00, gap -

User-callback calls 22114, time in user-callback 0.00 sec
Gurobi Optimizer version 11.0.0 build v11.0.0rc2 (linux64 - "Debian GNU/Linux 11 (bullseye)")

CPU model: Intel(R) Core(TM) i7-4770 CPU @ 3.40GHz, instruction set [SSE2|AVX|AVX2]
Thread count: 4 physical cores, 8 logical processors, using up to 8 threads

Academic license 2483116 - for non-commercial use only - registered to ni___@fu-berlin.de
Optimize a model with 722 rows, 1600 columns and 5776 nonzeros
Model fingerprint: 0xe2f39042
Variable types: 0 continuous, 1600 integer (1600 binary)
Coefficient statistics:
  Matrix range     [1e+00, 1e+00]
  Objective range  [0e+00, 0e+00]
  Bounds range     [1e+00, 1e+00]
  RHS range        [0e+00, 0e+00]

MIP start from previous solve did not produce a new incumbent solution

Presolve removed 0 rows and 223 columns
Presolve time: 0.01s
Presolved: 722 rows, 1377 columns, 4985 nonzeros
Variable types: 0 continuous, 1377 integer (1374 binary)

Root relaxation: objective 0.000000e+00, 2251 iterations, 0.14 seconds (0.15 work units)

    Nodes    |    Current Node    |     Objective Bounds      |     Work
 Expl Unexpl |  Obj  Depth IntInf | Incumbent    BestBd   Gap | It/Node Time

     0     0    0.00000    0  456          -    0.00000      -     -    0s
     0     0    0.00000    0  629          -    0.00000      -     -    1s
     0     0    0.00000    0  615          -    0.00000      -     -    1s
     0     0    0.00000    0  530          -    0.00000      -     -    1s
     0     0    0.00000    0  622          -    0.00000      -     -    1s
     0     0    0.00000    0  471          -    0.00000      -     -    2s
     0     0    0.00000    0  559          -    0.00000      -     -    2s
H    0     0                       0.0000000    0.00000  0.00%     -    2s
     0     0    0.00000    0  446    0.00000    0.00000  0.00%     -    2s

Cutting planes:
  Clique: 1
  MIR: 1
  Zero half: 77

Explored 1 nodes (17848 simplex iterations) in 2.63 seconds (2.32 work units)
Thread count was 8 (of 8 available processors)

Solution count 1: 0 

Optimal solution found (tolerance 1.00e-04)
Best objective 0.000000000000e+00, best bound 0.000000000000e+00, gap 0.0000%

User-callback calls 515, time in user-callback 0.00 sec

Gurobi 11.0.0 (linux64) logging started Tue 05 Mar 2024 15:32:12 CET

Set parameter LogFile to value "ConfigSearch_40.log"
Set parameter LogToConsole to value 0
Set parameter PoolSolutions to value 1

Gurobi 11.0.0 (linux64) logging started Tue 05 Mar 2024 15:32:12 CET

Set parameter LogFile to value "ConfigSearch_40.log"
Gurobi Optimizer version 11.0.0 build v11.0.0rc2 (linux64 - "Debian GNU/Linux 11 (bullseye)")

CPU model: Intel(R) Core(TM) i7-4770 CPU @ 3.40GHz, instruction set [SSE2|AVX|AVX2]
Thread count: 4 physical cores, 8 logical processors, using up to 8 threads

Academic license 2483116 - for non-commercial use only - registered to ni___@fu-berlin.de
Optimize a model with 722 rows, 1600 columns and 5776 nonzeros
Model fingerprint: 0x6d412843
Variable types: 0 continuous, 1600 integer (1600 binary)
Coefficient statistics:
  Matrix range     [1e+00, 1e+00]
  Objective range  [0e+00, 0e+00]
  Bounds range     [1e+00, 1e+00]
  RHS range        [0e+00, 0e+00]
Presolve removed 14 rows and 262 columns
Presolve time: 0.03s
Presolved: 708 rows, 1338 columns, 4870 nonzeros
Variable types: 0 continuous, 1338 integer (1336 binary)

Root relaxation: objective 0.000000e+00, 2126 iterations, 0.14 seconds (0.14 work units)

    Nodes    |    Current Node    |     Objective Bounds      |     Work
 Expl Unexpl |  Obj  Depth IntInf | Incumbent    BestBd   Gap | It/Node Time

     0     0    0.00000    0  538          -    0.00000      -     -    0s
     0     0    0.00000    0  665          -    0.00000      -     -    0s
     0     0    0.00000    0  621          -    0.00000      -     -    0s
     0     0    0.00000    0  507          -    0.00000      -     -    1s
     0     0    0.00000    0  515          -    0.00000      -     -    1s
     0     0    0.00000    0  411          -    0.00000      -     -    1s
     0     0    0.00000    0  412          -    0.00000      -     -    1s
     0     0    0.00000    0  449          -    0.00000      -     -    1s
     0     0    0.00000    0  512          -    0.00000      -     -    1s
     0     0    0.00000    0  472          -    0.00000      -     -    2s
     0     0    0.00000    0  500          -    0.00000      -     -    2s
     0     0    0.00000    0  427          -    0.00000      -     -    2s
     0     0    0.00000    0  427          -    0.00000      -     -    2s
     0     2    0.00000    0  380          -    0.00000      -     -    3s
   696   203 infeasible   31               -    0.00000      -  57.1    5s
  4751   407    0.00000   49  459          -    0.00000      -  56.7   10s

Cutting planes:
  Gomory: 1
  Clique: 2
  Zero half: 12
  RLT: 4

Explored 4765 nodes (326499 simplex iterations) in 15.00 seconds (20.17 work units)
Thread count was 8 (of 8 available processors)

Solution count 0

Time limit reached
Best objective -, best bound 0.000000000000e+00, gap -

User-callback calls 11441, time in user-callback 0.00 sec
Gurobi Optimizer version 11.0.0 build v11.0.0rc2 (linux64 - "Debian GNU/Linux 11 (bullseye)")

CPU model: Intel(R) Core(TM) i7-4770 CPU @ 3.40GHz, instruction set [SSE2|AVX|AVX2]
Thread count: 4 physical cores, 8 logical processors, using up to 8 threads

Academic license 2483116 - for non-commercial use only - registered to ni___@fu-berlin.de
Optimize a model with 722 rows, 1600 columns and 5776 nonzeros
Model fingerprint: 0x1010180f
Variable types: 0 continuous, 1600 integer (1600 binary)
Coefficient statistics:
  Matrix range     [1e+00, 1e+00]
  Objective range  [0e+00, 0e+00]
  Bounds range     [1e+00, 1e+00]
  RHS range        [0e+00, 0e+00]
Presolve removed 0 rows and 226 columns
Presolve time: 0.00s

Explored 0 nodes (0 simplex iterations) in 0.04 seconds (0.00 work units)
Thread count was 1 (of 8 available processors)

Solution count 0

Model is infeasible
Best objective -, best bound -, gap -

User-callback calls 34, time in user-callback 0.00 sec
Gurobi Optimizer version 11.0.0 build v11.0.0rc2 (linux64 - "Debian GNU/Linux 11 (bullseye)")

CPU model: Intel(R) Core(TM) i7-4770 CPU @ 3.40GHz, instruction set [SSE2|AVX|AVX2]
Thread count: 4 physical cores, 8 logical processors, using up to 8 threads

Academic license 2483116 - for non-commercial use only - registered to ni___@fu-berlin.de
Optimize a model with 722 rows, 1600 columns and 5776 nonzeros
Model fingerprint: 0x11ce5fc6
Variable types: 0 continuous, 1600 integer (1600 binary)
Coefficient statistics:
  Matrix range     [1e+00, 1e+00]
  Objective range  [0e+00, 0e+00]
  Bounds range     [1e+00, 1e+00]
  RHS range        [0e+00, 0e+00]
Presolve removed 1 rows and 229 columns
Presolve time: 0.01s
Presolved: 721 rows, 1371 columns, 4967 nonzeros
Variable types: 0 continuous, 1371 integer (1366 binary)

Root relaxation: objective 0.000000e+00, 2440 iterations, 0.15 seconds (0.18 work units)

    Nodes    |    Current Node    |     Objective Bounds      |     Work
 Expl Unexpl |  Obj  Depth IntInf | Incumbent    BestBd   Gap | It/Node Time

     0     0    0.00000    0  482          -    0.00000      -     -    0s
     0     0    0.00000    0  556          -    0.00000      -     -    0s
     0     0    0.00000    0  539          -    0.00000      -     -    0s
     0     0    0.00000    0  376          -    0.00000      -     -    1s
     0     0    0.00000    0  471          -    0.00000      -     -    1s
     0     0    0.00000    0  434          -    0.00000      -     -    1s
     0     0    0.00000    0  467          -    0.00000      -     -    1s
     0     0    0.00000    0  495          -    0.00000      -     -    1s
     0     0    0.00000    0  634          -    0.00000      -     -    2s
     0     0    0.00000    0  463          -    0.00000      -     -    2s
     0     0    0.00000    0  608          -    0.00000      -     -    2s
     0     0    0.00000    0  479          -    0.00000      -     -    3s
     0     0    0.00000    0  344          -    0.00000      -     -    3s
     0     2    0.00000    0  327          -    0.00000      -     -    4s
   216   234 infeasible   19               -    0.00000      -  80.2    5s
  5047   351    0.00000   32  344          -    0.00000      -  65.8   10s
H 5057   339                       0.0000000    0.00000  0.00%  65.7   14s

Cutting planes:
  Gomory: 7
  Flow cover: 3
  Zero half: 88

Explored 5057 nodes (382957 simplex iterations) in 14.95 seconds (20.10 work units)
Thread count was 8 (of 8 available processors)

Solution count 1: 0 

Optimal solution found (tolerance 1.00e-04)
Best objective 0.000000000000e+00, best bound 0.000000000000e+00, gap 0.0000%

User-callback calls 11813, time in user-callback 0.00 sec
Gurobi Optimizer version 11.0.0 build v11.0.0rc2 (linux64 - "Debian GNU/Linux 11 (bullseye)")

CPU model: Intel(R) Core(TM) i7-4770 CPU @ 3.40GHz, instruction set [SSE2|AVX|AVX2]
Thread count: 4 physical cores, 8 logical processors, using up to 8 threads

Academic license 2483116 - for non-commercial use only - registered to ni___@fu-berlin.de
Optimize a model with 722 rows, 1600 columns and 5776 nonzeros
Model fingerprint: 0x12c0f273
Variable types: 0 continuous, 1600 integer (1600 binary)
Coefficient statistics:
  Matrix range     [1e+00, 1e+00]
  Objective range  [0e+00, 0e+00]
  Bounds range     [1e+00, 1e+00]
  RHS range        [0e+00, 0e+00]

MIP start from previous solve did not produce a new incumbent solution

Presolve removed 10 rows and 254 columns
Presolve time: 0.00s

Explored 0 nodes (0 simplex iterations) in 0.04 seconds (0.00 work units)
Thread count was 1 (of 8 available processors)

Solution count 0

Model is infeasible
Best objective -, best bound -, gap -

User-callback calls 134, time in user-callback 0.00 sec
Gurobi Optimizer version 11.0.0 build v11.0.0rc2 (linux64 - "Debian GNU/Linux 11 (bullseye)")

CPU model: Intel(R) Core(TM) i7-4770 CPU @ 3.40GHz, instruction set [SSE2|AVX|AVX2]
Thread count: 4 physical cores, 8 logical processors, using up to 8 threads

Academic license 2483116 - for non-commercial use only - registered to ni___@fu-berlin.de
Optimize a model with 722 rows, 1600 columns and 5776 nonzeros
Model fingerprint: 0x77f4a53f
Variable types: 0 continuous, 1600 integer (1600 binary)
Coefficient statistics:
  Matrix range     [1e+00, 1e+00]
  Objective range  [0e+00, 0e+00]
  Bounds range     [1e+00, 1e+00]
  RHS range        [0e+00, 0e+00]

MIP start from previous solve did not produce a new incumbent solution

Presolve removed 0 rows and 220 columns
Presolve time: 0.00s

Explored 0 nodes (0 simplex iterations) in 0.05 seconds (0.00 work units)
Thread count was 1 (of 8 available processors)

Solution count 0

Model is infeasible
Best objective -, best bound -, gap -

User-callback calls 37, time in user-callback 0.00 sec
Gurobi Optimizer version 11.0.0 build v11.0.0rc2 (linux64 - "Debian GNU/Linux 11 (bullseye)")

CPU model: Intel(R) Core(TM) i7-4770 CPU @ 3.40GHz, instruction set [SSE2|AVX|AVX2]
Thread count: 4 physical cores, 8 logical processors, using up to 8 threads

Academic license 2483116 - for non-commercial use only - registered to ni___@fu-berlin.de
Optimize a model with 722 rows, 1600 columns and 5776 nonzeros
Model fingerprint: 0x0001465b
Variable types: 0 continuous, 1600 integer (1600 binary)
Coefficient statistics:
  Matrix range     [1e+00, 1e+00]
  Objective range  [0e+00, 0e+00]
  Bounds range     [1e+00, 1e+00]
  RHS range        [0e+00, 0e+00]

MIP start from previous solve did not produce a new incumbent solution

Presolve removed 3 rows and 237 columns
Presolve time: 0.01s
Presolved: 719 rows, 1363 columns, 4960 nonzeros
Variable types: 0 continuous, 1363 integer (1361 binary)

Root relaxation: objective 0.000000e+00, 2410 iterations, 0.19 seconds (0.17 work units)

    Nodes    |    Current Node    |     Objective Bounds      |     Work
 Expl Unexpl |  Obj  Depth IntInf | Incumbent    BestBd   Gap | It/Node Time

     0     0    0.00000    0  507          -    0.00000      -     -    0s
     0     0    0.00000    0  649          -    0.00000      -     -    0s
     0     0    0.00000    0  666          -    0.00000      -     -    0s
     0     0    0.00000    0  519          -    0.00000      -     -    1s
     0     0    0.00000    0  546          -    0.00000      -     -    1s
     0     0    0.00000    0  522          -    0.00000      -     -    1s
     0     0    0.00000    0  581          -    0.00000      -     -    1s
     0     0    0.00000    0  457          -    0.00000      -     -    2s
     0     0    0.00000    0  588          -    0.00000      -     -    2s
H    0     0                       0.0000000    0.00000  0.00%     -    2s
     0     0    0.00000    0  460    0.00000    0.00000  0.00%     -    2s

Cutting planes:
  Clique: 2
  Zero half: 103
  RLT: 3

Explored 1 nodes (19238 simplex iterations) in 2.77 seconds (2.54 work units)
Thread count was 8 (of 8 available processors)

Solution count 1: 0 

Optimal solution found (tolerance 1.00e-04)
Best objective 0.000000000000e+00, best bound 0.000000000000e+00, gap 0.0000%

User-callback calls 661, time in user-callback 0.00 sec
Gurobi Optimizer version 11.0.0 build v11.0.0rc2 (linux64 - "Debian GNU/Linux 11 (bullseye)")

CPU model: Intel(R) Core(TM) i7-4770 CPU @ 3.40GHz, instruction set [SSE2|AVX|AVX2]
Thread count: 4 physical cores, 8 logical processors, using up to 8 threads

Academic license 2483116 - for non-commercial use only - registered to ni___@fu-berlin.de
Optimize a model with 722 rows, 1600 columns and 5776 nonzeros
Model fingerprint: 0x88f57912
Variable types: 0 continuous, 1600 integer (1600 binary)
Coefficient statistics:
  Matrix range     [1e+00, 1e+00]
  Objective range  [0e+00, 0e+00]
  Bounds range     [1e+00, 1e+00]
  RHS range        [0e+00, 0e+00]

MIP start from previous solve did not produce a new incumbent solution

Presolve removed 26 rows and 302 columns
Presolve time: 0.02s
Presolved: 696 rows, 1298 columns, 4715 nonzeros
Variable types: 0 continuous, 1298 integer (1294 binary)

Root relaxation: objective 0.000000e+00, 2172 iterations, 0.12 seconds (0.14 work units)

    Nodes    |    Current Node    |     Objective Bounds      |     Work
 Expl Unexpl |  Obj  Depth IntInf | Incumbent    BestBd   Gap | It/Node Time

     0     0    0.00000    0  546          -    0.00000      -     -    0s
     0     0    0.00000    0  665          -    0.00000      -     -    0s
     0     0    0.00000    0  634          -    0.00000      -     -    0s
     0     0    0.00000    0  453          -    0.00000      -     -    1s
     0     0    0.00000    0  448          -    0.00000      -     -    1s
     0     0    0.00000    0  491          -    0.00000      -     -    1s
     0     0    0.00000    0  493          -    0.00000      -     -    1s
     0     0    0.00000    0  446          -    0.00000      -     -    1s
     0     0    0.00000    0  451          -    0.00000      -     -    1s
     0     0    0.00000    0  467          -    0.00000      -     -    2s
     0     0    0.00000    0  511          -    0.00000      -     -    2s
     0     0    0.00000    0  362          -    0.00000      -     -    2s
     0     0    0.00000    0  504          -    0.00000      -     -    2s
     0     0    0.00000    0  400          -    0.00000      -     -    3s
     0     0    0.00000    0  385          -    0.00000      -     -    3s
     0     2    0.00000    0  385          -    0.00000      -     -    4s
   591   253    0.00000   22  546          -    0.00000      -  50.0    5s
* 1583   419              93       0.0000000    0.00000  0.00%  34.2    5s

Cutting planes:
  Gomory: 1
  Cover: 65
  Clique: 6
  MIR: 3
  Inf proof: 3
  Zero half: 21
  RLT: 3

Explored 2772 nodes (90155 simplex iterations) in 5.78 seconds (7.19 work units)
Thread count was 8 (of 8 available processors)

Solution count 1: 0 

Optimal solution found (tolerance 1.00e-04)
Best objective 0.000000000000e+00, best bound 0.000000000000e+00, gap 0.0000%

User-callback calls 6946, time in user-callback 0.00 sec
Gurobi Optimizer version 11.0.0 build v11.0.0rc2 (linux64 - "Debian GNU/Linux 11 (bullseye)")

CPU model: Intel(R) Core(TM) i7-4770 CPU @ 3.40GHz, instruction set [SSE2|AVX|AVX2]
Thread count: 4 physical cores, 8 logical processors, using up to 8 threads

Academic license 2483116 - for non-commercial use only - registered to ni___@fu-berlin.de
Optimize a model with 722 rows, 1600 columns and 5776 nonzeros
Model fingerprint: 0x656bce1e
Variable types: 0 continuous, 1600 integer (1600 binary)
Coefficient statistics:
  Matrix range     [1e+00, 1e+00]
  Objective range  [0e+00, 0e+00]
  Bounds range     [1e+00, 1e+00]
  RHS range        [0e+00, 0e+00]

MIP start from previous solve did not produce a new incumbent solution

Presolve removed 3 rows and 240 columns
Presolve time: 0.01s
Presolved: 719 rows, 1360 columns, 4923 nonzeros
Variable types: 0 continuous, 1360 integer (1355 binary)

Root relaxation: objective 0.000000e+00, 2175 iterations, 0.13 seconds (0.15 work units)

    Nodes    |    Current Node    |     Objective Bounds      |     Work
 Expl Unexpl |  Obj  Depth IntInf | Incumbent    BestBd   Gap | It/Node Time

     0     0    0.00000    0  515          -    0.00000      -     -    0s
     0     0    0.00000    0  605          -    0.00000      -     -    0s
     0     0    0.00000    0  584          -    0.00000      -     -    0s
     0     0    0.00000    0  429          -    0.00000      -     -    1s
     0     0    0.00000    0  487          -    0.00000      -     -    1s
     0     0    0.00000    0  456          -    0.00000      -     -    1s
     0     0    0.00000    0  478          -    0.00000      -     -    1s
     0     0    0.00000    0  426          -    0.00000      -     -    2s
     0     0    0.00000    0  477          -    0.00000      -     -    2s
     0     0    0.00000    0  555          -    0.00000      -     -    2s
     0     0    0.00000    0  542          -    0.00000      -     -    2s
     0     0    0.00000    0  542          -    0.00000      -     -    3s
     0     2    0.00000    0  350          -    0.00000      -     -    3s
   374   290    0.00000   28  496          -    0.00000      -  79.1    5s
H 5196   247                       0.0000000    0.00000  0.00%  39.7    8s

Cutting planes:
  Cover: 321
  Clique: 3
  Inf proof: 18
  Zero half: 29
  RLT: 3

Explored 5624 nodes (236486 simplex iterations) in 8.18 seconds (12.62 work units)
Thread count was 8 (of 8 available processors)

Solution count 1: 0 

Optimal solution found (tolerance 1.00e-04)
Best objective 0.000000000000e+00, best bound 0.000000000000e+00, gap 0.0000%

User-callback calls 12460, time in user-callback 0.00 sec
Gurobi Optimizer version 11.0.0 build v11.0.0rc2 (linux64 - "Debian GNU/Linux 11 (bullseye)")

CPU model: Intel(R) Core(TM) i7-4770 CPU @ 3.40GHz, instruction set [SSE2|AVX|AVX2]
Thread count: 4 physical cores, 8 logical processors, using up to 8 threads

Academic license 2483116 - for non-commercial use only - registered to ni___@fu-berlin.de
Optimize a model with 722 rows, 1600 columns and 5776 nonzeros
Model fingerprint: 0x1709db94
Variable types: 0 continuous, 1600 integer (1600 binary)
Coefficient statistics:
  Matrix range     [1e+00, 1e+00]
  Objective range  [0e+00, 0e+00]
  Bounds range     [1e+00, 1e+00]
  RHS range        [0e+00, 0e+00]

MIP start from previous solve did not produce a new incumbent solution

Presolve removed 5 rows and 233 columns
Presolve time: 0.01s
Presolved: 717 rows, 1367 columns, 4941 nonzeros
Variable types: 0 continuous, 1367 integer (1365 binary)

Root relaxation: objective 0.000000e+00, 2375 iterations, 0.14 seconds (0.16 work units)

    Nodes    |    Current Node    |     Objective Bounds      |     Work
 Expl Unexpl |  Obj  Depth IntInf | Incumbent    BestBd   Gap | It/Node Time

     0     0    0.00000    0  447          -    0.00000      -     -    0s
     0     0    0.00000    0  637          -    0.00000      -     -    0s
     0     0    0.00000    0  623          -    0.00000      -     -    0s
     0     0    0.00000    0  499          -    0.00000      -     -    1s
     0     0    0.00000    0  533          -    0.00000      -     -    1s
H    0     0                       0.0000000    0.00000  0.00%     -    1s
     0     0    0.00000    0  492    0.00000    0.00000  0.00%     -    1s

Cutting planes:
  Implied bound: 1
  Clique: 4
  Zero half: 94
  RLT: 1

Explored 1 nodes (13278 simplex iterations) in 1.67 seconds (1.67 work units)
Thread count was 8 (of 8 available processors)

Solution count 1: 0 

Optimal solution found (tolerance 1.00e-04)
Best objective 0.000000000000e+00, best bound 0.000000000000e+00, gap 0.0000%

User-callback calls 621, time in user-callback 0.00 sec
Gurobi Optimizer version 11.0.0 build v11.0.0rc2 (linux64 - "Debian GNU/Linux 11 (bullseye)")

CPU model: Intel(R) Core(TM) i7-4770 CPU @ 3.40GHz, instruction set [SSE2|AVX|AVX2]
Thread count: 4 physical cores, 8 logical processors, using up to 8 threads

Academic license 2483116 - for non-commercial use only - registered to ni___@fu-berlin.de
Optimize a model with 722 rows, 1600 columns and 5776 nonzeros
Model fingerprint: 0x73973ba7
Variable types: 0 continuous, 1600 integer (1600 binary)
Coefficient statistics:
  Matrix range     [1e+00, 1e+00]
  Objective range  [0e+00, 0e+00]
  Bounds range     [1e+00, 1e+00]
  RHS range        [0e+00, 0e+00]

MIP start from previous solve did not produce a new incumbent solution

Presolve removed 39 rows and 305 columns
Presolve time: 0.01s
Presolved: 683 rows, 1295 columns, 4664 nonzeros
Variable types: 0 continuous, 1295 integer (1290 binary)

Root relaxation: objective 0.000000e+00, 1959 iterations, 0.11 seconds (0.12 work units)

    Nodes    |    Current Node    |     Objective Bounds      |     Work
 Expl Unexpl |  Obj  Depth IntInf | Incumbent    BestBd   Gap | It/Node Time

     0     0    0.00000    0  495          -    0.00000      -     -    0s
     0     0    0.00000    0  623          -    0.00000      -     -    0s
     0     0    0.00000    0  613          -    0.00000      -     -    0s
     0     0    0.00000    0  555          -    0.00000      -     -    0s
     0     0    0.00000    0  556          -    0.00000      -     -    0s
H    0     0                       0.0000000    0.00000  0.00%     -    1s
     0     0    0.00000    0  489    0.00000    0.00000  0.00%     -    1s

Cutting planes:
  Cover: 3
  Clique: 3
  Zero half: 130
  RLT: 2

Explored 1 nodes (11010 simplex iterations) in 1.43 seconds (1.34 work units)
Thread count was 8 (of 8 available processors)

Solution count 1: 0 

Optimal solution found (tolerance 1.00e-04)
Best objective 0.000000000000e+00, best bound 0.000000000000e+00, gap 0.0000%

User-callback calls 843, time in user-callback 0.00 sec
Gurobi Optimizer version 11.0.0 build v11.0.0rc2 (linux64 - "Debian GNU/Linux 11 (bullseye)")

CPU model: Intel(R) Core(TM) i7-4770 CPU @ 3.40GHz, instruction set [SSE2|AVX|AVX2]
Thread count: 4 physical cores, 8 logical processors, using up to 8 threads

Academic license 2483116 - for non-commercial use only - registered to ni___@fu-berlin.de
Optimize a model with 722 rows, 1600 columns and 5776 nonzeros
Model fingerprint: 0x279799b8
Variable types: 0 continuous, 1600 integer (1600 binary)
Coefficient statistics:
  Matrix range     [1e+00, 1e+00]
  Objective range  [0e+00, 0e+00]
  Bounds range     [1e+00, 1e+00]
  RHS range        [0e+00, 0e+00]

MIP start from previous solve did not produce a new incumbent solution

Presolve removed 3 rows and 225 columns
Presolve time: 0.01s
Presolved: 719 rows, 1375 columns, 4989 nonzeros
Variable types: 0 continuous, 1375 integer (1372 binary)

Root relaxation: objective 0.000000e+00, 2297 iterations, 0.15 seconds (0.15 work units)

    Nodes    |    Current Node    |     Objective Bounds      |     Work
 Expl Unexpl |  Obj  Depth IntInf | Incumbent    BestBd   Gap | It/Node Time

     0     0    0.00000    0  541          -    0.00000      -     -    0s
     0     0    0.00000    0  653          -    0.00000      -     -    0s
     0     0    0.00000    0  641          -    0.00000      -     -    0s
     0     0    0.00000    0  491          -    0.00000      -     -    1s
     0     0    0.00000    0  553          -    0.00000      -     -    1s
     0     0    0.00000    0  390          -    0.00000      -     -    1s
     0     0    0.00000    0  556          -    0.00000      -     -    1s
     0     0    0.00000    0  391          -    0.00000      -     -    2s
     0     0    0.00000    0  595          -    0.00000      -     -    2s
     0     0    0.00000    0  536          -    0.00000      -     -    2s
     0     0    0.00000    0  526          -    0.00000      -     -    2s
     0     0    0.00000    0  526          -    0.00000      -     -    3s
     0     0    0.00000    0  446          -    0.00000      -     -    3s
     0     2    0.00000    0  446          -    0.00000      -     -    4s
  1006   380    0.00000    9  651          -    0.00000      -  31.8    5s
H 5398   500                       0.0000000    0.00000  0.00%  17.1   10s

Cutting planes:
  Gomory: 4
  Flow cover: 1
  Zero half: 91
  RLT: 5

Explored 5398 nodes (138066 simplex iterations) in 10.40 seconds (12.08 work units)
Thread count was 8 (of 8 available processors)

Solution count 1: 0 

Optimal solution found (tolerance 1.00e-04)
Best objective 0.000000000000e+00, best bound 0.000000000000e+00, gap 0.0000%

User-callback calls 12215, time in user-callback 0.00 sec
Gurobi Optimizer version 11.0.0 build v11.0.0rc2 (linux64 - "Debian GNU/Linux 11 (bullseye)")

CPU model: Intel(R) Core(TM) i7-4770 CPU @ 3.40GHz, instruction set [SSE2|AVX|AVX2]
Thread count: 4 physical cores, 8 logical processors, using up to 8 threads

Academic license 2483116 - for non-commercial use only - registered to ni___@fu-berlin.de
Optimize a model with 722 rows, 1600 columns and 5776 nonzeros
Model fingerprint: 0x6ea23d94
Variable types: 0 continuous, 1600 integer (1600 binary)
Coefficient statistics:
  Matrix range     [1e+00, 1e+00]
  Objective range  [0e+00, 0e+00]
  Bounds range     [1e+00, 1e+00]
  RHS range        [0e+00, 0e+00]

MIP start from previous solve did not produce a new incumbent solution

Presolve removed 2 rows and 225 columns
Presolve time: 0.01s
Presolved: 720 rows, 1375 columns, 5016 nonzeros
Variable types: 0 continuous, 1375 integer (1373 binary)

Root relaxation: objective 0.000000e+00, 2096 iterations, 0.11 seconds (0.13 work units)

    Nodes    |    Current Node    |     Objective Bounds      |     Work
 Expl Unexpl |  Obj  Depth IntInf | Incumbent    BestBd   Gap | It/Node Time

     0     0    0.00000    0  527          -    0.00000      -     -    0s
     0     0    0.00000    0  627          -    0.00000      -     -    0s
     0     0    0.00000    0  335          -    0.00000      -     -    1s
     0     0    0.00000    0  379          -    0.00000      -     -    1s
     0     0    0.00000    0  524          -    0.00000      -     -    1s
     0     0    0.00000    0  349          -    0.00000      -     -    2s
     0     0    0.00000    0  386          -    0.00000      -     -    2s
     0     0    0.00000    0  237          -    0.00000      -     -    2s
     0     0    0.00000    0  247          -    0.00000      -     -    2s
     0     0    0.00000    0  330          -    0.00000      -     -    2s
     0     0    0.00000    0  396          -    0.00000      -     -    2s
     0     0    0.00000    0  409          -    0.00000      -     -    3s
     0     0    0.00000    0  409          -    0.00000      -     -    3s
     0     2    0.00000    0  241          -    0.00000      -     -    4s
    69    99    0.00000    9  661          -    0.00000      -   147    5s
*  832   446             106       0.0000000    0.00000  0.00%  50.5    6s

Cutting planes:
  Cover: 2
  Clique: 2
  MIR: 1
  Zero half: 27
  RLT: 5

Explored 1101 nodes (77470 simplex iterations) in 6.14 seconds (7.70 work units)
Thread count was 8 (of 8 available processors)

Solution count 1: 0 

Optimal solution found (tolerance 1.00e-04)
Best objective 0.000000000000e+00, best bound 0.000000000000e+00, gap 0.0000%

User-callback calls 3489, time in user-callback 0.00 sec
Gurobi Optimizer version 11.0.0 build v11.0.0rc2 (linux64 - "Debian GNU/Linux 11 (bullseye)")

CPU model: Intel(R) Core(TM) i7-4770 CPU @ 3.40GHz, instruction set [SSE2|AVX|AVX2]
Thread count: 4 physical cores, 8 logical processors, using up to 8 threads

Academic license 2483116 - for non-commercial use only - registered to ni___@fu-berlin.de
Optimize a model with 722 rows, 1600 columns and 5776 nonzeros
Model fingerprint: 0x9b71aad7
Variable types: 0 continuous, 1600 integer (1600 binary)
Coefficient statistics:
  Matrix range     [1e+00, 1e+00]
  Objective range  [0e+00, 0e+00]
  Bounds range     [1e+00, 1e+00]
  RHS range        [0e+00, 0e+00]

MIP start from previous solve did not produce a new incumbent solution

Presolve removed 3 rows and 229 columns
Presolve time: 0.01s
Presolved: 719 rows, 1371 columns, 4989 nonzeros
Variable types: 0 continuous, 1371 integer (1366 binary)

Root relaxation: objective 0.000000e+00, 2332 iterations, 0.14 seconds (0.16 work units)

    Nodes    |    Current Node    |     Objective Bounds      |     Work
 Expl Unexpl |  Obj  Depth IntInf | Incumbent    BestBd   Gap | It/Node Time

     0     0    0.00000    0  543          -    0.00000      -     -    0s
     0     0    0.00000    0  637          -    0.00000      -     -    0s
     0     0    0.00000    0  629          -    0.00000      -     -    0s
     0     0    0.00000    0  489          -    0.00000      -     -    1s
     0     0    0.00000    0  490          -    0.00000      -     -    1s
     0     0    0.00000    0  544          -    0.00000      -     -    1s
     0     0    0.00000    0  603          -    0.00000      -     -    1s
     0     0    0.00000    0  513          -    0.00000      -     -    2s
     0     0    0.00000    0  544          -    0.00000      -     -    2s
     0     0    0.00000    0  429          -    0.00000      -     -    2s
     0     0    0.00000    0  452          -    0.00000      -     -    2s
     0     0    0.00000    0  486          -    0.00000      -     -    3s
     0     0    0.00000    0  501          -    0.00000      -     -    3s
     0     0    0.00000    0  485          -    0.00000      -     -    3s
     0     0    0.00000    0  413          -    0.00000      -     -    4s
     0     2    0.00000    0  345          -    0.00000      -     -    4s
    23    30    0.00000    4  596          -    0.00000      -   182    5s
  3991   535    0.00000   15  507          -    0.00000      -  52.4   11s
H 3992   509                       0.0000000    0.00000  0.00%  52.4   11s

Cutting planes:
  Gomory: 4
  Clique: 1
  Flow cover: 2
  Zero half: 75

Explored 3992 nodes (253391 simplex iterations) in 11.92 seconds (15.47 work units)
Thread count was 8 (of 8 available processors)

Solution count 1: 0 

Optimal solution found (tolerance 1.00e-04)
Best objective 0.000000000000e+00, best bound 0.000000000000e+00, gap 0.0000%

User-callback calls 9460, time in user-callback 0.00 sec
Gurobi Optimizer version 11.0.0 build v11.0.0rc2 (linux64 - "Debian GNU/Linux 11 (bullseye)")

CPU model: Intel(R) Core(TM) i7-4770 CPU @ 3.40GHz, instruction set [SSE2|AVX|AVX2]
Thread count: 4 physical cores, 8 logical processors, using up to 8 threads

Academic license 2483116 - for non-commercial use only - registered to ni___@fu-berlin.de
Optimize a model with 722 rows, 1600 columns and 5776 nonzeros
Model fingerprint: 0x09379548
Variable types: 0 continuous, 1600 integer (1600 binary)
Coefficient statistics:
  Matrix range     [1e+00, 1e+00]
  Objective range  [0e+00, 0e+00]
  Bounds range     [1e+00, 1e+00]
  RHS range        [0e+00, 0e+00]

MIP start from previous solve did not produce a new incumbent solution

Presolve removed 6 rows and 245 columns
Presolve time: 0.01s
Presolved: 716 rows, 1355 columns, 4948 nonzeros
Variable types: 0 continuous, 1355 integer (1351 binary)

Root relaxation: objective 0.000000e+00, 2293 iterations, 0.14 seconds (0.16 work units)

    Nodes    |    Current Node    |     Objective Bounds      |     Work
 Expl Unexpl |  Obj  Depth IntInf | Incumbent    BestBd   Gap | It/Node Time

     0     0    0.00000    0  533          -    0.00000      -     -    0s
     0     0    0.00000    0  641          -    0.00000      -     -    0s
     0     0    0.00000    0  638          -    0.00000      -     -    0s
     0     0    0.00000    0  431          -    0.00000      -     -    1s
     0     0    0.00000    0  471          -    0.00000      -     -    1s
     0     0    0.00000    0  399          -    0.00000      -     -    1s
H    0     0                       0.0000000    0.00000  0.00%     -    2s
     0     0    0.00000    0  315    0.00000    0.00000  0.00%     -    2s

Cutting planes:
  Zero half: 78
  RLT: 6

Explored 1 nodes (19346 simplex iterations) in 2.45 seconds (2.45 work units)
Thread count was 8 (of 8 available processors)

Solution count 1: 0 

Optimal solution found (tolerance 1.00e-04)
Best objective 0.000000000000e+00, best bound 0.000000000000e+00, gap 0.0000%

User-callback calls 623, time in user-callback 0.00 sec
Gurobi Optimizer version 11.0.0 build v11.0.0rc2 (linux64 - "Debian GNU/Linux 11 (bullseye)")

CPU model: Intel(R) Core(TM) i7-4770 CPU @ 3.40GHz, instruction set [SSE2|AVX|AVX2]
Thread count: 4 physical cores, 8 logical processors, using up to 8 threads

Academic license 2483116 - for non-commercial use only - registered to ni___@fu-berlin.de
Optimize a model with 722 rows, 1600 columns and 5776 nonzeros
Model fingerprint: 0x66786f06
Variable types: 0 continuous, 1600 integer (1600 binary)
Coefficient statistics:
  Matrix range     [1e+00, 1e+00]
  Objective range  [0e+00, 0e+00]
  Bounds range     [1e+00, 1e+00]
  RHS range        [0e+00, 0e+00]

MIP start from previous solve did not produce a new incumbent solution

Presolve removed 1 rows and 225 columns
Presolve time: 0.01s
Presolved: 721 rows, 1375 columns, 4998 nonzeros
Variable types: 0 continuous, 1375 integer (1370 binary)

Root relaxation: objective 0.000000e+00, 2194 iterations, 0.13 seconds (0.15 work units)

    Nodes    |    Current Node    |     Objective Bounds      |     Work
 Expl Unexpl |  Obj  Depth IntInf | Incumbent    BestBd   Gap | It/Node Time

     0     0    0.00000    0  514          -    0.00000      -     -    0s
     0     0    0.00000    0  648          -    0.00000      -     -    0s
     0     0    0.00000    0  648          -    0.00000      -     -    0s
     0     0    0.00000    0  429          -    0.00000      -     -    1s
     0     0    0.00000    0  565          -    0.00000      -     -    1s
     0     0    0.00000    0  528          -    0.00000      -     -    1s
     0     0    0.00000    0  615          -    0.00000      -     -    1s
     0     0    0.00000    0  506          -    0.00000      -     -    2s
     0     0    0.00000    0  576          -    0.00000      -     -    2s
     0     0    0.00000    0  508          -    0.00000      -     -    2s
     0     0    0.00000    0  581          -    0.00000      -     -    2s
     0     0    0.00000    0  541          -    0.00000      -     -    3s
     0     0    0.00000    0  512          -    0.00000      -     -    3s
     0     2    0.00000    0  495          -    0.00000      -     -    4s
   703   472    0.00000   53  395          -    0.00000      -  46.0    5s
  3803   622    0.00000   70  591          -    0.00000      -  56.7   10s
H 3804   590                       0.0000000    0.00000  0.00%  56.7   11s

Cutting planes:
  Gomory: 4
  Cover: 1
  Zero half: 108
  RLT: 2

Explored 3804 nodes (258584 simplex iterations) in 11.10 seconds (14.39 work units)
Thread count was 8 (of 8 available processors)

Solution count 1: 0 

Optimal solution found (tolerance 1.00e-04)
Best objective 0.000000000000e+00, best bound 0.000000000000e+00, gap 0.0000%

User-callback calls 8998, time in user-callback 0.00 sec
Gurobi Optimizer version 11.0.0 build v11.0.0rc2 (linux64 - "Debian GNU/Linux 11 (bullseye)")

CPU model: Intel(R) Core(TM) i7-4770 CPU @ 3.40GHz, instruction set [SSE2|AVX|AVX2]
Thread count: 4 physical cores, 8 logical processors, using up to 8 threads

Academic license 2483116 - for non-commercial use only - registered to ni___@fu-berlin.de
Optimize a model with 722 rows, 1600 columns and 5776 nonzeros
Model fingerprint: 0x04efe94b
Variable types: 0 continuous, 1600 integer (1600 binary)
Coefficient statistics:
  Matrix range     [1e+00, 1e+00]
  Objective range  [0e+00, 0e+00]
  Bounds range     [1e+00, 1e+00]
  RHS range        [0e+00, 0e+00]

MIP start from previous solve did not produce a new incumbent solution

Presolve removed 14 rows and 276 columns
Presolve time: 0.00s

Explored 0 nodes (0 simplex iterations) in 0.05 seconds (0.00 work units)
Thread count was 1 (of 8 available processors)

Solution count 0

Model is infeasible
Best objective -, best bound -, gap -

User-callback calls 169, time in user-callback 0.00 sec
Gurobi Optimizer version 11.0.0 build v11.0.0rc2 (linux64 - "Debian GNU/Linux 11 (bullseye)")

CPU model: Intel(R) Core(TM) i7-4770 CPU @ 3.40GHz, instruction set [SSE2|AVX|AVX2]
Thread count: 4 physical cores, 8 logical processors, using up to 8 threads

Academic license 2483116 - for non-commercial use only - registered to ni___@fu-berlin.de
Optimize a model with 722 rows, 1600 columns and 5776 nonzeros
Model fingerprint: 0x1bce2b4f
Variable types: 0 continuous, 1600 integer (1600 binary)
Coefficient statistics:
  Matrix range     [1e+00, 1e+00]
  Objective range  [0e+00, 0e+00]
  Bounds range     [1e+00, 1e+00]
  RHS range        [0e+00, 0e+00]

MIP start from previous solve did not produce a new incumbent solution

Presolve removed 0 rows and 216 columns
Presolve time: 0.00s

Explored 0 nodes (0 simplex iterations) in 0.05 seconds (0.00 work units)
Thread count was 1 (of 8 available processors)

Solution count 0

Model is infeasible
Best objective -, best bound -, gap -

User-callback calls 37, time in user-callback 0.00 sec
Gurobi Optimizer version 11.0.0 build v11.0.0rc2 (linux64 - "Debian GNU/Linux 11 (bullseye)")

CPU model: Intel(R) Core(TM) i7-4770 CPU @ 3.40GHz, instruction set [SSE2|AVX|AVX2]
Thread count: 4 physical cores, 8 logical processors, using up to 8 threads

Academic license 2483116 - for non-commercial use only - registered to ni___@fu-berlin.de
Optimize a model with 722 rows, 1600 columns and 5776 nonzeros
Model fingerprint: 0x6abe56cd
Variable types: 0 continuous, 1600 integer (1600 binary)
Coefficient statistics:
  Matrix range     [1e+00, 1e+00]
  Objective range  [0e+00, 0e+00]
  Bounds range     [1e+00, 1e+00]
  RHS range        [0e+00, 0e+00]

MIP start from previous solve did not produce a new incumbent solution

Presolve removed 2 rows and 227 columns
Presolve time: 0.01s
Presolved: 720 rows, 1373 columns, 4990 nonzeros
Variable types: 0 continuous, 1373 integer (1368 binary)

Root relaxation: objective 0.000000e+00, 2538 iterations, 0.17 seconds (0.18 work units)

    Nodes    |    Current Node    |     Objective Bounds      |     Work
 Expl Unexpl |  Obj  Depth IntInf | Incumbent    BestBd   Gap | It/Node Time

     0     0    0.00000    0  463          -    0.00000      -     -    0s
     0     0    0.00000    0  597          -    0.00000      -     -    0s
     0     0    0.00000    0  643          -    0.00000      -     -    0s
     0     0    0.00000    0  543          -    0.00000      -     -    1s
     0     0    0.00000    0  607          -    0.00000      -     -    1s
H    0     0                       0.0000000    0.00000  0.00%     -    1s
     0     0    0.00000    0  479    0.00000    0.00000  0.00%     -    1s

Cutting planes:
  Clique: 4
  Zero half: 101
  RLT: 4

Explored 1 nodes (13165 simplex iterations) in 1.70 seconds (1.67 work units)
Thread count was 8 (of 8 available processors)

Solution count 1: 0 

Optimal solution found (tolerance 1.00e-04)
Best objective 0.000000000000e+00, best bound 0.000000000000e+00, gap 0.0000%

User-callback calls 559, time in user-callback 0.00 sec
Gurobi Optimizer version 11.0.0 build v11.0.0rc2 (linux64 - "Debian GNU/Linux 11 (bullseye)")

CPU model: Intel(R) Core(TM) i7-4770 CPU @ 3.40GHz, instruction set [SSE2|AVX|AVX2]
Thread count: 4 physical cores, 8 logical processors, using up to 8 threads

Academic license 2483116 - for non-commercial use only - registered to ni___@fu-berlin.de
Optimize a model with 722 rows, 1600 columns and 5776 nonzeros
Model fingerprint: 0xe67d266b
Variable types: 0 continuous, 1600 integer (1600 binary)
Coefficient statistics:
  Matrix range     [1e+00, 1e+00]
  Objective range  [0e+00, 0e+00]
  Bounds range     [1e+00, 1e+00]
  RHS range        [0e+00, 0e+00]

MIP start from previous solve did not produce a new incumbent solution

Presolve removed 70 rows and 383 columns
Presolve time: 0.02s
Presolved: 652 rows, 1217 columns, 4404 nonzeros
Variable types: 0 continuous, 1217 integer (1215 binary)

Root relaxation: objective 0.000000e+00, 2012 iterations, 0.11 seconds (0.11 work units)

    Nodes    |    Current Node    |     Objective Bounds      |     Work
 Expl Unexpl |  Obj  Depth IntInf | Incumbent    BestBd   Gap | It/Node Time

     0     0    0.00000    0  443          -    0.00000      -     -    0s
     0     0    0.00000    0  613          -    0.00000      -     -    0s
     0     0    0.00000    0  601          -    0.00000      -     -    0s
     0     0    0.00000    0  557          -    0.00000      -     -    0s
     0     0    0.00000    0  584          -    0.00000      -     -    0s
     0     0    0.00000    0  467          -    0.00000      -     -    1s
     0     0    0.00000    0  489          -    0.00000      -     -    1s
     0     0    0.00000    0  466          -    0.00000      -     -    1s
     0     0    0.00000    0  449          -    0.00000      -     -    1s
     0     0    0.00000    0  410          -    0.00000      -     -    1s
     0     0    0.00000    0  410          -    0.00000      -     -    2s
     0     2    0.00000    0  410          -    0.00000      -     -    2s
  2773   343    0.00000   23  526          -    0.00000      -  30.2    5s
H 3244   331                       0.0000000    0.00000  0.00%  30.0    8s

Cutting planes:
  Gomory: 5
  Cover: 3
  Clique: 4
  Flow cover: 5
  Zero half: 81
  RLT: 9

Explored 3244 nodes (131106 simplex iterations) in 8.10 seconds (10.13 work units)
Thread count was 8 (of 8 available processors)

Solution count 1: 0 

Optimal solution found (tolerance 1.00e-04)
Best objective 0.000000000000e+00, best bound 0.000000000000e+00, gap 0.0000%

User-callback calls 8481, time in user-callback 0.00 sec
Gurobi Optimizer version 11.0.0 build v11.0.0rc2 (linux64 - "Debian GNU/Linux 11 (bullseye)")

CPU model: Intel(R) Core(TM) i7-4770 CPU @ 3.40GHz, instruction set [SSE2|AVX|AVX2]
Thread count: 4 physical cores, 8 logical processors, using up to 8 threads

Academic license 2483116 - for non-commercial use only - registered to ni___@fu-berlin.de
Optimize a model with 722 rows, 1600 columns and 5776 nonzeros
Model fingerprint: 0x392aaf79
Variable types: 0 continuous, 1600 integer (1600 binary)
Coefficient statistics:
  Matrix range     [1e+00, 1e+00]
  Objective range  [0e+00, 0e+00]
  Bounds range     [1e+00, 1e+00]
  RHS range        [0e+00, 0e+00]

MIP start from previous solve did not produce a new incumbent solution

Presolve removed 1 rows and 230 columns
Presolve time: 0.01s
Presolved: 721 rows, 1370 columns, 5009 nonzeros
Variable types: 0 continuous, 1370 integer (1366 binary)

Root relaxation: objective 0.000000e+00, 2411 iterations, 0.14 seconds (0.17 work units)

    Nodes    |    Current Node    |     Objective Bounds      |     Work
 Expl Unexpl |  Obj  Depth IntInf | Incumbent    BestBd   Gap | It/Node Time

     0     0    0.00000    0  572          -    0.00000      -     -    0s
     0     0    0.00000    0  642          -    0.00000      -     -    0s
     0     0    0.00000    0  632          -    0.00000      -     -    0s
     0     0    0.00000    0  477          -    0.00000      -     -    1s
     0     0    0.00000    0  494          -    0.00000      -     -    1s
     0     0    0.00000    0  472          -    0.00000      -     -    1s
     0     0    0.00000    0  562          -    0.00000      -     -    1s
     0     0    0.00000    0  540          -    0.00000      -     -    2s
     0     0    0.00000    0  575          -    0.00000      -     -    2s
     0     0    0.00000    0  525          -    0.00000      -     -    2s
     0     0    0.00000    0  590          -    0.00000      -     -    2s
H    0     0                       0.0000000    0.00000  0.00%     -    2s

Cutting planes:
  Clique: 1
  MIR: 2
  Zero half: 78
  RLT: 3

Explored 1 nodes (18650 simplex iterations) in 2.67 seconds (2.61 work units)
Thread count was 8 (of 8 available processors)

Solution count 1: 0 

Optimal solution found (tolerance 1.00e-04)
Best objective 0.000000000000e+00, best bound 0.000000000000e+00, gap 0.0000%

User-callback calls 505, time in user-callback 0.00 sec
Gurobi Optimizer version 11.0.0 build v11.0.0rc2 (linux64 - "Debian GNU/Linux 11 (bullseye)")

CPU model: Intel(R) Core(TM) i7-4770 CPU @ 3.40GHz, instruction set [SSE2|AVX|AVX2]
Thread count: 4 physical cores, 8 logical processors, using up to 8 threads

Academic license 2483116 - for non-commercial use only - registered to ni___@fu-berlin.de
Optimize a model with 722 rows, 1600 columns and 5776 nonzeros
Model fingerprint: 0x05dd31d4
Variable types: 0 continuous, 1600 integer (1600 binary)
Coefficient statistics:
  Matrix range     [1e+00, 1e+00]
  Objective range  [0e+00, 0e+00]
  Bounds range     [1e+00, 1e+00]
  RHS range        [0e+00, 0e+00]

MIP start from previous solve did not produce a new incumbent solution

Presolve removed 6 rows and 244 columns
Presolve time: 0.01s
Presolved: 716 rows, 1356 columns, 4923 nonzeros
Variable types: 0 continuous, 1356 integer (1353 binary)

Root relaxation: objective 0.000000e+00, 2056 iterations, 0.12 seconds (0.12 work units)

    Nodes    |    Current Node    |     Objective Bounds      |     Work
 Expl Unexpl |  Obj  Depth IntInf | Incumbent    BestBd   Gap | It/Node Time

     0     0    0.00000    0  479          -    0.00000      -     -    0s
     0     0    0.00000    0  650          -    0.00000      -     -    0s
     0     0    0.00000    0  647          -    0.00000      -     -    0s
     0     0    0.00000    0  382          -    0.00000      -     -    1s
     0     0    0.00000    0  459          -    0.00000      -     -    1s
     0     0    0.00000    0  505          -    0.00000      -     -    1s
     0     0    0.00000    0  574          -    0.00000      -     -    1s
     0     0    0.00000    0  403          -    0.00000      -     -    2s
     0     0    0.00000    0  541          -    0.00000      -     -    2s
     0     0    0.00000    0  389          -    0.00000      -     -    2s
     0     0    0.00000    0  440          -    0.00000      -     -    2s
     0     0    0.00000    0  364          -    0.00000      -     -    2s
     0     0    0.00000    0  364          -    0.00000      -     -    2s
     0     2    0.00000    0  364          -    0.00000      -     -    3s
   477   415 infeasible   62               -    0.00000      -  62.5    5s
  3094   545    0.00000   27  650          -    0.00000      -  57.2   10s
H 3094   517                       0.0000000    0.00000  0.00%  57.2   10s

Cutting planes:
  Gomory: 4
  Clique: 4
  Zero half: 73

Explored 3094 nodes (218396 simplex iterations) in 10.44 seconds (13.64 work units)
Thread count was 8 (of 8 available processors)

Solution count 1: 0 

Optimal solution found (tolerance 1.00e-04)
Best objective 0.000000000000e+00, best bound 0.000000000000e+00, gap 0.0000%

User-callback calls 7569, time in user-callback 0.00 sec
Gurobi Optimizer version 11.0.0 build v11.0.0rc2 (linux64 - "Debian GNU/Linux 11 (bullseye)")

CPU model: Intel(R) Core(TM) i7-4770 CPU @ 3.40GHz, instruction set [SSE2|AVX|AVX2]
Thread count: 4 physical cores, 8 logical processors, using up to 8 threads

Academic license 2483116 - for non-commercial use only - registered to ni___@fu-berlin.de
Optimize a model with 722 rows, 1600 columns and 5776 nonzeros
Model fingerprint: 0x66124520
Variable types: 0 continuous, 1600 integer (1600 binary)
Coefficient statistics:
  Matrix range     [1e+00, 1e+00]
  Objective range  [0e+00, 0e+00]
  Bounds range     [1e+00, 1e+00]
  RHS range        [0e+00, 0e+00]

MIP start from previous solve did not produce a new incumbent solution

Presolve removed 2 rows and 222 columns
Presolve time: 0.01s
Presolved: 720 rows, 1378 columns, 5001 nonzeros
Variable types: 0 continuous, 1378 integer (1375 binary)

Root relaxation: objective 0.000000e+00, 2387 iterations, 0.15 seconds (0.16 work units)

    Nodes    |    Current Node    |     Objective Bounds      |     Work
 Expl Unexpl |  Obj  Depth IntInf | Incumbent    BestBd   Gap | It/Node Time

     0     0    0.00000    0  579          -    0.00000      -     -    0s
     0     0    0.00000    0  675          -    0.00000      -     -    0s
     0     0    0.00000    0  438          -    0.00000      -     -    1s
     0     0    0.00000    0  456          -    0.00000      -     -    1s
     0     0    0.00000    0  486          -    0.00000      -     -    1s
     0     0    0.00000    0  374          -    0.00000      -     -    2s
     0     0    0.00000    0  395          -    0.00000      -     -    2s
     0     0    0.00000    0  395          -    0.00000      -     -    2s
     0     0    0.00000    0  480          -    0.00000      -     -    2s
     0     0    0.00000    0  422          -    0.00000      -     -    2s
     0     0    0.00000    0  413          -    0.00000      -     -    2s
     0     0    0.00000    0  354          -    0.00000      -     -    3s
     0     0    0.00000    0  354          -    0.00000      -     -    3s
     0     2    0.00000    0  346          -    0.00000      -     -    4s
   136   256    0.00000   20  618          -    0.00000      -  77.7    5s
* 1065   401             108       0.0000000    0.00000  0.00%  39.2    5s

Cutting planes:
  Cover: 22
  Clique: 2
  MIR: 1
  Inf proof: 2
  Zero half: 32
  RLT: 2

Explored 1468 nodes (76122 simplex iterations) in 5.86 seconds (7.54 work units)
Thread count was 8 (of 8 available processors)

Solution count 1: 0 

Optimal solution found (tolerance 1.00e-04)
Best objective 0.000000000000e+00, best bound 0.000000000000e+00, gap 0.0000%

User-callback calls 3969, time in user-callback 0.00 sec
Gurobi Optimizer version 11.0.0 build v11.0.0rc2 (linux64 - "Debian GNU/Linux 11 (bullseye)")

CPU model: Intel(R) Core(TM) i7-4770 CPU @ 3.40GHz, instruction set [SSE2|AVX|AVX2]
Thread count: 4 physical cores, 8 logical processors, using up to 8 threads

Academic license 2483116 - for non-commercial use only - registered to ni___@fu-berlin.de
Optimize a model with 722 rows, 1600 columns and 5776 nonzeros
Model fingerprint: 0x8fd10f72
Variable types: 0 continuous, 1600 integer (1600 binary)
Coefficient statistics:
  Matrix range     [1e+00, 1e+00]
  Objective range  [0e+00, 0e+00]
  Bounds range     [1e+00, 1e+00]
  RHS range        [0e+00, 0e+00]

MIP start from previous solve did not produce a new incumbent solution

Presolve removed 0 rows and 217 columns
Presolve time: 0.00s

Explored 0 nodes (0 simplex iterations) in 0.06 seconds (0.00 work units)
Thread count was 1 (of 8 available processors)

Solution count 0

Model is infeasible
Best objective -, best bound -, gap -

User-callback calls 37, time in user-callback 0.00 sec
Gurobi Optimizer version 11.0.0 build v11.0.0rc2 (linux64 - "Debian GNU/Linux 11 (bullseye)")

CPU model: Intel(R) Core(TM) i7-4770 CPU @ 3.40GHz, instruction set [SSE2|AVX|AVX2]
Thread count: 4 physical cores, 8 logical processors, using up to 8 threads

Academic license 2483116 - for non-commercial use only - registered to ni___@fu-berlin.de
Optimize a model with 722 rows, 1600 columns and 5776 nonzeros
Model fingerprint: 0xd939d056
Variable types: 0 continuous, 1600 integer (1600 binary)
Coefficient statistics:
  Matrix range     [1e+00, 1e+00]
  Objective range  [0e+00, 0e+00]
  Bounds range     [1e+00, 1e+00]
  RHS range        [0e+00, 0e+00]

MIP start from previous solve did not produce a new incumbent solution

Presolve removed 3 rows and 237 columns
Presolve time: 0.01s
Presolved: 719 rows, 1363 columns, 4941 nonzeros
Variable types: 0 continuous, 1363 integer (1358 binary)

Root relaxation: objective 0.000000e+00, 2160 iterations, 0.13 seconds (0.14 work units)

    Nodes    |    Current Node    |     Objective Bounds      |     Work
 Expl Unexpl |  Obj  Depth IntInf | Incumbent    BestBd   Gap | It/Node Time

     0     0    0.00000    0  518          -    0.00000      -     -    0s
     0     0    0.00000    0  634          -    0.00000      -     -    0s
     0     0    0.00000    0  664          -    0.00000      -     -    0s
     0     0    0.00000    0  539          -    0.00000      -     -    1s
     0     0    0.00000    0  602          -    0.00000      -     -    1s
     0     0    0.00000    0  523          -    0.00000      -     -    1s
     0     0    0.00000    0  541          -    0.00000      -     -    1s
     0     0    0.00000    0  543          -    0.00000      -     -    1s
     0     0    0.00000    0  532          -    0.00000      -     -    1s
     0     0    0.00000    0  509          -    0.00000      -     -    2s
     0     0    0.00000    0  509          -    0.00000      -     -    2s
     0     2    0.00000    0  509          -    0.00000      -     -    3s
* 1974   316              78       0.0000000    0.00000  0.00%  40.9    4s

Cutting planes:
  Cover: 53
  Clique: 2
  MIR: 2
  Inf proof: 2
  Zero half: 15
  RLT: 11

Explored 2073 nodes (102168 simplex iterations) in 4.96 seconds (6.59 work units)
Thread count was 8 (of 8 available processors)

Solution count 1: 0 

Optimal solution found (tolerance 1.00e-04)
Best objective 0.000000000000e+00, best bound 0.000000000000e+00, gap 0.0000%

User-callback calls 5197, time in user-callback 0.00 sec
Gurobi Optimizer version 11.0.0 build v11.0.0rc2 (linux64 - "Debian GNU/Linux 11 (bullseye)")

CPU model: Intel(R) Core(TM) i7-4770 CPU @ 3.40GHz, instruction set [SSE2|AVX|AVX2]
Thread count: 4 physical cores, 8 logical processors, using up to 8 threads

Academic license 2483116 - for non-commercial use only - registered to ni___@fu-berlin.de
Optimize a model with 722 rows, 1600 columns and 5776 nonzeros
Model fingerprint: 0x027697c2
Variable types: 0 continuous, 1600 integer (1600 binary)
Coefficient statistics:
  Matrix range     [1e+00, 1e+00]
  Objective range  [0e+00, 0e+00]
  Bounds range     [1e+00, 1e+00]
  RHS range        [0e+00, 0e+00]

MIP start from previous solve did not produce a new incumbent solution

Presolve removed 0 rows and 218 columns
Presolve time: 0.00s

Explored 0 nodes (0 simplex iterations) in 0.06 seconds (0.00 work units)
Thread count was 1 (of 8 available processors)

Solution count 0

Model is infeasible
Best objective -, best bound -, gap -

User-callback calls 37, time in user-callback 0.00 sec
Gurobi Optimizer version 11.0.0 build v11.0.0rc2 (linux64 - "Debian GNU/Linux 11 (bullseye)")

CPU model: Intel(R) Core(TM) i7-4770 CPU @ 3.40GHz, instruction set [SSE2|AVX|AVX2]
Thread count: 4 physical cores, 8 logical processors, using up to 8 threads

Academic license 2483116 - for non-commercial use only - registered to ni___@fu-berlin.de
Optimize a model with 722 rows, 1600 columns and 5776 nonzeros
Model fingerprint: 0xf88a4e0f
Variable types: 0 continuous, 1600 integer (1600 binary)
Coefficient statistics:
  Matrix range     [1e+00, 1e+00]
  Objective range  [0e+00, 0e+00]
  Bounds range     [1e+00, 1e+00]
  RHS range        [0e+00, 0e+00]

MIP start from previous solve did not produce a new incumbent solution

Presolve removed 24 rows and 289 columns
Presolve time: 0.02s
Presolved: 698 rows, 1311 columns, 4789 nonzeros
Variable types: 0 continuous, 1311 integer (1308 binary)

Root relaxation: objective 0.000000e+00, 2224 iterations, 0.15 seconds (0.15 work units)

    Nodes    |    Current Node    |     Objective Bounds      |     Work
 Expl Unexpl |  Obj  Depth IntInf | Incumbent    BestBd   Gap | It/Node Time

     0     0    0.00000    0  543          -    0.00000      -     -    0s
     0     0    0.00000    0  613          -    0.00000      -     -    0s
     0     0    0.00000    0  602          -    0.00000      -     -    0s
     0     0    0.00000    0  543          -    0.00000      -     -    1s
     0     0    0.00000    0  549          -    0.00000      -     -    1s
     0     0    0.00000    0  456          -    0.00000      -     -    1s
     0     0    0.00000    0  521          -    0.00000      -     -    1s
     0     0    0.00000    0  415          -    0.00000      -     -    2s
     0     0    0.00000    0  432          -    0.00000      -     -    2s
     0     0    0.00000    0  416          -    0.00000      -     -    2s
     0     0    0.00000    0  533          -    0.00000      -     -    2s
H    0     0                       0.0000000    0.00000  0.00%     -    2s
     0     0    0.00000    0  484    0.00000    0.00000  0.00%     -    2s

Cutting planes:
  Clique: 2
  Zero half: 78
  RLT: 7

Explored 1 nodes (22976 simplex iterations) in 2.96 seconds (3.01 work units)
Thread count was 8 (of 8 available processors)

Solution count 1: 0 

Optimal solution found (tolerance 1.00e-04)
Best objective 0.000000000000e+00, best bound 0.000000000000e+00, gap 0.0000%

User-callback calls 885, time in user-callback 0.00 sec
Gurobi Optimizer version 11.0.0 build v11.0.0rc2 (linux64 - "Debian GNU/Linux 11 (bullseye)")

CPU model: Intel(R) Core(TM) i7-4770 CPU @ 3.40GHz, instruction set [SSE2|AVX|AVX2]
Thread count: 4 physical cores, 8 logical processors, using up to 8 threads

Academic license 2483116 - for non-commercial use only - registered to ni___@fu-berlin.de
Optimize a model with 722 rows, 1600 columns and 5776 nonzeros
Model fingerprint: 0x56582e03
Variable types: 0 continuous, 1600 integer (1600 binary)
Coefficient statistics:
  Matrix range     [1e+00, 1e+00]
  Objective range  [0e+00, 0e+00]
  Bounds range     [1e+00, 1e+00]
  RHS range        [0e+00, 0e+00]

MIP start from previous solve did not produce a new incumbent solution

Presolve removed 9 rows and 252 columns
Presolve time: 0.01s
Presolved: 713 rows, 1348 columns, 4894 nonzeros
Variable types: 0 continuous, 1348 integer (1346 binary)

Root relaxation: objective 0.000000e+00, 2148 iterations, 0.15 seconds (0.14 work units)

    Nodes    |    Current Node    |     Objective Bounds      |     Work
 Expl Unexpl |  Obj  Depth IntInf | Incumbent    BestBd   Gap | It/Node Time

     0     0    0.00000    0  512          -    0.00000      -     -    0s
     0     0    0.00000    0  620          -    0.00000      -     -    0s
     0     0    0.00000    0  615          -    0.00000      -     -    0s
     0     0    0.00000    0  503          -    0.00000      -     -    1s
     0     0    0.00000    0  541          -    0.00000      -     -    1s
     0     0    0.00000    0  527          -    0.00000      -     -    1s
     0     0    0.00000    0  557          -    0.00000      -     -    1s
     0     0    0.00000    0  566          -    0.00000      -     -    2s
     0     0    0.00000    0  601          -    0.00000      -     -    2s
     0     0    0.00000    0  524          -    0.00000      -     -    2s
     0     0    0.00000    0  524          -    0.00000      -     -    2s
     0     2    0.00000    0  469          -    0.00000      -     -    3s
  1546   359    0.00000   51  387          -    0.00000      -  36.1    5s
* 3533   262              82       0.0000000    0.00000  0.00%  35.0    6s

Cutting planes:
  Cover: 233
  Clique: 1
  Inf proof: 22
  Zero half: 20
  RLT: 9

Explored 3612 nodes (142484 simplex iterations) in 6.25 seconds (8.69 work units)
Thread count was 8 (of 8 available processors)

Solution count 1: 0 

Optimal solution found (tolerance 1.00e-04)
Best objective 0.000000000000e+00, best bound 0.000000000000e+00, gap 0.0000%

User-callback calls 8515, time in user-callback 0.00 sec
Gurobi Optimizer version 11.0.0 build v11.0.0rc2 (linux64 - "Debian GNU/Linux 11 (bullseye)")

CPU model: Intel(R) Core(TM) i7-4770 CPU @ 3.40GHz, instruction set [SSE2|AVX|AVX2]
Thread count: 4 physical cores, 8 logical processors, using up to 8 threads

Academic license 2483116 - for non-commercial use only - registered to ni___@fu-berlin.de
Optimize a model with 722 rows, 1600 columns and 5776 nonzeros
Model fingerprint: 0x6a0a0db1
Variable types: 0 continuous, 1600 integer (1600 binary)
Coefficient statistics:
  Matrix range     [1e+00, 1e+00]
  Objective range  [0e+00, 0e+00]
  Bounds range     [1e+00, 1e+00]
  RHS range        [0e+00, 0e+00]

MIP start from previous solve did not produce a new incumbent solution

Presolve removed 0 rows and 222 columns
Presolve time: 0.01s
Presolved: 722 rows, 1378 columns, 5002 nonzeros
Variable types: 0 continuous, 1378 integer (1375 binary)

Root relaxation: objective 0.000000e+00, 2214 iterations, 0.13 seconds (0.14 work units)

    Nodes    |    Current Node    |     Objective Bounds      |     Work
 Expl Unexpl |  Obj  Depth IntInf | Incumbent    BestBd   Gap | It/Node Time

     0     0    0.00000    0  480          -    0.00000      -     -    0s
     0     0    0.00000    0  660          -    0.00000      -     -    0s
     0     0    0.00000    0  644          -    0.00000      -     -    0s
     0     0    0.00000    0  556          -    0.00000      -     -    1s
     0     0    0.00000    0  576          -    0.00000      -     -    1s
     0     0    0.00000    0  534          -    0.00000      -     -    1s
     0     0    0.00000    0  535          -    0.00000      -     -    1s
     0     0    0.00000    0  524          -    0.00000      -     -    1s
     0     0    0.00000    0  570          -    0.00000      -     -    2s
     0     0    0.00000    0  503          -    0.00000      -     -    2s
     0     0    0.00000    0  577          -    0.00000      -     -    2s
     0     0    0.00000    0  466          -    0.00000      -     -    2s
     0     0    0.00000    0  466          -    0.00000      -     -    2s
     0     2    0.00000    0  466          -    0.00000      -     -    3s
  1058   618    0.00000   56  460          -    0.00000      -  44.0    5s
  5265   649    0.00000   21  648          -    0.00000      -  55.3   10s
H 5268   618                       0.0000000    0.00000  0.00%  55.3   12s

Cutting planes:
  Gomory: 3
  Cover: 1
  Clique: 4
  MIR: 1
  Zero half: 82
  RLT: 3

Explored 5268 nodes (331091 simplex iterations) in 12.67 seconds (18.17 work units)
Thread count was 8 (of 8 available processors)

Solution count 1: 0 

Optimal solution found (tolerance 1.00e-04)
Best objective 0.000000000000e+00, best bound 0.000000000000e+00, gap 0.0000%

User-callback calls 11849, time in user-callback 0.00 sec
Gurobi Optimizer version 11.0.0 build v11.0.0rc2 (linux64 - "Debian GNU/Linux 11 (bullseye)")

CPU model: Intel(R) Core(TM) i7-4770 CPU @ 3.40GHz, instruction set [SSE2|AVX|AVX2]
Thread count: 4 physical cores, 8 logical processors, using up to 8 threads

Academic license 2483116 - for non-commercial use only - registered to ni___@fu-berlin.de
Optimize a model with 722 rows, 1600 columns and 5776 nonzeros
Model fingerprint: 0xe516d3c3
Variable types: 0 continuous, 1600 integer (1600 binary)
Coefficient statistics:
  Matrix range     [1e+00, 1e+00]
  Objective range  [0e+00, 0e+00]
  Bounds range     [1e+00, 1e+00]
  RHS range        [0e+00, 0e+00]

MIP start from previous solve did not produce a new incumbent solution

Presolve removed 0 rows and 227 columns
Presolve time: 0.01s
Presolved: 722 rows, 1373 columns, 4984 nonzeros
Variable types: 0 continuous, 1373 integer (1368 binary)

Root relaxation: objective 0.000000e+00, 2161 iterations, 0.12 seconds (0.15 work units)

    Nodes    |    Current Node    |     Objective Bounds      |     Work
 Expl Unexpl |  Obj  Depth IntInf | Incumbent    BestBd   Gap | It/Node Time

     0     0    0.00000    0  562          -    0.00000      -     -    0s
     0     0    0.00000    0  687          -    0.00000      -     -    0s
     0     0    0.00000    0  677          -    0.00000      -     -    0s
     0     0    0.00000    0  513          -    0.00000      -     -    1s
     0     0    0.00000    0  518          -    0.00000      -     -    1s
     0     0    0.00000    0  442          -    0.00000      -     -    1s
     0     0    0.00000    0  498          -    0.00000      -     -    1s
     0     0    0.00000    0  429          -    0.00000      -     -    2s
     0     0    0.00000    0  469          -    0.00000      -     -    2s
     0     0    0.00000    0  449          -    0.00000      -     -    2s
     0     0    0.00000    0  535          -    0.00000      -     -    2s
     0     0    0.00000    0  528          -    0.00000      -     -    3s
     0     0    0.00000    0  528          -    0.00000      -     -    3s
     0     2    0.00000    0  528          -    0.00000      -     -    3s
   638   370    0.00000   29  619          -    0.00000      -  57.2    5s
* 2979   365              86       0.0000000    0.00000  0.00%  40.5    6s

Cutting planes:
  Cover: 115
  Clique: 1
  MIR: 2
  Inf proof: 16
  Zero half: 34
  RLT: 2

Explored 3179 nodes (150151 simplex iterations) in 6.42 seconds (8.69 work units)
Thread count was 8 (of 8 available processors)

Solution count 1: 0 

Optimal solution found (tolerance 1.00e-04)
Best objective 0.000000000000e+00, best bound 0.000000000000e+00, gap 0.0000%

User-callback calls 7300, time in user-callback 0.00 sec
Gurobi Optimizer version 11.0.0 build v11.0.0rc2 (linux64 - "Debian GNU/Linux 11 (bullseye)")

CPU model: Intel(R) Core(TM) i7-4770 CPU @ 3.40GHz, instruction set [SSE2|AVX|AVX2]
Thread count: 4 physical cores, 8 logical processors, using up to 8 threads

Academic license 2483116 - for non-commercial use only - registered to ni___@fu-berlin.de
Optimize a model with 722 rows, 1600 columns and 5776 nonzeros
Model fingerprint: 0x5d310ef8
Variable types: 0 continuous, 1600 integer (1600 binary)
Coefficient statistics:
  Matrix range     [1e+00, 1e+00]
  Objective range  [0e+00, 0e+00]
  Bounds range     [1e+00, 1e+00]
  RHS range        [0e+00, 0e+00]

MIP start from previous solve did not produce a new incumbent solution

Presolve removed 2 rows and 233 columns
Presolve time: 0.01s
Presolved: 720 rows, 1367 columns, 4982 nonzeros
Variable types: 0 continuous, 1367 integer (1362 binary)

Root relaxation: objective 0.000000e+00, 2181 iterations, 0.13 seconds (0.15 work units)

    Nodes    |    Current Node    |     Objective Bounds      |     Work
 Expl Unexpl |  Obj  Depth IntInf | Incumbent    BestBd   Gap | It/Node Time

     0     0    0.00000    0  575          -    0.00000      -     -    0s
     0     0    0.00000    0  671          -    0.00000      -     -    0s
     0     0    0.00000    0  577          -    0.00000      -     -    1s
     0     0    0.00000    0  526          -    0.00000      -     -    1s
     0     0    0.00000    0  555          -    0.00000      -     -    1s
     0     0    0.00000    0  348          -    0.00000      -     -    2s
     0     0    0.00000    0  621          -    0.00000      -     -    2s
H    0     0                       0.0000000    0.00000  0.00%     -    2s
     0     0    0.00000    0  449    0.00000    0.00000  0.00%     -    2s

Cutting planes:
  Clique: 5
  MIR: 1
  Zero half: 75
  RLT: 2

Explored 1 nodes (21346 simplex iterations) in 2.81 seconds (2.92 work units)
Thread count was 8 (of 8 available processors)

Solution count 1: 0 

Optimal solution found (tolerance 1.00e-04)
Best objective 0.000000000000e+00, best bound 0.000000000000e+00, gap 0.0000%

User-callback calls 595, time in user-callback 0.00 sec
Gurobi Optimizer version 11.0.0 build v11.0.0rc2 (linux64 - "Debian GNU/Linux 11 (bullseye)")

CPU model: Intel(R) Core(TM) i7-4770 CPU @ 3.40GHz, instruction set [SSE2|AVX|AVX2]
Thread count: 4 physical cores, 8 logical processors, using up to 8 threads

Academic license 2483116 - for non-commercial use only - registered to ni___@fu-berlin.de
Optimize a model with 722 rows, 1600 columns and 5776 nonzeros
Model fingerprint: 0x99bd96ca
Variable types: 0 continuous, 1600 integer (1600 binary)
Coefficient statistics:
  Matrix range     [1e+00, 1e+00]
  Objective range  [0e+00, 0e+00]
  Bounds range     [1e+00, 1e+00]
  RHS range        [0e+00, 0e+00]

MIP start from previous solve did not produce a new incumbent solution

Presolve removed 7 rows and 242 columns
Presolve time: 0.01s
Presolved: 715 rows, 1358 columns, 4955 nonzeros
Variable types: 0 continuous, 1358 integer (1357 binary)

Root relaxation: objective 0.000000e+00, 2211 iterations, 0.12 seconds (0.14 work units)

    Nodes    |    Current Node    |     Objective Bounds      |     Work
 Expl Unexpl |  Obj  Depth IntInf | Incumbent    BestBd   Gap | It/Node Time

     0     0    0.00000    0  454          -    0.00000      -     -    0s
     0     0    0.00000    0  630          -    0.00000      -     -    0s
     0     0    0.00000    0  481          -    0.00000      -     -    1s
     0     0    0.00000    0  481          -    0.00000      -     -    1s
     0     0    0.00000    0  356          -    0.00000      -     -    1s
     0     0    0.00000    0  509          -    0.00000      -     -    1s
     0     0    0.00000    0  338          -    0.00000      -     -    2s
     0     0    0.00000    0  438          -    0.00000      -     -    2s
     0     0    0.00000    0  289          -    0.00000      -     -    2s
     0     0    0.00000    0  402          -    0.00000      -     -    2s
     0     0    0.00000    0  242          -    0.00000      -     -    3s
     0     0    0.00000    0  405          -    0.00000      -     -    3s
     0     0    0.00000    0  443          -    0.00000      -     -    3s
     0     0    0.00000    0  461          -    0.00000      -     -    3s
     0     0    0.00000    0  300          -    0.00000      -     -    3s
     0     0    0.00000    0  295          -    0.00000      -     -    4s
     0     2    0.00000    0  295          -    0.00000      -     -    5s
  1820  1014    0.00000   31  551          -    0.00000      -  95.0   10s

Cutting planes:
  Gomory: 4
  Cover: 1
  Clique: 1
  Flow cover: 2
  Zero half: 89
  RLT: 4

Explored 1830 nodes (235810 simplex iterations) in 15.00 seconds (19.08 work units)
Thread count was 8 (of 8 available processors)

Solution count 0

Time limit reached
Best objective -, best bound 0.000000000000e+00, gap -

User-callback calls 5474, time in user-callback 0.00 sec
Gurobi Optimizer version 11.0.0 build v11.0.0rc2 (linux64 - "Debian GNU/Linux 11 (bullseye)")

CPU model: Intel(R) Core(TM) i7-4770 CPU @ 3.40GHz, instruction set [SSE2|AVX|AVX2]
Thread count: 4 physical cores, 8 logical processors, using up to 8 threads

Academic license 2483116 - for non-commercial use only - registered to ni___@fu-berlin.de
Optimize a model with 722 rows, 1600 columns and 5776 nonzeros
Model fingerprint: 0x91ca0cb1
Variable types: 0 continuous, 1600 integer (1600 binary)
Coefficient statistics:
  Matrix range     [1e+00, 1e+00]
  Objective range  [0e+00, 0e+00]
  Bounds range     [1e+00, 1e+00]
  RHS range        [0e+00, 0e+00]

MIP start from previous solve did not produce a new incumbent solution

Presolve removed 1 rows and 234 columns
Presolve time: 0.01s
Presolved: 721 rows, 1366 columns, 4955 nonzeros
Variable types: 0 continuous, 1366 integer (1362 binary)

Root relaxation: objective 0.000000e+00, 2287 iterations, 0.14 seconds (0.16 work units)

    Nodes    |    Current Node    |     Objective Bounds      |     Work
 Expl Unexpl |  Obj  Depth IntInf | Incumbent    BestBd   Gap | It/Node Time

     0     0    0.00000    0  555          -    0.00000      -     -    0s
     0     0    0.00000    0  675          -    0.00000      -     -    0s
     0     0    0.00000    0  662          -    0.00000      -     -    0s
     0     0    0.00000    0  500          -    0.00000      -     -    1s
     0     0    0.00000    0  557          -    0.00000      -     -    1s
     0     0    0.00000    0  416          -    0.00000      -     -    1s
     0     0    0.00000    0  521          -    0.00000      -     -    1s
     0     0    0.00000    0  492          -    0.00000      -     -    2s
     0     0    0.00000    0  547          -    0.00000      -     -    2s
     0     0    0.00000    0  508          -    0.00000      -     -    2s
     0     0    0.00000    0  541          -    0.00000      -     -    2s
     0     0    0.00000    0  370          -    0.00000      -     -    2s
     0     0    0.00000    0  393          -    0.00000      -     -    3s
     0     0    0.00000    0  364          -    0.00000      -     -    3s
     0     0    0.00000    0  364          -    0.00000      -     -    3s
     0     2    0.00000    0  364          -    0.00000      -     -    4s
   183   226    0.00000   20  612          -    0.00000      -  80.8    5s
  4620   392    0.00000   42  436          -    0.00000      -  53.6   10s

Cutting planes:
  Gomory: 6
  Cover: 3
  Clique: 3
  Flow cover: 1
  Zero half: 63
  RLT: 4

Explored 5496 nodes (355204 simplex iterations) in 15.00 seconds (22.36 work units)
Thread count was 8 (of 8 available processors)

Solution count 0

Time limit reached
Best objective -, best bound 0.000000000000e+00, gap -

User-callback calls 12453, time in user-callback 0.00 sec
Gurobi Optimizer version 11.0.0 build v11.0.0rc2 (linux64 - "Debian GNU/Linux 11 (bullseye)")

CPU model: Intel(R) Core(TM) i7-4770 CPU @ 3.40GHz, instruction set [SSE2|AVX|AVX2]
Thread count: 4 physical cores, 8 logical processors, using up to 8 threads

Academic license 2483116 - for non-commercial use only - registered to ni___@fu-berlin.de
Optimize a model with 722 rows, 1600 columns and 5776 nonzeros
Model fingerprint: 0xa065f033
Variable types: 0 continuous, 1600 integer (1600 binary)
Coefficient statistics:
  Matrix range     [1e+00, 1e+00]
  Objective range  [0e+00, 0e+00]
  Bounds range     [1e+00, 1e+00]
  RHS range        [0e+00, 0e+00]

MIP start from previous solve did not produce a new incumbent solution

Presolve removed 0 rows and 221 columns
Presolve time: 0.01s
Presolved: 722 rows, 1379 columns, 5009 nonzeros
Variable types: 0 continuous, 1379 integer (1375 binary)

Root relaxation: objective 0.000000e+00, 2100 iterations, 0.12 seconds (0.14 work units)

    Nodes    |    Current Node    |     Objective Bounds      |     Work
 Expl Unexpl |  Obj  Depth IntInf | Incumbent    BestBd   Gap | It/Node Time

     0     0    0.00000    0  542          -    0.00000      -     -    0s
     0     0    0.00000    0  635          -    0.00000      -     -    0s
     0     0    0.00000    0  618          -    0.00000      -     -    0s
     0     0    0.00000    0  544          -    0.00000      -     -    1s
     0     0    0.00000    0  573          -    0.00000      -     -    1s
     0     0    0.00000    0  469          -    0.00000      -     -    1s
     0     0    0.00000    0  483          -    0.00000      -     -    1s
     0     0    0.00000    0  505          -    0.00000      -     -    2s
     0     0    0.00000    0  493          -    0.00000      -     -    2s
     0     0    0.00000    0  445          -    0.00000      -     -    2s
     0     0    0.00000    0  453          -    0.00000      -     -    2s
     0     0    0.00000    0  337          -    0.00000      -     -    2s
     0     0    0.00000    0  390          -    0.00000      -     -    2s
     0     0    0.00000    0  484          -    0.00000      -     -    3s
     0     0    0.00000    0  484          -    0.00000      -     -    3s
     0     2    0.00000    0  421          -    0.00000      -     -    4s
   352   430    0.00000   50  411          -    0.00000      -  55.6    5s
  3906   708    0.00000   69  555          -    0.00000      -  51.9   10s
H 3907   672                       0.0000000    0.00000  0.00%  51.8   11s

Cutting planes:
  Gomory: 9
  Zero half: 105
  RLT: 2

Explored 3907 nodes (247508 simplex iterations) in 11.36 seconds (14.21 work units)
Thread count was 8 (of 8 available processors)

Solution count 1: 0 

Optimal solution found (tolerance 1.00e-04)
Best objective 0.000000000000e+00, best bound 0.000000000000e+00, gap 0.0000%

User-callback calls 9282, time in user-callback 0.00 sec
Gurobi Optimizer version 11.0.0 build v11.0.0rc2 (linux64 - "Debian GNU/Linux 11 (bullseye)")

CPU model: Intel(R) Core(TM) i7-4770 CPU @ 3.40GHz, instruction set [SSE2|AVX|AVX2]
Thread count: 4 physical cores, 8 logical processors, using up to 8 threads

Academic license 2483116 - for non-commercial use only - registered to ni___@fu-berlin.de
Optimize a model with 722 rows, 1600 columns and 5776 nonzeros
Model fingerprint: 0xcd9eeec2
Variable types: 0 continuous, 1600 integer (1600 binary)
Coefficient statistics:
  Matrix range     [1e+00, 1e+00]
  Objective range  [0e+00, 0e+00]
  Bounds range     [1e+00, 1e+00]
  RHS range        [0e+00, 0e+00]

MIP start from previous solve did not produce a new incumbent solution

Presolve removed 0 rows and 209 columns
Presolve time: 0.00s

Explored 0 nodes (0 simplex iterations) in 0.05 seconds (0.00 work units)
Thread count was 1 (of 8 available processors)

Solution count 0

Model is infeasible
Best objective -, best bound -, gap -

User-callback calls 37, time in user-callback 0.00 sec
Gurobi Optimizer version 11.0.0 build v11.0.0rc2 (linux64 - "Debian GNU/Linux 11 (bullseye)")

CPU model: Intel(R) Core(TM) i7-4770 CPU @ 3.40GHz, instruction set [SSE2|AVX|AVX2]
Thread count: 4 physical cores, 8 logical processors, using up to 8 threads

Academic license 2483116 - for non-commercial use only - registered to ni___@fu-berlin.de
Optimize a model with 722 rows, 1600 columns and 5776 nonzeros
Model fingerprint: 0xde7a9fb0
Variable types: 0 continuous, 1600 integer (1600 binary)
Coefficient statistics:
  Matrix range     [1e+00, 1e+00]
  Objective range  [0e+00, 0e+00]
  Bounds range     [1e+00, 1e+00]
  RHS range        [0e+00, 0e+00]

MIP start from previous solve did not produce a new incumbent solution

Presolve removed 5 rows and 247 columns
Presolve time: 0.01s
Presolved: 717 rows, 1353 columns, 4915 nonzeros
Variable types: 0 continuous, 1353 integer (1350 binary)

Root relaxation: objective 0.000000e+00, 2071 iterations, 0.11 seconds (0.13 work units)

    Nodes    |    Current Node    |     Objective Bounds      |     Work
 Expl Unexpl |  Obj  Depth IntInf | Incumbent    BestBd   Gap | It/Node Time

     0     0    0.00000    0  566          -    0.00000      -     -    0s
     0     0    0.00000    0  659          -    0.00000      -     -    0s
     0     0    0.00000    0  551          -    0.00000      -     -    1s
     0     0    0.00000    0  562          -    0.00000      -     -    1s
     0     0    0.00000    0  522          -    0.00000      -     -    1s
     0     0    0.00000    0  441          -    0.00000      -     -    1s
     0     0    0.00000    0  524          -    0.00000      -     -    1s
     0     0    0.00000    0  442          -    0.00000      -     -    2s
     0     0    0.00000    0  463          -    0.00000      -     -    2s
     0     0    0.00000    0  430          -    0.00000      -     -    2s
     0     0    0.00000    0  430          -    0.00000      -     -    2s
     0     2    0.00000    0  381          -    0.00000      -     -    3s
   746   683    0.00000   40  522          -    0.00000      -  56.7    5s
  7354   899    0.00000    8  623          -    0.00000      -  38.1   10s
H 7355   854                       0.0000000    0.00000  0.00%  38.1   11s

Cutting planes:
  Gomory: 6
  Clique: 4
  Flow cover: 1
  Zero half: 89
  RLT: 1

Explored 7355 nodes (314905 simplex iterations) in 11.82 seconds (17.29 work units)
Thread count was 8 (of 8 available processors)

Solution count 1: 0 

Optimal solution found (tolerance 1.00e-04)
Best objective 0.000000000000e+00, best bound 0.000000000000e+00, gap 0.0000%

User-callback calls 16133, time in user-callback 0.00 sec
Gurobi Optimizer version 11.0.0 build v11.0.0rc2 (linux64 - "Debian GNU/Linux 11 (bullseye)")

CPU model: Intel(R) Core(TM) i7-4770 CPU @ 3.40GHz, instruction set [SSE2|AVX|AVX2]
Thread count: 4 physical cores, 8 logical processors, using up to 8 threads

Academic license 2483116 - for non-commercial use only - registered to ni___@fu-berlin.de
Optimize a model with 722 rows, 1600 columns and 5776 nonzeros
Model fingerprint: 0xbb1c9c33
Variable types: 0 continuous, 1600 integer (1600 binary)
Coefficient statistics:
  Matrix range     [1e+00, 1e+00]
  Objective range  [0e+00, 0e+00]
  Bounds range     [1e+00, 1e+00]
  RHS range        [0e+00, 0e+00]

MIP start from previous solve did not produce a new incumbent solution

Presolve removed 2 rows and 236 columns
Presolve time: 0.01s
Presolved: 720 rows, 1364 columns, 4953 nonzeros
Variable types: 0 continuous, 1364 integer (1359 binary)

Root relaxation: objective 0.000000e+00, 2156 iterations, 0.12 seconds (0.14 work units)

    Nodes    |    Current Node    |     Objective Bounds      |     Work
 Expl Unexpl |  Obj  Depth IntInf | Incumbent    BestBd   Gap | It/Node Time

     0     0    0.00000    0  580          -    0.00000      -     -    0s
     0     0    0.00000    0  662          -    0.00000      -     -    0s
     0     0    0.00000    0  653          -    0.00000      -     -    0s
     0     0    0.00000    0  463          -    0.00000      -     -    1s
     0     0    0.00000    0  535          -    0.00000      -     -    1s
H    0     0                       0.0000000    0.00000  0.00%     -    1s
     0     0    0.00000    0  538    0.00000    0.00000  0.00%     -    1s

Cutting planes:
  Clique: 3
  Zero half: 86
  RLT: 5

Explored 1 nodes (12109 simplex iterations) in 1.62 seconds (1.52 work units)
Thread count was 8 (of 8 available processors)

Solution count 1: 0 

Optimal solution found (tolerance 1.00e-04)
Best objective 0.000000000000e+00, best bound 0.000000000000e+00, gap 0.0000%

User-callback calls 489, time in user-callback 0.00 sec
Gurobi Optimizer version 11.0.0 build v11.0.0rc2 (linux64 - "Debian GNU/Linux 11 (bullseye)")

CPU model: Intel(R) Core(TM) i7-4770 CPU @ 3.40GHz, instruction set [SSE2|AVX|AVX2]
Thread count: 4 physical cores, 8 logical processors, using up to 8 threads

Academic license 2483116 - for non-commercial use only - registered to ni___@fu-berlin.de
Optimize a model with 722 rows, 1600 columns and 5776 nonzeros
Model fingerprint: 0x78f6bcb1
Variable types: 0 continuous, 1600 integer (1600 binary)
Coefficient statistics:
  Matrix range     [1e+00, 1e+00]
  Objective range  [0e+00, 0e+00]
  Bounds range     [1e+00, 1e+00]
  RHS range        [0e+00, 0e+00]

MIP start from previous solve did not produce a new incumbent solution

Presolve removed 1 rows and 225 columns
Presolve time: 0.01s
Presolved: 721 rows, 1375 columns, 4977 nonzeros
Variable types: 0 continuous, 1375 integer (1371 binary)

Root relaxation: objective 0.000000e+00, 2215 iterations, 0.13 seconds (0.15 work units)

    Nodes    |    Current Node    |     Objective Bounds      |     Work
 Expl Unexpl |  Obj  Depth IntInf | Incumbent    BestBd   Gap | It/Node Time

     0     0    0.00000    0  532          -    0.00000      -     -    0s
     0     0    0.00000    0  647          -    0.00000      -     -    0s
     0     0    0.00000    0  555          -    0.00000      -     -    1s
     0     0    0.00000    0  541          -    0.00000      -     -    1s
     0     0    0.00000    0  612          -    0.00000      -     -    1s
     0     0    0.00000    0  547          -    0.00000      -     -    2s
     0     0    0.00000    0  571          -    0.00000      -     -    2s
     0     0    0.00000    0  429          -    0.00000      -     -    2s
     0     0    0.00000    0  480          -    0.00000      -     -    2s
     0     0    0.00000    0  448          -    0.00000      -     -    2s
     0     0    0.00000    0  448          -    0.00000      -     -    3s
     0     2    0.00000    0  426          -    0.00000      -     -    3s
   478   415 infeasible   46               -    0.00000      -  54.1    5s
  2884   519    0.00000   55  507          -    0.00000      -  48.8   10s

Cutting planes:
  Gomory: 4
  Clique: 1
  Flow cover: 2
  Zero half: 93
  RLT: 4

Explored 2897 nodes (201959 simplex iterations) in 15.00 seconds (18.19 work units)
Thread count was 8 (of 8 available processors)

Solution count 0

Time limit reached
Best objective -, best bound 0.000000000000e+00, gap -

User-callback calls 7524, time in user-callback 0.00 sec
Gurobi Optimizer version 11.0.0 build v11.0.0rc2 (linux64 - "Debian GNU/Linux 11 (bullseye)")

CPU model: Intel(R) Core(TM) i7-4770 CPU @ 3.40GHz, instruction set [SSE2|AVX|AVX2]
Thread count: 4 physical cores, 8 logical processors, using up to 8 threads

Academic license 2483116 - for non-commercial use only - registered to ni___@fu-berlin.de
Optimize a model with 722 rows, 1600 columns and 5776 nonzeros
Model fingerprint: 0x61b53f9d
Variable types: 0 continuous, 1600 integer (1600 binary)
Coefficient statistics:
  Matrix range     [1e+00, 1e+00]
  Objective range  [0e+00, 0e+00]
  Bounds range     [1e+00, 1e+00]
  RHS range        [0e+00, 0e+00]

MIP start from previous solve did not produce a new incumbent solution

Presolve removed 11 rows and 242 columns
Presolve time: 0.02s
Presolved: 711 rows, 1358 columns, 4922 nonzeros
Variable types: 0 continuous, 1358 integer (1354 binary)

Root relaxation: objective 0.000000e+00, 2162 iterations, 0.13 seconds (0.14 work units)

    Nodes    |    Current Node    |     Objective Bounds      |     Work
 Expl Unexpl |  Obj  Depth IntInf | Incumbent    BestBd   Gap | It/Node Time

     0     0    0.00000    0  568          -    0.00000      -     -    0s
     0     0    0.00000    0  673          -    0.00000      -     -    0s
H    0     0                       0.0000000    0.00000  0.00%     -    1s
     0     0    0.00000    0  579    0.00000    0.00000  0.00%     -    1s

Cutting planes:
  Gomory: 3
  Cover: 1
  Clique: 6
  MIR: 1
  Zero half: 115
  RLT: 2

Explored 1 nodes (8624 simplex iterations) in 1.10 seconds (1.03 work units)
Thread count was 8 (of 8 available processors)

Solution count 1: 0 

Optimal solution found (tolerance 1.00e-04)
Best objective 0.000000000000e+00, best bound 0.000000000000e+00, gap 0.0000%

User-callback calls 734, time in user-callback 0.00 sec
Gurobi Optimizer version 11.0.0 build v11.0.0rc2 (linux64 - "Debian GNU/Linux 11 (bullseye)")

CPU model: Intel(R) Core(TM) i7-4770 CPU @ 3.40GHz, instruction set [SSE2|AVX|AVX2]
Thread count: 4 physical cores, 8 logical processors, using up to 8 threads

Academic license 2483116 - for non-commercial use only - registered to ni___@fu-berlin.de
Optimize a model with 722 rows, 1600 columns and 5776 nonzeros
Model fingerprint: 0x75e32fcd
Variable types: 0 continuous, 1600 integer (1600 binary)
Coefficient statistics:
  Matrix range     [1e+00, 1e+00]
  Objective range  [0e+00, 0e+00]
  Bounds range     [1e+00, 1e+00]
  RHS range        [0e+00, 0e+00]

MIP start from previous solve did not produce a new incumbent solution

Presolve removed 0 rows and 219 columns
Presolve time: 0.00s

Explored 0 nodes (0 simplex iterations) in 0.04 seconds (0.00 work units)
Thread count was 1 (of 8 available processors)

Solution count 0

Model is infeasible
Best objective -, best bound -, gap -

User-callback calls 37, time in user-callback 0.00 sec
Gurobi Optimizer version 11.0.0 build v11.0.0rc2 (linux64 - "Debian GNU/Linux 11 (bullseye)")

CPU model: Intel(R) Core(TM) i7-4770 CPU @ 3.40GHz, instruction set [SSE2|AVX|AVX2]
Thread count: 4 physical cores, 8 logical processors, using up to 8 threads

Academic license 2483116 - for non-commercial use only - registered to ni___@fu-berlin.de
Optimize a model with 722 rows, 1600 columns and 5776 nonzeros
Model fingerprint: 0x4ef19d58
Variable types: 0 continuous, 1600 integer (1600 binary)
Coefficient statistics:
  Matrix range     [1e+00, 1e+00]
  Objective range  [0e+00, 0e+00]
  Bounds range     [1e+00, 1e+00]
  RHS range        [0e+00, 0e+00]

MIP start from previous solve did not produce a new incumbent solution

Presolve removed 4 rows and 231 columns
Presolve time: 0.02s
Presolved: 718 rows, 1369 columns, 4968 nonzeros
Variable types: 0 continuous, 1369 integer (1365 binary)

Root relaxation: objective 0.000000e+00, 2284 iterations, 0.18 seconds (0.15 work units)

    Nodes    |    Current Node    |     Objective Bounds      |     Work
 Expl Unexpl |  Obj  Depth IntInf | Incumbent    BestBd   Gap | It/Node Time

     0     0    0.00000    0  555          -    0.00000      -     -    0s
     0     0    0.00000    0  637          -    0.00000      -     -    0s
H    0     0                       0.0000000    0.00000  0.00%     -    1s
     0     0    0.00000    0  531    0.00000    0.00000  0.00%     -    1s

Cutting planes:
  Gomory: 3
  MIR: 1
  Zero half: 94

Explored 1 nodes (9828 simplex iterations) in 1.24 seconds (1.18 work units)
Thread count was 8 (of 8 available processors)

Solution count 1: 0 

Optimal solution found (tolerance 1.00e-04)
Best objective 0.000000000000e+00, best bound 0.000000000000e+00, gap 0.0000%

User-callback calls 583, time in user-callback 0.00 sec
Gurobi Optimizer version 11.0.0 build v11.0.0rc2 (linux64 - "Debian GNU/Linux 11 (bullseye)")

CPU model: Intel(R) Core(TM) i7-4770 CPU @ 3.40GHz, instruction set [SSE2|AVX|AVX2]
Thread count: 4 physical cores, 8 logical processors, using up to 8 threads

Academic license 2483116 - for non-commercial use only - registered to ni___@fu-berlin.de
Optimize a model with 722 rows, 1600 columns and 5776 nonzeros
Model fingerprint: 0xe6df5309
Variable types: 0 continuous, 1600 integer (1600 binary)
Coefficient statistics:
  Matrix range     [1e+00, 1e+00]
  Objective range  [0e+00, 0e+00]
  Bounds range     [1e+00, 1e+00]
  RHS range        [0e+00, 0e+00]

MIP start from previous solve did not produce a new incumbent solution

Presolve removed 2 rows and 222 columns
Presolve time: 0.01s
Presolved: 720 rows, 1378 columns, 5008 nonzeros
Variable types: 0 continuous, 1378 integer (1375 binary)

Root relaxation: objective 0.000000e+00, 2180 iterations, 0.13 seconds (0.15 work units)

    Nodes    |    Current Node    |     Objective Bounds      |     Work
 Expl Unexpl |  Obj  Depth IntInf | Incumbent    BestBd   Gap | It/Node Time

     0     0    0.00000    0  533          -    0.00000      -     -    0s
     0     0    0.00000    0  649          -    0.00000      -     -    0s
     0     0    0.00000    0  648          -    0.00000      -     -    0s
     0     0    0.00000    0  544          -    0.00000      -     -    1s
     0     0    0.00000    0  588          -    0.00000      -     -    1s
H    0     0                       0.0000000    0.00000  0.00%     -    1s
     0     0    0.00000    0  539    0.00000    0.00000  0.00%     -    1s

Cutting planes:
  Clique: 2
  Zero half: 102
  RLT: 2

Explored 1 nodes (12303 simplex iterations) in 1.65 seconds (1.64 work units)
Thread count was 8 (of 8 available processors)

Solution count 1: 0 

Optimal solution found (tolerance 1.00e-04)
Best objective 0.000000000000e+00, best bound 0.000000000000e+00, gap 0.0000%

User-callback calls 430, time in user-callback 0.00 sec
Gurobi Optimizer version 11.0.0 build v11.0.0rc2 (linux64 - "Debian GNU/Linux 11 (bullseye)")

CPU model: Intel(R) Core(TM) i7-4770 CPU @ 3.40GHz, instruction set [SSE2|AVX|AVX2]
Thread count: 4 physical cores, 8 logical processors, using up to 8 threads

Academic license 2483116 - for non-commercial use only - registered to ni___@fu-berlin.de
Optimize a model with 722 rows, 1600 columns and 5776 nonzeros
Model fingerprint: 0x02892b99
Variable types: 0 continuous, 1600 integer (1600 binary)
Coefficient statistics:
  Matrix range     [1e+00, 1e+00]
  Objective range  [0e+00, 0e+00]
  Bounds range     [1e+00, 1e+00]
  RHS range        [0e+00, 0e+00]

MIP start from previous solve did not produce a new incumbent solution

Presolve removed 7 rows and 241 columns
Presolve time: 0.01s
Presolved: 715 rows, 1359 columns, 4947 nonzeros
Variable types: 0 continuous, 1359 integer (1356 binary)

Root relaxation: objective 0.000000e+00, 2102 iterations, 0.12 seconds (0.13 work units)

    Nodes    |    Current Node    |     Objective Bounds      |     Work
 Expl Unexpl |  Obj  Depth IntInf | Incumbent    BestBd   Gap | It/Node Time

     0     0    0.00000    0  478          -    0.00000      -     -    0s
     0     0    0.00000    0  654          -    0.00000      -     -    0s
     0     0    0.00000    0  474          -    0.00000      -     -    1s
     0     0    0.00000    0  560          -    0.00000      -     -    1s
     0     0    0.00000    0  447          -    0.00000      -     -    1s
     0     0    0.00000    0  486          -    0.00000      -     -    1s
     0     0    0.00000    0  434          -    0.00000      -     -    2s
     0     0    0.00000    0  617          -    0.00000      -     -    2s
     0     0    0.00000    0  407          -    0.00000      -     -    2s
     0     0    0.00000    0  376          -    0.00000      -     -    2s
     0     0    0.00000    0  418          -    0.00000      -     -    3s
     0     0    0.00000    0  373          -    0.00000      -     -    3s
     0     2    0.00000    0  330          -    0.00000      -     -    3s
   493   338 infeasible   49               -    0.00000      -  53.9    5s
* 2820   326              98       0.0000000    0.00000  0.00%  44.0    6s

Cutting planes:
  Cover: 146
  Clique: 3
  Inf proof: 13
  Zero half: 14
  RLT: 4

Explored 2971 nodes (152289 simplex iterations) in 6.35 seconds (8.86 work units)
Thread count was 8 (of 8 available processors)

Solution count 1: 0 

Optimal solution found (tolerance 1.00e-04)
Best objective 0.000000000000e+00, best bound 0.000000000000e+00, gap 0.0000%

User-callback calls 7042, time in user-callback 0.00 sec
Gurobi Optimizer version 11.0.0 build v11.0.0rc2 (linux64 - "Debian GNU/Linux 11 (bullseye)")

CPU model: Intel(R) Core(TM) i7-4770 CPU @ 3.40GHz, instruction set [SSE2|AVX|AVX2]
Thread count: 4 physical cores, 8 logical processors, using up to 8 threads

Academic license 2483116 - for non-commercial use only - registered to ni___@fu-berlin.de
Optimize a model with 722 rows, 1600 columns and 5776 nonzeros
Model fingerprint: 0xdc4527a1
Variable types: 0 continuous, 1600 integer (1600 binary)
Coefficient statistics:
  Matrix range     [1e+00, 1e+00]
  Objective range  [0e+00, 0e+00]
  Bounds range     [1e+00, 1e+00]
  RHS range        [0e+00, 0e+00]

MIP start from previous solve did not produce a new incumbent solution

Presolve removed 10 rows and 246 columns
Presolve time: 0.01s
Presolved: 712 rows, 1354 columns, 4921 nonzeros
Variable types: 0 continuous, 1354 integer (1351 binary)

Root relaxation: objective 0.000000e+00, 2170 iterations, 0.12 seconds (0.14 work units)

    Nodes    |    Current Node    |     Objective Bounds      |     Work
 Expl Unexpl |  Obj  Depth IntInf | Incumbent    BestBd   Gap | It/Node Time

     0     0    0.00000    0  525          -    0.00000      -     -    0s
     0     0    0.00000    0  610          -    0.00000      -     -    0s
     0     0    0.00000    0  607          -    0.00000      -     -    0s
     0     0    0.00000    0  526          -    0.00000      -     -    1s
     0     0    0.00000    0  585          -    0.00000      -     -    1s
     0     0    0.00000    0  484          -    0.00000      -     -    2s
     0     0    0.00000    0  542          -    0.00000      -     -    2s
     0     0    0.00000    0  548          -    0.00000      -     -    2s
     0     0    0.00000    0  510          -    0.00000      -     -    2s
     0     2    0.00000    0  482          -    0.00000      -     -    3s
* 1074   275              80       0.0000000    0.00000  0.00%  40.1    4s

Cutting planes:
  Cover: 25
  Inf proof: 1
  Zero half: 19

Explored 1514 nodes (70120 simplex iterations) in 4.64 seconds (5.66 work units)
Thread count was 8 (of 8 available processors)

Solution count 1: 0 

Optimal solution found (tolerance 1.00e-04)
Best objective 0.000000000000e+00, best bound 0.000000000000e+00, gap 0.0000%

User-callback calls 4297, time in user-callback 0.00 sec
Gurobi Optimizer version 11.0.0 build v11.0.0rc2 (linux64 - "Debian GNU/Linux 11 (bullseye)")

CPU model: Intel(R) Core(TM) i7-4770 CPU @ 3.40GHz, instruction set [SSE2|AVX|AVX2]
Thread count: 4 physical cores, 8 logical processors, using up to 8 threads

Academic license 2483116 - for non-commercial use only - registered to ni___@fu-berlin.de
Optimize a model with 722 rows, 1600 columns and 5776 nonzeros
Model fingerprint: 0x3ebc2b4f
Variable types: 0 continuous, 1600 integer (1600 binary)
Coefficient statistics:
  Matrix range     [1e+00, 1e+00]
  Objective range  [0e+00, 0e+00]
  Bounds range     [1e+00, 1e+00]
  RHS range        [0e+00, 0e+00]

MIP start from previous solve did not produce a new incumbent solution

Presolve removed 0 rows and 225 columns
Presolve time: 0.01s
Presolved: 722 rows, 1375 columns, 4978 nonzeros
Variable types: 0 continuous, 1375 integer (1372 binary)

Root relaxation: objective 0.000000e+00, 2188 iterations, 0.13 seconds (0.15 work units)

    Nodes    |    Current Node    |     Objective Bounds      |     Work
 Expl Unexpl |  Obj  Depth IntInf | Incumbent    BestBd   Gap | It/Node Time

     0     0    0.00000    0  571          -    0.00000      -     -    0s
     0     0    0.00000    0  675          -    0.00000      -     -    0s
     0     0    0.00000    0  666          -    0.00000      -     -    0s
     0     0    0.00000    0  426          -    0.00000      -     -    1s
     0     0    0.00000    0  550          -    0.00000      -     -    1s
     0     0    0.00000    0  449          -    0.00000      -     -    1s
     0     0    0.00000    0  479          -    0.00000      -     -    1s
     0     0    0.00000    0  439          -    0.00000      -     -    2s
     0     0    0.00000    0  575          -    0.00000      -     -    2s
     0     0    0.00000    0  417          -    0.00000      -     -    2s
     0     0    0.00000    0  412          -    0.00000      -     -    2s
     0     0    0.00000    0  345          -    0.00000      -     -    3s
     0     0    0.00000    0  400          -    0.00000      -     -    3s
H    0     0                       0.0000000    0.00000  0.00%     -    3s
     0     0    0.00000    0  384    0.00000    0.00000  0.00%     -    3s

Cutting planes:
  Zero half: 89
  RLT: 4

Explored 1 nodes (30578 simplex iterations) in 3.89 seconds (3.87 work units)
Thread count was 8 (of 8 available processors)

Solution count 1: 0 

Optimal solution found (tolerance 1.00e-04)
Best objective 0.000000000000e+00, best bound 0.000000000000e+00, gap 0.0000%

User-callback calls 518, time in user-callback 0.00 sec
Gurobi Optimizer version 11.0.0 build v11.0.0rc2 (linux64 - "Debian GNU/Linux 11 (bullseye)")

CPU model: Intel(R) Core(TM) i7-4770 CPU @ 3.40GHz, instruction set [SSE2|AVX|AVX2]
Thread count: 4 physical cores, 8 logical processors, using up to 8 threads

Academic license 2483116 - for non-commercial use only - registered to ni___@fu-berlin.de
Optimize a model with 722 rows, 1600 columns and 5776 nonzeros
Model fingerprint: 0xab4fde68
Variable types: 0 continuous, 1600 integer (1600 binary)
Coefficient statistics:
  Matrix range     [1e+00, 1e+00]
  Objective range  [0e+00, 0e+00]
  Bounds range     [1e+00, 1e+00]
  RHS range        [0e+00, 0e+00]

MIP start from previous solve did not produce a new incumbent solution

Presolve removed 7 rows and 244 columns
Presolve time: 0.01s
Presolved: 715 rows, 1356 columns, 4930 nonzeros
Variable types: 0 continuous, 1356 integer (1351 binary)

Root relaxation: objective 0.000000e+00, 2162 iterations, 0.12 seconds (0.14 work units)

    Nodes    |    Current Node    |     Objective Bounds      |     Work
 Expl Unexpl |  Obj  Depth IntInf | Incumbent    BestBd   Gap | It/Node Time

     0     0    0.00000    0  587          -    0.00000      -     -    0s
     0     0    0.00000    0  688          -    0.00000      -     -    0s
     0     0    0.00000    0  672          -    0.00000      -     -    0s
     0     0    0.00000    0  580          -    0.00000      -     -    1s
     0     0    0.00000    0  632          -    0.00000      -     -    1s
     0     0    0.00000    0  544          -    0.00000      -     -    1s
     0     0    0.00000    0  591          -    0.00000      -     -    1s
     0     0    0.00000    0  528          -    0.00000      -     -    2s
     0     0    0.00000    0  547          -    0.00000      -     -    2s
     0     0    0.00000    0  531          -    0.00000      -     -    2s
     0     0    0.00000    0  558          -    0.00000      -     -    2s
     0     0    0.00000    0  526          -    0.00000      -     -    3s
     0     0    0.00000    0  549          -    0.00000      -     -    3s
H    0     0                       0.0000000    0.00000  0.00%     -    3s
     0     0    0.00000    0  435    0.00000    0.00000  0.00%     -    3s

Cutting planes:
  Cover: 1
  Zero half: 109
  RLT: 1

Explored 1 nodes (25066 simplex iterations) in 3.43 seconds (3.47 work units)
Thread count was 8 (of 8 available processors)

Solution count 1: 0 

Optimal solution found (tolerance 1.00e-04)
Best objective 0.000000000000e+00, best bound 0.000000000000e+00, gap 0.0000%

User-callback calls 698, time in user-callback 0.00 sec
Gurobi Optimizer version 11.0.0 build v11.0.0rc2 (linux64 - "Debian GNU/Linux 11 (bullseye)")

CPU model: Intel(R) Core(TM) i7-4770 CPU @ 3.40GHz, instruction set [SSE2|AVX|AVX2]
Thread count: 4 physical cores, 8 logical processors, using up to 8 threads

Academic license 2483116 - for non-commercial use only - registered to ni___@fu-berlin.de
Optimize a model with 722 rows, 1600 columns and 5776 nonzeros
Model fingerprint: 0x764018a3
Variable types: 0 continuous, 1600 integer (1600 binary)
Coefficient statistics:
  Matrix range     [1e+00, 1e+00]
  Objective range  [0e+00, 0e+00]
  Bounds range     [1e+00, 1e+00]
  RHS range        [0e+00, 0e+00]

MIP start from previous solve did not produce a new incumbent solution

Presolve removed 1 rows and 224 columns
Presolve time: 0.01s
Presolved: 721 rows, 1376 columns, 4998 nonzeros
Variable types: 0 continuous, 1376 integer (1372 binary)

Root relaxation: objective 0.000000e+00, 2443 iterations, 0.15 seconds (0.17 work units)

    Nodes    |    Current Node    |     Objective Bounds      |     Work
 Expl Unexpl |  Obj  Depth IntInf | Incumbent    BestBd   Gap | It/Node Time

     0     0    0.00000    0  527          -    0.00000      -     -    0s
     0     0    0.00000    0  675          -    0.00000      -     -    0s
     0     0    0.00000    0  668          -    0.00000      -     -    0s
     0     0    0.00000    0  579          -    0.00000      -     -    1s
     0     0    0.00000    0  590          -    0.00000      -     -    1s
     0     0    0.00000    0  501          -    0.00000      -     -    1s
     0     0    0.00000    0  522          -    0.00000      -     -    1s
     0     0    0.00000    0  358          -    0.00000      -     -    2s
     0     0    0.00000    0  402          -    0.00000      -     -    2s
     0     0    0.00000    0  375          -    0.00000      -     -    2s
     0     0    0.00000    0  495          -    0.00000      -     -    2s
     0     0    0.00000    0  207          -    0.00000      -     -    3s
     0     0    0.00000    0  238          -    0.00000      -     -    3s
     0     0    0.00000    0  233          -    0.00000      -     -    3s
     0     0    0.00000    0  233          -    0.00000      -     -    3s
     0     2    0.00000    0  233          -    0.00000      -     -    4s
    37    46    0.00000    6  657          -    0.00000      -   149    5s
   648   328 infeasible   32               -    0.00000      -   239   10s
H 1552   310                       0.0000000    0.00000  0.00%   181   13s

Cutting planes:
  Cover: 56
  Clique: 1
  Inf proof: 4
  Zero half: 51
  RLT: 4

Explored 2322 nodes (351165 simplex iterations) in 13.33 seconds (21.73 work units)
Thread count was 8 (of 8 available processors)

Solution count 1: 0 

Optimal solution found (tolerance 1.00e-04)
Best objective 0.000000000000e+00, best bound 0.000000000000e+00, gap 0.0000%

User-callback calls 6675, time in user-callback 0.00 sec
Gurobi Optimizer version 11.0.0 build v11.0.0rc2 (linux64 - "Debian GNU/Linux 11 (bullseye)")

CPU model: Intel(R) Core(TM) i7-4770 CPU @ 3.40GHz, instruction set [SSE2|AVX|AVX2]
Thread count: 4 physical cores, 8 logical processors, using up to 8 threads

Academic license 2483116 - for non-commercial use only - registered to ni___@fu-berlin.de
Optimize a model with 722 rows, 1600 columns and 5776 nonzeros
Model fingerprint: 0x54e384cb
Variable types: 0 continuous, 1600 integer (1600 binary)
Coefficient statistics:
  Matrix range     [1e+00, 1e+00]
  Objective range  [0e+00, 0e+00]
  Bounds range     [1e+00, 1e+00]
  RHS range        [0e+00, 0e+00]

MIP start from previous solve did not produce a new incumbent solution

Presolve removed 0 rows and 213 columns
Presolve time: 0.00s

Explored 0 nodes (0 simplex iterations) in 0.00 seconds (0.00 work units)
Thread count was 1 (of 8 available processors)

Solution count 0

Model is infeasible
Best objective -, best bound -, gap -

User-callback calls 37, time in user-callback 0.00 sec
Gurobi Optimizer version 11.0.0 build v11.0.0rc2 (linux64 - "Debian GNU/Linux 11 (bullseye)")

CPU model: Intel(R) Core(TM) i7-4770 CPU @ 3.40GHz, instruction set [SSE2|AVX|AVX2]
Thread count: 4 physical cores, 8 logical processors, using up to 8 threads

Academic license 2483116 - for non-commercial use only - registered to ni___@fu-berlin.de
Optimize a model with 722 rows, 1600 columns and 5776 nonzeros
Model fingerprint: 0x14ae21d4
Variable types: 0 continuous, 1600 integer (1600 binary)
Coefficient statistics:
  Matrix range     [1e+00, 1e+00]
  Objective range  [0e+00, 0e+00]
  Bounds range     [1e+00, 1e+00]
  RHS range        [0e+00, 0e+00]

MIP start from previous solve did not produce a new incumbent solution

Presolve removed 6 rows and 243 columns
Presolve time: 0.01s
Presolved: 716 rows, 1357 columns, 4918 nonzeros
Variable types: 0 continuous, 1357 integer (1354 binary)

Root relaxation: objective 0.000000e+00, 2148 iterations, 0.12 seconds (0.14 work units)

    Nodes    |    Current Node    |     Objective Bounds      |     Work
 Expl Unexpl |  Obj  Depth IntInf | Incumbent    BestBd   Gap | It/Node Time

     0     0    0.00000    0  487          -    0.00000      -     -    0s
     0     0    0.00000    0  568          -    0.00000      -     -    0s
     0     0    0.00000    0  562          -    0.00000      -     -    0s
     0     0    0.00000    0  480          -    0.00000      -     -    1s
     0     0    0.00000    0  509          -    0.00000      -     -    1s
     0     0    0.00000    0  390          -    0.00000      -     -    1s
     0     0    0.00000    0  439          -    0.00000      -     -    1s
     0     0    0.00000    0  541          -    0.00000      -     -    1s
H    0     0                       0.0000000    0.00000  0.00%     -    2s
     0     0    0.00000    0  337    0.00000    0.00000  0.00%     -    2s

Cutting planes:
  Zero half: 101
  RLT: 3

Explored 1 nodes (19990 simplex iterations) in 2.51 seconds (2.46 work units)
Thread count was 8 (of 8 available processors)

Solution count 1: 0 

Optimal solution found (tolerance 1.00e-04)
Best objective 0.000000000000e+00, best bound 0.000000000000e+00, gap 0.0000%

User-callback calls 554, time in user-callback 0.00 sec
Gurobi Optimizer version 11.0.0 build v11.0.0rc2 (linux64 - "Debian GNU/Linux 11 (bullseye)")

CPU model: Intel(R) Core(TM) i7-4770 CPU @ 3.40GHz, instruction set [SSE2|AVX|AVX2]
Thread count: 4 physical cores, 8 logical processors, using up to 8 threads

Academic license 2483116 - for non-commercial use only - registered to ni___@fu-berlin.de
Optimize a model with 722 rows, 1600 columns and 5776 nonzeros
Model fingerprint: 0xeadff456
Variable types: 0 continuous, 1600 integer (1600 binary)
Coefficient statistics:
  Matrix range     [1e+00, 1e+00]
  Objective range  [0e+00, 0e+00]
  Bounds range     [1e+00, 1e+00]
  RHS range        [0e+00, 0e+00]

MIP start from previous solve did not produce a new incumbent solution

Presolve removed 2 rows and 224 columns
Presolve time: 0.01s
Presolved: 720 rows, 1376 columns, 4977 nonzeros
Variable types: 0 continuous, 1376 integer (1375 binary)

Root relaxation: objective 0.000000e+00, 2178 iterations, 0.13 seconds (0.14 work units)

    Nodes    |    Current Node    |     Objective Bounds      |     Work
 Expl Unexpl |  Obj  Depth IntInf | Incumbent    BestBd   Gap | It/Node Time

     0     0    0.00000    0  539          -    0.00000      -     -    0s
     0     0    0.00000    0  639          -    0.00000      -     -    0s
     0     0    0.00000    0  631          -    0.00000      -     -    0s
     0     0    0.00000    0  433          -    0.00000      -     -    1s
H    0     0                       0.0000000    0.00000  0.00%     -    1s
     0     0    0.00000    0  496    0.00000    0.00000  0.00%     -    1s

Cutting planes:
  Gomory: 2
  Clique: 2
  Zero half: 107
  RLT: 4

Explored 1 nodes (13919 simplex iterations) in 1.81 seconds (1.77 work units)
Thread count was 8 (of 8 available processors)

Solution count 1: 0 

Optimal solution found (tolerance 1.00e-04)
Best objective 0.000000000000e+00, best bound 0.000000000000e+00, gap 0.0000%

User-callback calls 490, time in user-callback 0.00 sec
Gurobi Optimizer version 11.0.0 build v11.0.0rc2 (linux64 - "Debian GNU/Linux 11 (bullseye)")

CPU model: Intel(R) Core(TM) i7-4770 CPU @ 3.40GHz, instruction set [SSE2|AVX|AVX2]
Thread count: 4 physical cores, 8 logical processors, using up to 8 threads

Academic license 2483116 - for non-commercial use only - registered to ni___@fu-berlin.de
Optimize a model with 722 rows, 1600 columns and 5776 nonzeros
Model fingerprint: 0xa6d9a828
Variable types: 0 continuous, 1600 integer (1600 binary)
Coefficient statistics:
  Matrix range     [1e+00, 1e+00]
  Objective range  [0e+00, 0e+00]
  Bounds range     [1e+00, 1e+00]
  RHS range        [0e+00, 0e+00]

MIP start from previous solve did not produce a new incumbent solution

Presolve removed 3 rows and 237 columns
Presolve time: 0.01s
Presolved: 719 rows, 1363 columns, 4952 nonzeros
Variable types: 0 continuous, 1363 integer (1358 binary)

Root relaxation: objective 0.000000e+00, 2088 iterations, 0.12 seconds (0.14 work units)

    Nodes    |    Current Node    |     Objective Bounds      |     Work
 Expl Unexpl |  Obj  Depth IntInf | Incumbent    BestBd   Gap | It/Node Time

     0     0    0.00000    0  550          -    0.00000      -     -    0s
     0     0    0.00000    0  639          -    0.00000      -     -    0s
     0     0    0.00000    0  625          -    0.00000      -     -    0s
     0     0    0.00000    0  490          -    0.00000      -     -    1s
     0     0    0.00000    0  555          -    0.00000      -     -    1s
     0     0    0.00000    0  478          -    0.00000      -     -    1s
     0     0    0.00000    0  503          -    0.00000      -     -    1s
     0     0    0.00000    0  558          -    0.00000      -     -    1s
     0     0    0.00000    0  608          -    0.00000      -     -    1s
     0     0    0.00000    0  432          -    0.00000      -     -    2s
     0     0    0.00000    0  457          -    0.00000      -     -    2s
     0     0    0.00000    0  444          -    0.00000      -     -    3s
     0     0    0.00000    0  535          -    0.00000      -     -    3s
     0     0    0.00000    0  519          -    0.00000      -     -    3s
     0     0    0.00000    0  519          -    0.00000      -     -    3s
     0     2    0.00000    0  502          -    0.00000      -     -    4s
   133   276    0.00000   20  651          -    0.00000      -  65.0    5s
  6471   700 infeasible   79               -    0.00000      -  50.7   10s
H 7048   668                       0.0000000    0.00000  0.00%  49.9   13s

Cutting planes:
  Gomory: 4
  Clique: 3
  Flow cover: 2
  Zero half: 90
  RLT: 3

Explored 7048 nodes (394975 simplex iterations) in 13.44 seconds (18.39 work units)
Thread count was 8 (of 8 available processors)

Solution count 1: 0 

Optimal solution found (tolerance 1.00e-04)
Best objective 0.000000000000e+00, best bound 0.000000000000e+00, gap 0.0000%

User-callback calls 15769, time in user-callback 0.03 sec
Gurobi Optimizer version 11.0.0 build v11.0.0rc2 (linux64 - "Debian GNU/Linux 11 (bullseye)")

CPU model: Intel(R) Core(TM) i7-4770 CPU @ 3.40GHz, instruction set [SSE2|AVX|AVX2]
Thread count: 4 physical cores, 8 logical processors, using up to 8 threads

Academic license 2483116 - for non-commercial use only - registered to ni___@fu-berlin.de
Optimize a model with 722 rows, 1600 columns and 5776 nonzeros
Model fingerprint: 0xf39f1df6
Variable types: 0 continuous, 1600 integer (1600 binary)
Coefficient statistics:
  Matrix range     [1e+00, 1e+00]
  Objective range  [0e+00, 0e+00]
  Bounds range     [1e+00, 1e+00]
  RHS range        [0e+00, 0e+00]

MIP start from previous solve did not produce a new incumbent solution

Presolve removed 0 rows and 222 columns
Presolve time: 0.00s

Explored 0 nodes (0 simplex iterations) in 0.07 seconds (0.00 work units)
Thread count was 1 (of 8 available processors)

Solution count 0

Model is infeasible
Best objective -, best bound -, gap -

User-callback calls 37, time in user-callback 0.00 sec
Gurobi Optimizer version 11.0.0 build v11.0.0rc2 (linux64 - "Debian GNU/Linux 11 (bullseye)")

CPU model: Intel(R) Core(TM) i7-4770 CPU @ 3.40GHz, instruction set [SSE2|AVX|AVX2]
Thread count: 4 physical cores, 8 logical processors, using up to 8 threads

Academic license 2483116 - for non-commercial use only - registered to ni___@fu-berlin.de
Optimize a model with 722 rows, 1600 columns and 5776 nonzeros
Model fingerprint: 0x9b06cb62
Variable types: 0 continuous, 1600 integer (1600 binary)
Coefficient statistics:
  Matrix range     [1e+00, 1e+00]
  Objective range  [0e+00, 0e+00]
  Bounds range     [1e+00, 1e+00]
  RHS range        [0e+00, 0e+00]

MIP start from previous solve did not produce a new incumbent solution

Presolve removed 2 rows and 223 columns
Presolve time: 0.01s
Presolved: 720 rows, 1377 columns, 5014 nonzeros
Variable types: 0 continuous, 1377 integer (1373 binary)

Root relaxation: objective 0.000000e+00, 2048 iterations, 0.11 seconds (0.13 work units)

    Nodes    |    Current Node    |     Objective Bounds      |     Work
 Expl Unexpl |  Obj  Depth IntInf | Incumbent    BestBd   Gap | It/Node Time

     0     0    0.00000    0  482          -    0.00000      -     -    0s
     0     0    0.00000    0  683          -    0.00000      -     -    0s
     0     0    0.00000    0  662          -    0.00000      -     -    0s
     0     0    0.00000    0  504          -    0.00000      -     -    1s
     0     0    0.00000    0  564          -    0.00000      -     -    1s
H    0     0                       0.0000000    0.00000  0.00%     -    1s
     0     0    0.00000    0  530    0.00000    0.00000  0.00%     -    1s

Cutting planes:
  Clique: 2
  Inf proof: 1
  Zero half: 94
  RLT: 1

Explored 1 nodes (12555 simplex iterations) in 1.70 seconds (1.63 work units)
Thread count was 8 (of 8 available processors)

Solution count 1: 0 

Optimal solution found (tolerance 1.00e-04)
Best objective 0.000000000000e+00, best bound 0.000000000000e+00, gap 0.0000%

User-callback calls 552, time in user-callback 0.00 sec
Gurobi Optimizer version 11.0.0 build v11.0.0rc2 (linux64 - "Debian GNU/Linux 11 (bullseye)")

CPU model: Intel(R) Core(TM) i7-4770 CPU @ 3.40GHz, instruction set [SSE2|AVX|AVX2]
Thread count: 4 physical cores, 8 logical processors, using up to 8 threads

Academic license 2483116 - for non-commercial use only - registered to ni___@fu-berlin.de
Optimize a model with 722 rows, 1600 columns and 5776 nonzeros
Model fingerprint: 0x2202d2be
Variable types: 0 continuous, 1600 integer (1600 binary)
Coefficient statistics:
  Matrix range     [1e+00, 1e+00]
  Objective range  [0e+00, 0e+00]
  Bounds range     [1e+00, 1e+00]
  RHS range        [0e+00, 0e+00]

MIP start from previous solve did not produce a new incumbent solution

Presolve removed 2 rows and 227 columns
Presolve time: 0.01s
Presolved: 720 rows, 1373 columns, 4949 nonzeros
Variable types: 0 continuous, 1373 integer (1370 binary)

Root relaxation: objective 0.000000e+00, 2245 iterations, 0.17 seconds (0.15 work units)

    Nodes    |    Current Node    |     Objective Bounds      |     Work
 Expl Unexpl |  Obj  Depth IntInf | Incumbent    BestBd   Gap | It/Node Time

     0     0    0.00000    0  555          -    0.00000      -     -    0s
     0     0    0.00000    0  669          -    0.00000      -     -    0s
     0     0    0.00000    0  661          -    0.00000      -     -    0s
     0     0    0.00000    0  325          -    0.00000      -     -    1s
     0     0    0.00000    0  380          -    0.00000      -     -    1s
     0     0    0.00000    0  321          -    0.00000      -     -    1s
     0     0    0.00000    0  328          -    0.00000      -     -    1s
     0     0    0.00000    0  256          -    0.00000      -     -    1s
     0     0    0.00000    0  328          -    0.00000      -     -    1s
     0     0    0.00000    0  330          -    0.00000      -     -    2s
     0     0    0.00000    0  405          -    0.00000      -     -    2s
     0     0    0.00000    0  440          -    0.00000      -     -    2s
     0     0    0.00000    0  561          -    0.00000      -     -    2s
     0     0    0.00000    0  288          -    0.00000      -     -    3s
     0     0    0.00000    0  288          -    0.00000      -     -    3s
     0     2    0.00000    0  288          -    0.00000      -     -    4s
    36    49    0.00000    6  648          -    0.00000      -   247    5s
   820   552    0.00000   21  616          -    0.00000      -   209   10s

Cutting planes:
  Gomory: 5
  Clique: 2
  Flow cover: 1
  Zero half: 107
  RLT: 6

Explored 2169 nodes (348529 simplex iterations) in 15.00 seconds (22.88 work units)
Thread count was 8 (of 8 available processors)

Solution count 0

Time limit reached
Best objective -, best bound 0.000000000000e+00, gap -

User-callback calls 6111, time in user-callback 0.00 sec
Gurobi Optimizer version 11.0.0 build v11.0.0rc2 (linux64 - "Debian GNU/Linux 11 (bullseye)")

CPU model: Intel(R) Core(TM) i7-4770 CPU @ 3.40GHz, instruction set [SSE2|AVX|AVX2]
Thread count: 4 physical cores, 8 logical processors, using up to 8 threads

Academic license 2483116 - for non-commercial use only - registered to ni___@fu-berlin.de
Optimize a model with 722 rows, 1600 columns and 5776 nonzeros
Model fingerprint: 0x68f82b78
Variable types: 0 continuous, 1600 integer (1600 binary)
Coefficient statistics:
  Matrix range     [1e+00, 1e+00]
  Objective range  [0e+00, 0e+00]
  Bounds range     [1e+00, 1e+00]
  RHS range        [0e+00, 0e+00]

MIP start from previous solve did not produce a new incumbent solution

Presolve removed 26 rows and 334 columns
Presolve time: 0.01s

Explored 0 nodes (0 simplex iterations) in 0.06 seconds (0.01 work units)
Thread count was 1 (of 8 available processors)

Solution count 0

Model is infeasible
Best objective -, best bound -, gap -

User-callback calls 276, time in user-callback 0.00 sec
Gurobi Optimizer version 11.0.0 build v11.0.0rc2 (linux64 - "Debian GNU/Linux 11 (bullseye)")

CPU model: Intel(R) Core(TM) i7-4770 CPU @ 3.40GHz, instruction set [SSE2|AVX|AVX2]
Thread count: 4 physical cores, 8 logical processors, using up to 8 threads

Academic license 2483116 - for non-commercial use only - registered to ni___@fu-berlin.de
Optimize a model with 722 rows, 1600 columns and 5776 nonzeros
Model fingerprint: 0x33595ba5
Variable types: 0 continuous, 1600 integer (1600 binary)
Coefficient statistics:
  Matrix range     [1e+00, 1e+00]
  Objective range  [0e+00, 0e+00]
  Bounds range     [1e+00, 1e+00]
  RHS range        [0e+00, 0e+00]

MIP start from previous solve did not produce a new incumbent solution

Presolve removed 0 rows and 223 columns
Presolve time: 0.01s
Presolved: 722 rows, 1377 columns, 4997 nonzeros
Variable types: 0 continuous, 1377 integer (1373 binary)

Root relaxation: objective 0.000000e+00, 2292 iterations, 0.14 seconds (0.16 work units)

    Nodes    |    Current Node    |     Objective Bounds      |     Work
 Expl Unexpl |  Obj  Depth IntInf | Incumbent    BestBd   Gap | It/Node Time

     0     0    0.00000    0  513          -    0.00000      -     -    0s
     0     0    0.00000    0  640          -    0.00000      -     -    0s
     0     0    0.00000    0  667          -    0.00000      -     -    0s
     0     0    0.00000    0  517          -    0.00000      -     -    1s
     0     0    0.00000    0  557          -    0.00000      -     -    1s
     0     0    0.00000    0  433          -    0.00000      -     -    1s
     0     0    0.00000    0  523          -    0.00000      -     -    1s
     0     0    0.00000    0  607          -    0.00000      -     -    2s
     0     0    0.00000    0  566          -    0.00000      -     -    2s
     0     0    0.00000    0  348          -    0.00000      -     -    2s
     0     0    0.00000    0  439          -    0.00000      -     -    2s
     0     0    0.00000    0  457          -    0.00000      -     -    3s
     0     0    0.00000    0  524          -    0.00000      -     -    3s
     0     0    0.00000    0  419          -    0.00000      -     -    3s
     0     0    0.00000    0  480          -    0.00000      -     -    3s
     0     0    0.00000    0  442          -    0.00000      -     -    4s
     0     0    0.00000    0  442          -    0.00000      -     -    4s
     0     2    0.00000    0  321          -    0.00000      -     -    5s
  6247   582    0.00000   25  483          -    0.00000      -  30.0   10s
H 6250   554                       0.0000000    0.00000  0.00%  30.0   12s

Cutting planes:
  Gomory: 6
  Flow cover: 1
  Zero half: 123
  RLT: 7

Explored 6250 nodes (236167 simplex iterations) in 12.09 seconds (14.77 work units)
Thread count was 8 (of 8 available processors)

Solution count 1: 0 

Optimal solution found (tolerance 1.00e-04)
Best objective 0.000000000000e+00, best bound 0.000000000000e+00, gap 0.0000%

User-callback calls 13947, time in user-callback 0.00 sec
Gurobi Optimizer version 11.0.0 build v11.0.0rc2 (linux64 - "Debian GNU/Linux 11 (bullseye)")

CPU model: Intel(R) Core(TM) i7-4770 CPU @ 3.40GHz, instruction set [SSE2|AVX|AVX2]
Thread count: 4 physical cores, 8 logical processors, using up to 8 threads

Academic license 2483116 - for non-commercial use only - registered to ni___@fu-berlin.de
Optimize a model with 722 rows, 1600 columns and 5776 nonzeros
Model fingerprint: 0x6e6d5528
Variable types: 0 continuous, 1600 integer (1600 binary)
Coefficient statistics:
  Matrix range     [1e+00, 1e+00]
  Objective range  [0e+00, 0e+00]
  Bounds range     [1e+00, 1e+00]
  RHS range        [0e+00, 0e+00]

MIP start from previous solve did not produce a new incumbent solution

Presolve removed 10 rows and 248 columns
Presolve time: 0.01s
Presolved: 712 rows, 1352 columns, 4903 nonzeros
Variable types: 0 continuous, 1352 integer (1349 binary)

Root relaxation: infeasible, 903 iterations, 0.02 seconds (0.01 work units)

    Nodes    |    Current Node    |     Objective Bounds      |     Work
 Expl Unexpl |  Obj  Depth IntInf | Incumbent    BestBd   Gap | It/Node Time

     0     0 infeasible    0               - infeasible      -     -    0s

Explored 1 nodes (903 simplex iterations) in 0.09 seconds (0.03 work units)
Thread count was 8 (of 8 available processors)

Solution count 0

Model is infeasible
Best objective -, best bound -, gap -

User-callback calls 370, time in user-callback 0.00 sec
Gurobi Optimizer version 11.0.0 build v11.0.0rc2 (linux64 - "Debian GNU/Linux 11 (bullseye)")

CPU model: Intel(R) Core(TM) i7-4770 CPU @ 3.40GHz, instruction set [SSE2|AVX|AVX2]
Thread count: 4 physical cores, 8 logical processors, using up to 8 threads

Academic license 2483116 - for non-commercial use only - registered to ni___@fu-berlin.de
Optimize a model with 722 rows, 1600 columns and 5776 nonzeros
Model fingerprint: 0xdd0b098d
Variable types: 0 continuous, 1600 integer (1600 binary)
Coefficient statistics:
  Matrix range     [1e+00, 1e+00]
  Objective range  [0e+00, 0e+00]
  Bounds range     [1e+00, 1e+00]
  RHS range        [0e+00, 0e+00]

MIP start from previous solve did not produce a new incumbent solution

Presolve removed 3 rows and 233 columns
Presolve time: 0.01s
Presolved: 719 rows, 1367 columns, 4955 nonzeros
Variable types: 0 continuous, 1367 integer (1364 binary)

Root relaxation: objective 0.000000e+00, 2380 iterations, 0.15 seconds (0.16 work units)

    Nodes    |    Current Node    |     Objective Bounds      |     Work
 Expl Unexpl |  Obj  Depth IntInf | Incumbent    BestBd   Gap | It/Node Time

     0     0    0.00000    0  569          -    0.00000      -     -    0s
     0     0    0.00000    0  662          -    0.00000      -     -    0s
     0     0    0.00000    0  495          -    0.00000      -     -    1s
     0     0    0.00000    0  561          -    0.00000      -     -    1s
     0     0    0.00000    0  447          -    0.00000      -     -    1s
     0     0    0.00000    0  497          -    0.00000      -     -    2s
     0     0    0.00000    0  514          -    0.00000      -     -    2s
     0     0    0.00000    0  450          -    0.00000      -     -    2s
     0     0    0.00000    0  391          -    0.00000      -     -    2s
     0     2    0.00000    0  391          -    0.00000      -     -    3s
   751   535 infeasible   54               -    0.00000      -  53.7    5s
  7516   727    0.00000   75  344          -    0.00000      -  46.9   10s

Cutting planes:
  Gomory: 5
  Cover: 1
  Flow cover: 1
  Zero half: 92
  RLT: 2

Explored 10428 nodes (555987 simplex iterations) in 15.07 seconds (23.07 work units)
Thread count was 8 (of 8 available processors)

Solution count 0

Time limit reached
Best objective -, best bound 0.000000000000e+00, gap -

User-callback calls 22226, time in user-callback 0.00 sec
Gurobi Optimizer version 11.0.0 build v11.0.0rc2 (linux64 - "Debian GNU/Linux 11 (bullseye)")

CPU model: Intel(R) Core(TM) i7-4770 CPU @ 3.40GHz, instruction set [SSE2|AVX|AVX2]
Thread count: 4 physical cores, 8 logical processors, using up to 8 threads

Academic license 2483116 - for non-commercial use only - registered to ni___@fu-berlin.de
Optimize a model with 722 rows, 1600 columns and 5776 nonzeros
Model fingerprint: 0x0866f846
Variable types: 0 continuous, 1600 integer (1600 binary)
Coefficient statistics:
  Matrix range     [1e+00, 1e+00]
  Objective range  [0e+00, 0e+00]
  Bounds range     [1e+00, 1e+00]
  RHS range        [0e+00, 0e+00]

MIP start from previous solve did not produce a new incumbent solution

Presolve removed 1 rows and 225 columns
Presolve time: 0.01s
Presolved: 721 rows, 1375 columns, 4997 nonzeros
Variable types: 0 continuous, 1375 integer (1371 binary)

Root relaxation: objective 0.000000e+00, 2178 iterations, 0.13 seconds (0.14 work units)

    Nodes    |    Current Node    |     Objective Bounds      |     Work
 Expl Unexpl |  Obj  Depth IntInf | Incumbent    BestBd   Gap | It/Node Time

     0     0    0.00000    0  503          -    0.00000      -     -    0s
     0     0    0.00000    0  631          -    0.00000      -     -    0s
     0     0    0.00000    0  622          -    0.00000      -     -    0s
     0     0    0.00000    0  531          -    0.00000      -     -    1s
     0     0    0.00000    0  558          -    0.00000      -     -    1s
H    0     0                       0.0000000    0.00000  0.00%     -    1s
     0     0    0.00000    0  350    0.00000    0.00000  0.00%     -    1s

Cutting planes:
  Clique: 3
  Zero half: 100
  RLT: 6

Explored 1 nodes (14807 simplex iterations) in 1.98 seconds (1.88 work units)
Thread count was 8 (of 8 available processors)

Solution count 1: 0 

Optimal solution found (tolerance 1.00e-04)
Best objective 0.000000000000e+00, best bound 0.000000000000e+00, gap 0.0000%

User-callback calls 434, time in user-callback 0.00 sec
Gurobi Optimizer version 11.0.0 build v11.0.0rc2 (linux64 - "Debian GNU/Linux 11 (bullseye)")

CPU model: Intel(R) Core(TM) i7-4770 CPU @ 3.40GHz, instruction set [SSE2|AVX|AVX2]
Thread count: 4 physical cores, 8 logical processors, using up to 8 threads

Academic license 2483116 - for non-commercial use only - registered to ni___@fu-berlin.de
Optimize a model with 722 rows, 1600 columns and 5776 nonzeros
Model fingerprint: 0x17b2f3b9
Variable types: 0 continuous, 1600 integer (1600 binary)
Coefficient statistics:
  Matrix range     [1e+00, 1e+00]
  Objective range  [0e+00, 0e+00]
  Bounds range     [1e+00, 1e+00]
  RHS range        [0e+00, 0e+00]

MIP start from previous solve did not produce a new incumbent solution

Presolve removed 4 rows and 237 columns
Presolve time: 0.01s
Presolved: 718 rows, 1363 columns, 4972 nonzeros
Variable types: 0 continuous, 1363 integer (1359 binary)

Root relaxation: objective 0.000000e+00, 2177 iterations, 0.15 seconds (0.14 work units)

    Nodes    |    Current Node    |     Objective Bounds      |     Work
 Expl Unexpl |  Obj  Depth IntInf | Incumbent    BestBd   Gap | It/Node Time

     0     0    0.00000    0  511          -    0.00000      -     -    0s
     0     0    0.00000    0  640          -    0.00000      -     -    0s
     0     0    0.00000    0  641          -    0.00000      -     -    0s
     0     0    0.00000    0  443          -    0.00000      -     -    1s
H    0     0                       0.0000000    0.00000  0.00%     -    1s
     0     0    0.00000    0  447    0.00000    0.00000  0.00%     -    1s

Cutting planes:
  Cover: 1
  Clique: 1
  Zero half: 85

Explored 1 nodes (12881 simplex iterations) in 1.67 seconds (1.59 work units)
Thread count was 8 (of 8 available processors)

Solution count 1: 0 

Optimal solution found (tolerance 1.00e-04)
Best objective 0.000000000000e+00, best bound 0.000000000000e+00, gap 0.0000%

User-callback calls 494, time in user-callback 0.00 sec
Gurobi Optimizer version 11.0.0 build v11.0.0rc2 (linux64 - "Debian GNU/Linux 11 (bullseye)")

CPU model: Intel(R) Core(TM) i7-4770 CPU @ 3.40GHz, instruction set [SSE2|AVX|AVX2]
Thread count: 4 physical cores, 8 logical processors, using up to 8 threads

Academic license 2483116 - for non-commercial use only - registered to ni___@fu-berlin.de
Optimize a model with 722 rows, 1600 columns and 5776 nonzeros
Model fingerprint: 0x68147b3d
Variable types: 0 continuous, 1600 integer (1600 binary)
Coefficient statistics:
  Matrix range     [1e+00, 1e+00]
  Objective range  [0e+00, 0e+00]
  Bounds range     [1e+00, 1e+00]
  RHS range        [0e+00, 0e+00]

MIP start from previous solve did not produce a new incumbent solution

Presolve removed 9 rows and 251 columns
Presolve time: 0.01s
Presolved: 713 rows, 1349 columns, 4881 nonzeros
Variable types: 0 continuous, 1349 integer (1346 binary)

Root relaxation: objective 0.000000e+00, 2045 iterations, 0.12 seconds (0.14 work units)

    Nodes    |    Current Node    |     Objective Bounds      |     Work
 Expl Unexpl |  Obj  Depth IntInf | Incumbent    BestBd   Gap | It/Node Time

     0     0    0.00000    0  448          -    0.00000      -     -    0s
     0     0    0.00000    0  633          -    0.00000      -     -    0s
     0     0    0.00000    0  516          -    0.00000      -     -    1s
     0     0    0.00000    0  562          -    0.00000      -     -    1s
     0     0    0.00000    0  440          -    0.00000      -     -    1s
     0     0    0.00000    0  439          -    0.00000      -     -    1s
     0     0    0.00000    0  565          -    0.00000      -     -    1s
     0     0    0.00000    0  626          -    0.00000      -     -    1s
     0     0    0.00000    0  503          -    0.00000      -     -    2s
     0     0    0.00000    0  560          -    0.00000      -     -    2s
     0     0    0.00000    0  619          -    0.00000      -     -    2s
     0     0    0.00000    0  484          -    0.00000      -     -    2s
     0     2    0.00000    0  484          -    0.00000      -     -    3s
  1367   527    0.00000   71  274          -    0.00000      -  39.8    5s
  8430   460    0.00000   58  515          -    0.00000      -  39.1   10s
H 8432   437                       0.0000000    0.00000  0.00%  39.1   11s

Cutting planes:
  Gomory: 4
  Cover: 1
  Flow cover: 4
  Zero half: 112
  RLT: 3

Explored 8432 nodes (369113 simplex iterations) in 11.93 seconds (15.67 work units)
Thread count was 8 (of 8 available processors)

Solution count 1: 0 

Optimal solution found (tolerance 1.00e-04)
Best objective 0.000000000000e+00, best bound 0.000000000000e+00, gap 0.0000%

User-callback calls 18310, time in user-callback 0.00 sec
Gurobi Optimizer version 11.0.0 build v11.0.0rc2 (linux64 - "Debian GNU/Linux 11 (bullseye)")

CPU model: Intel(R) Core(TM) i7-4770 CPU @ 3.40GHz, instruction set [SSE2|AVX|AVX2]
Thread count: 4 physical cores, 8 logical processors, using up to 8 threads

Academic license 2483116 - for non-commercial use only - registered to ni___@fu-berlin.de
Optimize a model with 722 rows, 1600 columns and 5776 nonzeros
Model fingerprint: 0x26036026
Variable types: 0 continuous, 1600 integer (1600 binary)
Coefficient statistics:
  Matrix range     [1e+00, 1e+00]
  Objective range  [0e+00, 0e+00]
  Bounds range     [1e+00, 1e+00]
  RHS range        [0e+00, 0e+00]

MIP start from previous solve did not produce a new incumbent solution

Presolve removed 5 rows and 244 columns
Presolve time: 0.01s
Presolved: 717 rows, 1356 columns, 4921 nonzeros
Variable types: 0 continuous, 1356 integer (1353 binary)

Root relaxation: objective 0.000000e+00, 2042 iterations, 0.11 seconds (0.13 work units)

    Nodes    |    Current Node    |     Objective Bounds      |     Work
 Expl Unexpl |  Obj  Depth IntInf | Incumbent    BestBd   Gap | It/Node Time

     0     0    0.00000    0  577          -    0.00000      -     -    0s
     0     0    0.00000    0  695          -    0.00000      -     -    0s
     0     0    0.00000    0  684          -    0.00000      -     -    0s
     0     0    0.00000    0  618          -    0.00000      -     -    1s
     0     0    0.00000    0  637          -    0.00000      -     -    1s
     0     0    0.00000    0  580          -    0.00000      -     -    1s
     0     0    0.00000    0  603          -    0.00000      -     -    1s
     0     0    0.00000    0  436          -    0.00000      -     -    2s
     0     0    0.00000    0  438          -    0.00000      -     -    2s
     0     0    0.00000    0  399          -    0.00000      -     -    2s
     0     0    0.00000    0  399          -    0.00000      -     -    2s
     0     2    0.00000    0  398          -    0.00000      -     -    3s
  1624   342 infeasible   81               -    0.00000      -  30.7    5s
H 3815   437                       0.0000000    0.00000  0.00%  31.3    8s

Cutting planes:
  Gomory: 3
  Clique: 3
  Flow cover: 1
  Zero half: 96
  RLT: 2

Explored 3815 nodes (152412 simplex iterations) in 8.74 seconds (11.46 work units)
Thread count was 8 (of 8 available processors)

Solution count 1: 0 

Optimal solution found (tolerance 1.00e-04)
Best objective 0.000000000000e+00, best bound 0.000000000000e+00, gap 0.0000%

User-callback calls 9053, time in user-callback 0.00 sec
Gurobi Optimizer version 11.0.0 build v11.0.0rc2 (linux64 - "Debian GNU/Linux 11 (bullseye)")

CPU model: Intel(R) Core(TM) i7-4770 CPU @ 3.40GHz, instruction set [SSE2|AVX|AVX2]
Thread count: 4 physical cores, 8 logical processors, using up to 8 threads

Academic license 2483116 - for non-commercial use only - registered to ni___@fu-berlin.de
Optimize a model with 722 rows, 1600 columns and 5776 nonzeros
Model fingerprint: 0x29e4eacf
Variable types: 0 continuous, 1600 integer (1600 binary)
Coefficient statistics:
  Matrix range     [1e+00, 1e+00]
  Objective range  [0e+00, 0e+00]
  Bounds range     [1e+00, 1e+00]
  RHS range        [0e+00, 0e+00]

MIP start from previous solve did not produce a new incumbent solution

Presolve removed 0 rows and 216 columns
Presolve time: 0.00s

Explored 0 nodes (0 simplex iterations) in 0.06 seconds (0.00 work units)
Thread count was 1 (of 8 available processors)

Solution count 0

Model is infeasible
Best objective -, best bound -, gap -

User-callback calls 37, time in user-callback 0.00 sec
Gurobi Optimizer version 11.0.0 build v11.0.0rc2 (linux64 - "Debian GNU/Linux 11 (bullseye)")

CPU model: Intel(R) Core(TM) i7-4770 CPU @ 3.40GHz, instruction set [SSE2|AVX|AVX2]
Thread count: 4 physical cores, 8 logical processors, using up to 8 threads

Academic license 2483116 - for non-commercial use only - registered to ni___@fu-berlin.de
Optimize a model with 722 rows, 1600 columns and 5776 nonzeros
Model fingerprint: 0xc584e38b
Variable types: 0 continuous, 1600 integer (1600 binary)
Coefficient statistics:
  Matrix range     [1e+00, 1e+00]
  Objective range  [0e+00, 0e+00]
  Bounds range     [1e+00, 1e+00]
  RHS range        [0e+00, 0e+00]

MIP start from previous solve did not produce a new incumbent solution

Presolve removed 17 rows and 259 columns
Presolve time: 0.01s
Presolved: 705 rows, 1341 columns, 4867 nonzeros
Variable types: 0 continuous, 1341 integer (1338 binary)

Root relaxation: objective 0.000000e+00, 1945 iterations, 0.10 seconds (0.11 work units)

    Nodes    |    Current Node    |     Objective Bounds      |     Work
 Expl Unexpl |  Obj  Depth IntInf | Incumbent    BestBd   Gap | It/Node Time

     0     0    0.00000    0  595          -    0.00000      -     -    0s
     0     0    0.00000    0  650          -    0.00000      -     -    0s
     0     0    0.00000    0  520          -    0.00000      -     -    1s
     0     0    0.00000    0  567          -    0.00000      -     -    1s
     0     0    0.00000    0  576          -    0.00000      -     -    1s
     0     0    0.00000    0  508          -    0.00000      -     -    2s
     0     0    0.00000    0  502          -    0.00000      -     -    2s
     0     0    0.00000    0  550          -    0.00000      -     -    2s
     0     0    0.00000    0  581          -    0.00000      -     -    2s
     0     0    0.00000    0  470          -    0.00000      -     -    3s
     0     0    0.00000    0  458          -    0.00000      -     -    3s
     0     2    0.00000    0  458          -    0.00000      -     -    4s
   638   315    0.00000   51  437          -    0.00000      -  53.2    5s
H 3290   398                       0.0000000    0.00000  0.00%  56.2    9s

Cutting planes:
  Gomory: 4
  Clique: 1
  Flow cover: 4
  Zero half: 112
  RLT: 1

Explored 3290 nodes (224066 simplex iterations) in 9.61 seconds (12.20 work units)
Thread count was 8 (of 8 available processors)

Solution count 1: 0 

Optimal solution found (tolerance 1.00e-04)
Best objective 0.000000000000e+00, best bound 0.000000000000e+00, gap 0.0000%

User-callback calls 8110, time in user-callback 0.00 sec
Gurobi Optimizer version 11.0.0 build v11.0.0rc2 (linux64 - "Debian GNU/Linux 11 (bullseye)")

CPU model: Intel(R) Core(TM) i7-4770 CPU @ 3.40GHz, instruction set [SSE2|AVX|AVX2]
Thread count: 4 physical cores, 8 logical processors, using up to 8 threads

Academic license 2483116 - for non-commercial use only - registered to ni___@fu-berlin.de
Optimize a model with 722 rows, 1600 columns and 5776 nonzeros
Model fingerprint: 0x92d01174
Variable types: 0 continuous, 1600 integer (1600 binary)
Coefficient statistics:
  Matrix range     [1e+00, 1e+00]
  Objective range  [0e+00, 0e+00]
  Bounds range     [1e+00, 1e+00]
  RHS range        [0e+00, 0e+00]

MIP start from previous solve did not produce a new incumbent solution

Presolve removed 0 rows and 218 columns
Presolve time: 0.00s

Explored 0 nodes (0 simplex iterations) in 0.07 seconds (0.00 work units)
Thread count was 1 (of 8 available processors)

Solution count 0

Model is infeasible
Best objective -, best bound -, gap -

User-callback calls 37, time in user-callback 0.00 sec
Gurobi Optimizer version 11.0.0 build v11.0.0rc2 (linux64 - "Debian GNU/Linux 11 (bullseye)")

CPU model: Intel(R) Core(TM) i7-4770 CPU @ 3.40GHz, instruction set [SSE2|AVX|AVX2]
Thread count: 4 physical cores, 8 logical processors, using up to 8 threads

Academic license 2483116 - for non-commercial use only - registered to ni___@fu-berlin.de
Optimize a model with 722 rows, 1600 columns and 5776 nonzeros
Model fingerprint: 0x4086ba35
Variable types: 0 continuous, 1600 integer (1600 binary)
Coefficient statistics:
  Matrix range     [1e+00, 1e+00]
  Objective range  [0e+00, 0e+00]
  Bounds range     [1e+00, 1e+00]
  RHS range        [0e+00, 0e+00]

MIP start from previous solve did not produce a new incumbent solution

Presolve removed 0 rows and 213 columns
Presolve time: 0.00s

Explored 0 nodes (0 simplex iterations) in 0.08 seconds (0.00 work units)
Thread count was 1 (of 8 available processors)

Solution count 0

Model is infeasible
Best objective -, best bound -, gap -

User-callback calls 37, time in user-callback 0.00 sec
Gurobi Optimizer version 11.0.0 build v11.0.0rc2 (linux64 - "Debian GNU/Linux 11 (bullseye)")

CPU model: Intel(R) Core(TM) i7-4770 CPU @ 3.40GHz, instruction set [SSE2|AVX|AVX2]
Thread count: 4 physical cores, 8 logical processors, using up to 8 threads

Academic license 2483116 - for non-commercial use only - registered to ni___@fu-berlin.de
Optimize a model with 722 rows, 1600 columns and 5776 nonzeros
Model fingerprint: 0xdd586fde
Variable types: 0 continuous, 1600 integer (1600 binary)
Coefficient statistics:
  Matrix range     [1e+00, 1e+00]
  Objective range  [0e+00, 0e+00]
  Bounds range     [1e+00, 1e+00]
  RHS range        [0e+00, 0e+00]

MIP start from previous solve did not produce a new incumbent solution

Presolve removed 0 rows and 223 columns
Presolve time: 0.01s
Presolved: 722 rows, 1377 columns, 4989 nonzeros
Variable types: 0 continuous, 1377 integer (1373 binary)

Root relaxation: objective 0.000000e+00, 2106 iterations, 0.12 seconds (0.13 work units)

    Nodes    |    Current Node    |     Objective Bounds      |     Work
 Expl Unexpl |  Obj  Depth IntInf | Incumbent    BestBd   Gap | It/Node Time

     0     0    0.00000    0  417          -    0.00000      -     -    0s
     0     0    0.00000    0  595          -    0.00000      -     -    0s
     0     0    0.00000    0  590          -    0.00000      -     -    0s
     0     0    0.00000    0  455          -    0.00000      -     -    1s
     0     0    0.00000    0  604          -    0.00000      -     -    1s
     0     0    0.00000    0  511          -    0.00000      -     -    1s
     0     0    0.00000    0  627          -    0.00000      -     -    1s
     0     0    0.00000    0  472          -    0.00000      -     -    1s
     0     0    0.00000    0  556          -    0.00000      -     -    1s
     0     0    0.00000    0  481          -    0.00000      -     -    2s
     0     0    0.00000    0  386          -    0.00000      -     -    2s
     0     2    0.00000    0  384          -    0.00000      -     -    3s
   973   343 infeasible   43               -    0.00000      -  58.8    5s
* 3245   367              80       0.0000000    0.00000  0.00%  50.3    7s

Cutting planes:
  Cover: 201
  Inf proof: 16
  Zero half: 34
  RLT: 1

Explored 4030 nodes (198049 simplex iterations) in 7.42 seconds (11.05 work units)
Thread count was 8 (of 8 available processors)

Solution count 1: 0 

Optimal solution found (tolerance 1.00e-04)
Best objective 0.000000000000e+00, best bound 0.000000000000e+00, gap 0.0000%

User-callback calls 9103, time in user-callback 0.00 sec
Gurobi Optimizer version 11.0.0 build v11.0.0rc2 (linux64 - "Debian GNU/Linux 11 (bullseye)")

CPU model: Intel(R) Core(TM) i7-4770 CPU @ 3.40GHz, instruction set [SSE2|AVX|AVX2]
Thread count: 4 physical cores, 8 logical processors, using up to 8 threads

Academic license 2483116 - for non-commercial use only - registered to ni___@fu-berlin.de
Optimize a model with 722 rows, 1600 columns and 5776 nonzeros
Model fingerprint: 0x7261ed7e
Variable types: 0 continuous, 1600 integer (1600 binary)
Coefficient statistics:
  Matrix range     [1e+00, 1e+00]
  Objective range  [0e+00, 0e+00]
  Bounds range     [1e+00, 1e+00]
  RHS range        [0e+00, 0e+00]

MIP start from previous solve did not produce a new incumbent solution

Presolve removed 1 rows and 234 columns
Presolve time: 0.01s
Presolved: 721 rows, 1366 columns, 4939 nonzeros
Variable types: 0 continuous, 1366 integer (1361 binary)

Root relaxation: objective 0.000000e+00, 2023 iterations, 0.12 seconds (0.12 work units)

    Nodes    |    Current Node    |     Objective Bounds      |     Work
 Expl Unexpl |  Obj  Depth IntInf | Incumbent    BestBd   Gap | It/Node Time

     0     0    0.00000    0  561          -    0.00000      -     -    0s
     0     0    0.00000    0  666          -    0.00000      -     -    0s
     0     0    0.00000    0  662          -    0.00000      -     -    0s
     0     0    0.00000    0  457          -    0.00000      -     -    1s
     0     0    0.00000    0  403          -    0.00000      -     -    1s
     0     0    0.00000    0  484          -    0.00000      -     -    2s
     0     0    0.00000    0  582          -    0.00000      -     -    2s
     0     0    0.00000    0  447          -    0.00000      -     -    2s
     0     0    0.00000    0  552          -    0.00000      -     -    2s
     0     0    0.00000    0  476          -    0.00000      -     -    2s
     0     0    0.00000    0  588          -    0.00000      -     -    3s
     0     0    0.00000    0  476          -    0.00000      -     -    3s
     0     0    0.00000    0  536          -    0.00000      -     -    3s
     0     0    0.00000    0  457          -    0.00000      -     -    3s
     0     0    0.00000    0  381          -    0.00000      -     -    3s
     0     2    0.00000    0  361          -    0.00000      -     -    4s
   155   245    0.00000   27  596          -    0.00000      -  68.3    5s
H 4217   454                       0.0000000    0.00000  0.00%  42.8    7s

Cutting planes:
  Gomory: 1
  Cover: 285
  Clique: 2
  MIR: 1
  Inf proof: 10
  Zero half: 23
  RLT: 5

Explored 4742 nodes (221248 simplex iterations) in 7.89 seconds (10.31 work units)
Thread count was 8 (of 8 available processors)

Solution count 1: 0 

Optimal solution found (tolerance 1.00e-04)
Best objective 0.000000000000e+00, best bound 0.000000000000e+00, gap 0.0000%

User-callback calls 10603, time in user-callback 0.00 sec
Gurobi Optimizer version 11.0.0 build v11.0.0rc2 (linux64 - "Debian GNU/Linux 11 (bullseye)")

CPU model: Intel(R) Core(TM) i7-4770 CPU @ 3.40GHz, instruction set [SSE2|AVX|AVX2]
Thread count: 4 physical cores, 8 logical processors, using up to 8 threads

Academic license 2483116 - for non-commercial use only - registered to ni___@fu-berlin.de
Optimize a model with 722 rows, 1600 columns and 5776 nonzeros
Model fingerprint: 0x171ad378
Variable types: 0 continuous, 1600 integer (1600 binary)
Coefficient statistics:
  Matrix range     [1e+00, 1e+00]
  Objective range  [0e+00, 0e+00]
  Bounds range     [1e+00, 1e+00]
  RHS range        [0e+00, 0e+00]

MIP start from previous solve did not produce a new incumbent solution

Presolve removed 0 rows and 217 columns
Presolve time: 0.00s

Explored 0 nodes (0 simplex iterations) in 0.06 seconds (0.00 work units)
Thread count was 1 (of 8 available processors)

Solution count 0

Model is infeasible
Best objective -, best bound -, gap -

User-callback calls 37, time in user-callback 0.00 sec
Gurobi Optimizer version 11.0.0 build v11.0.0rc2 (linux64 - "Debian GNU/Linux 11 (bullseye)")

CPU model: Intel(R) Core(TM) i7-4770 CPU @ 3.40GHz, instruction set [SSE2|AVX|AVX2]
Thread count: 4 physical cores, 8 logical processors, using up to 8 threads

Academic license 2483116 - for non-commercial use only - registered to ni___@fu-berlin.de
Optimize a model with 722 rows, 1600 columns and 5776 nonzeros
Model fingerprint: 0x8cf13bc5
Variable types: 0 continuous, 1600 integer (1600 binary)
Coefficient statistics:
  Matrix range     [1e+00, 1e+00]
  Objective range  [0e+00, 0e+00]
  Bounds range     [1e+00, 1e+00]
  RHS range        [0e+00, 0e+00]

MIP start from previous solve did not produce a new incumbent solution

Presolve removed 0 rows and 216 columns
Presolve time: 0.00s

Explored 0 nodes (0 simplex iterations) in 0.06 seconds (0.00 work units)
Thread count was 1 (of 8 available processors)

Solution count 0

Model is infeasible
Best objective -, best bound -, gap -

User-callback calls 37, time in user-callback 0.00 sec
Gurobi Optimizer version 11.0.0 build v11.0.0rc2 (linux64 - "Debian GNU/Linux 11 (bullseye)")

CPU model: Intel(R) Core(TM) i7-4770 CPU @ 3.40GHz, instruction set [SSE2|AVX|AVX2]
Thread count: 4 physical cores, 8 logical processors, using up to 8 threads

Academic license 2483116 - for non-commercial use only - registered to ni___@fu-berlin.de
Optimize a model with 722 rows, 1600 columns and 5776 nonzeros
Model fingerprint: 0xfc0db5ce
Variable types: 0 continuous, 1600 integer (1600 binary)
Coefficient statistics:
  Matrix range     [1e+00, 1e+00]
  Objective range  [0e+00, 0e+00]
  Bounds range     [1e+00, 1e+00]
  RHS range        [0e+00, 0e+00]

MIP start from previous solve did not produce a new incumbent solution

Presolve removed 6 rows and 242 columns
Presolve time: 0.01s
Presolved: 716 rows, 1358 columns, 4930 nonzeros
Variable types: 0 continuous, 1358 integer (1354 binary)

Root relaxation: objective 0.000000e+00, 2044 iterations, 0.11 seconds (0.13 work units)

    Nodes    |    Current Node    |     Objective Bounds      |     Work
 Expl Unexpl |  Obj  Depth IntInf | Incumbent    BestBd   Gap | It/Node Time

     0     0    0.00000    0  439          -    0.00000      -     -    0s
     0     0    0.00000    0  654          -    0.00000      -     -    0s
     0     0    0.00000    0  651          -    0.00000      -     -    0s
     0     0    0.00000    0  470          -    0.00000      -     -    1s
     0     0    0.00000    0  571          -    0.00000      -     -    1s
     0     0    0.00000    0  594          -    0.00000      -     -    1s
     0     0    0.00000    0  591          -    0.00000      -     -    1s
     0     0    0.00000    0  533          -    0.00000      -     -    1s
     0     0    0.00000    0  537          -    0.00000      -     -    1s
     0     0    0.00000    0  507          -    0.00000      -     -    2s
     0     0    0.00000    0  482          -    0.00000      -     -    2s
     0     2    0.00000    0  482          -    0.00000      -     -    3s
  1988   355 infeasible   74               -    0.00000      -  36.7    5s
  8525   512    0.00000   65  427          -    0.00000      -  43.1   10s

Cutting planes:
  Gomory: 5
  Clique: 5
  Zero half: 104
  RLT: 2

Explored 11832 nodes (556882 simplex iterations) in 15.23 seconds (23.47 work units)
Thread count was 8 (of 8 available processors)

Solution count 0

Time limit reached
Best objective -, best bound 0.000000000000e+00, gap -

User-callback calls 25163, time in user-callback 0.00 sec
Gurobi Optimizer version 11.0.0 build v11.0.0rc2 (linux64 - "Debian GNU/Linux 11 (bullseye)")

CPU model: Intel(R) Core(TM) i7-4770 CPU @ 3.40GHz, instruction set [SSE2|AVX|AVX2]
Thread count: 4 physical cores, 8 logical processors, using up to 8 threads

Academic license 2483116 - for non-commercial use only - registered to ni___@fu-berlin.de
Optimize a model with 722 rows, 1600 columns and 5776 nonzeros
Model fingerprint: 0x307fdc38
Variable types: 0 continuous, 1600 integer (1600 binary)
Coefficient statistics:
  Matrix range     [1e+00, 1e+00]
  Objective range  [0e+00, 0e+00]
  Bounds range     [1e+00, 1e+00]
  RHS range        [0e+00, 0e+00]

MIP start from previous solve did not produce a new incumbent solution

Presolve removed 4 rows and 228 columns
Presolve time: 0.00s

Explored 0 nodes (0 simplex iterations) in 0.05 seconds (0.00 work units)
Thread count was 1 (of 8 available processors)

Solution count 0

Model is infeasible
Best objective -, best bound -, gap -

User-callback calls 51, time in user-callback 0.00 sec
Gurobi Optimizer version 11.0.0 build v11.0.0rc2 (linux64 - "Debian GNU/Linux 11 (bullseye)")

CPU model: Intel(R) Core(TM) i7-4770 CPU @ 3.40GHz, instruction set [SSE2|AVX|AVX2]
Thread count: 4 physical cores, 8 logical processors, using up to 8 threads

Academic license 2483116 - for non-commercial use only - registered to ni___@fu-berlin.de
Optimize a model with 722 rows, 1600 columns and 5776 nonzeros
Model fingerprint: 0x39e54074
Variable types: 0 continuous, 1600 integer (1600 binary)
Coefficient statistics:
  Matrix range     [1e+00, 1e+00]
  Objective range  [0e+00, 0e+00]
  Bounds range     [1e+00, 1e+00]
  RHS range        [0e+00, 0e+00]

MIP start from previous solve did not produce a new incumbent solution

Presolve removed 14 rows and 265 columns
Presolve time: 0.02s
Presolved: 708 rows, 1335 columns, 4841 nonzeros
Variable types: 0 continuous, 1335 integer (1330 binary)

Root relaxation: infeasible, 1317 iterations, 0.05 seconds (0.05 work units)

    Nodes    |    Current Node    |     Objective Bounds      |     Work
 Expl Unexpl |  Obj  Depth IntInf | Incumbent    BestBd   Gap | It/Node Time

     0     0 infeasible    0               - infeasible      -     -    0s

Explored 1 nodes (1317 simplex iterations) in 0.13 seconds (0.08 work units)
Thread count was 8 (of 8 available processors)

Solution count 0

Model is infeasible
Best objective -, best bound -, gap -

User-callback calls 608, time in user-callback 0.00 sec
Gurobi Optimizer version 11.0.0 build v11.0.0rc2 (linux64 - "Debian GNU/Linux 11 (bullseye)")

CPU model: Intel(R) Core(TM) i7-4770 CPU @ 3.40GHz, instruction set [SSE2|AVX|AVX2]
Thread count: 4 physical cores, 8 logical processors, using up to 8 threads

Academic license 2483116 - for non-commercial use only - registered to ni___@fu-berlin.de
Optimize a model with 722 rows, 1600 columns and 5776 nonzeros
Model fingerprint: 0x99f17aa8
Variable types: 0 continuous, 1600 integer (1600 binary)
Coefficient statistics:
  Matrix range     [1e+00, 1e+00]
  Objective range  [0e+00, 0e+00]
  Bounds range     [1e+00, 1e+00]
  RHS range        [0e+00, 0e+00]

MIP start from previous solve did not produce a new incumbent solution

Presolve removed 5 rows and 244 columns
Presolve time: 0.01s
Presolved: 717 rows, 1356 columns, 4929 nonzeros
Variable types: 0 continuous, 1356 integer (1351 binary)

Root relaxation: objective 0.000000e+00, 2507 iterations, 0.15 seconds (0.17 work units)

    Nodes    |    Current Node    |     Objective Bounds      |     Work
 Expl Unexpl |  Obj  Depth IntInf | Incumbent    BestBd   Gap | It/Node Time

     0     0    0.00000    0  565          -    0.00000      -     -    0s
     0     0    0.00000    0  666          -    0.00000      -     -    0s
     0     0    0.00000    0  461          -    0.00000      -     -    1s
     0     0    0.00000    0  500          -    0.00000      -     -    1s
     0     0    0.00000    0  570          -    0.00000      -     -    1s
     0     0    0.00000    0  535          -    0.00000      -     -    1s
     0     0    0.00000    0  526          -    0.00000      -     -    1s
     0     0    0.00000    0  473          -    0.00000      -     -    2s
     0     0    0.00000    0  597          -    0.00000      -     -    2s
     0     0    0.00000    0  591          -    0.00000      -     -    2s
     0     0    0.00000    0  551          -    0.00000      -     -    2s
     0     2    0.00000    0  551          -    0.00000      -     -    3s
  1134   352    0.00000   31  503          -    0.00000      -  45.3    5s
  7605   554    0.00000   54  341          -    0.00000      -  46.7   10s
H 9826   569                       0.0000000    0.00000  0.00%  43.6   13s

Cutting planes:
  Gomory: 3
  Cover: 1
  Clique: 1
  Flow cover: 1
  Zero half: 103
  RLT: 1

Explored 9826 nodes (467383 simplex iterations) in 13.68 seconds (20.09 work units)
Thread count was 8 (of 8 available processors)

Solution count 1: 0 

Optimal solution found (tolerance 1.00e-04)
Best objective 0.000000000000e+00, best bound 0.000000000000e+00, gap 0.0000%

User-callback calls 21063, time in user-callback 0.00 sec
Gurobi Optimizer version 11.0.0 build v11.0.0rc2 (linux64 - "Debian GNU/Linux 11 (bullseye)")

CPU model: Intel(R) Core(TM) i7-4770 CPU @ 3.40GHz, instruction set [SSE2|AVX|AVX2]
Thread count: 4 physical cores, 8 logical processors, using up to 8 threads

Academic license 2483116 - for non-commercial use only - registered to ni___@fu-berlin.de
Optimize a model with 722 rows, 1600 columns and 5776 nonzeros
Model fingerprint: 0xbd97eac1
Variable types: 0 continuous, 1600 integer (1600 binary)
Coefficient statistics:
  Matrix range     [1e+00, 1e+00]
  Objective range  [0e+00, 0e+00]
  Bounds range     [1e+00, 1e+00]
  RHS range        [0e+00, 0e+00]

MIP start from previous solve did not produce a new incumbent solution

Presolve removed 3 rows and 235 columns
Presolve time: 0.01s
Presolved: 719 rows, 1365 columns, 4946 nonzeros
Variable types: 0 continuous, 1365 integer (1361 binary)

Root relaxation: objective 0.000000e+00, 2078 iterations, 0.12 seconds (0.14 work units)

    Nodes    |    Current Node    |     Objective Bounds      |     Work
 Expl Unexpl |  Obj  Depth IntInf | Incumbent    BestBd   Gap | It/Node Time

     0     0    0.00000    0  562          -    0.00000      -     -    0s
     0     0    0.00000    0  662          -    0.00000      -     -    0s
     0     0    0.00000    0  670          -    0.00000      -     -    0s
     0     0    0.00000    0  480          -    0.00000      -     -    1s
     0     0    0.00000    0  517          -    0.00000      -     -    1s
     0     0    0.00000    0  495          -    0.00000      -     -    1s
     0     0    0.00000    0  606          -    0.00000      -     -    1s
     0     0    0.00000    0  499          -    0.00000      -     -    2s
     0     0    0.00000    0  491          -    0.00000      -     -    2s
     0     0    0.00000    0  465          -    0.00000      -     -    2s
     0     0    0.00000    0  507          -    0.00000      -     -    2s
     0     0    0.00000    0  463          -    0.00000      -     -    3s
     0     0    0.00000    0  434          -    0.00000      -     -    3s
     0     0    0.00000    0  493          -    0.00000      -     -    3s
     0     0    0.00000    0  493          -    0.00000      -     -    3s
     0     2    0.00000    0  493          -    0.00000      -     -    4s
   126   179    0.00000   22  617          -    0.00000      -  84.5    5s
  3207   646    0.00000   51  453          -    0.00000      -  34.7   10s
H 3208   613                       0.0000000    0.00000  0.00%  34.6   11s

Cutting planes:
  Gomory: 7
  Clique: 2
  Flow cover: 1
  Zero half: 83
  RLT: 4

Explored 3208 nodes (161456 simplex iterations) in 11.17 seconds (12.85 work units)
Thread count was 8 (of 8 available processors)

Solution count 1: 0 

Optimal solution found (tolerance 1.00e-04)
Best objective 0.000000000000e+00, best bound 0.000000000000e+00, gap 0.0000%

User-callback calls 8114, time in user-callback 0.00 sec
Gurobi Optimizer version 11.0.0 build v11.0.0rc2 (linux64 - "Debian GNU/Linux 11 (bullseye)")

CPU model: Intel(R) Core(TM) i7-4770 CPU @ 3.40GHz, instruction set [SSE2|AVX|AVX2]
Thread count: 4 physical cores, 8 logical processors, using up to 8 threads

Academic license 2483116 - for non-commercial use only - registered to ni___@fu-berlin.de
Optimize a model with 722 rows, 1600 columns and 5776 nonzeros
Model fingerprint: 0x629d63f4
Variable types: 0 continuous, 1600 integer (1600 binary)
Coefficient statistics:
  Matrix range     [1e+00, 1e+00]
  Objective range  [0e+00, 0e+00]
  Bounds range     [1e+00, 1e+00]
  RHS range        [0e+00, 0e+00]

MIP start from previous solve did not produce a new incumbent solution

Presolve removed 3 rows and 233 columns
Presolve time: 0.01s
Presolved: 719 rows, 1367 columns, 4966 nonzeros
Variable types: 0 continuous, 1367 integer (1363 binary)

Root relaxation: objective 0.000000e+00, 2160 iterations, 0.12 seconds (0.14 work units)

    Nodes    |    Current Node    |     Objective Bounds      |     Work
 Expl Unexpl |  Obj  Depth IntInf | Incumbent    BestBd   Gap | It/Node Time

     0     0    0.00000    0  558          -    0.00000      -     -    0s
     0     0    0.00000    0  656          -    0.00000      -     -    0s
     0     0    0.00000    0  663          -    0.00000      -     -    0s
     0     0    0.00000    0  525          -    0.00000      -     -    1s
     0     0    0.00000    0  564          -    0.00000      -     -    1s
     0     0    0.00000    0  530          -    0.00000      -     -    1s
     0     0    0.00000    0  580          -    0.00000      -     -    1s
     0     0    0.00000    0  509          -    0.00000      -     -    2s
     0     0    0.00000    0  548          -    0.00000      -     -    2s
     0     0    0.00000    0  485          -    0.00000      -     -    2s
     0     0    0.00000    0  557          -    0.00000      -     -    2s
     0     0    0.00000    0  428          -    0.00000      -     -    3s
     0     0    0.00000    0  464          -    0.00000      -     -    3s
     0     0    0.00000    0  463          -    0.00000      -     -    3s
     0     0    0.00000    0  463          -    0.00000      -     -    3s
     0     2    0.00000    0  441          -    0.00000      -     -    4s
   220   251    0.00000   39  603          -    0.00000      -  65.6    5s
  5679   305    0.00000   25  533          -    0.00000      -  46.8   10s
H 6833   460                       0.0000000    0.00000  0.00%  46.9   14s

Cutting planes:
  Gomory: 3
  Clique: 2
  Zero half: 117
  RLT: 5

Explored 6833 nodes (367213 simplex iterations) in 14.37 seconds (20.40 work units)
Thread count was 8 (of 8 available processors)

Solution count 1: 0 

Optimal solution found (tolerance 1.00e-04)
Best objective 0.000000000000e+00, best bound 0.000000000000e+00, gap 0.0000%

User-callback calls 15145, time in user-callback 0.00 sec
Gurobi Optimizer version 11.0.0 build v11.0.0rc2 (linux64 - "Debian GNU/Linux 11 (bullseye)")

CPU model: Intel(R) Core(TM) i7-4770 CPU @ 3.40GHz, instruction set [SSE2|AVX|AVX2]
Thread count: 4 physical cores, 8 logical processors, using up to 8 threads

Academic license 2483116 - for non-commercial use only - registered to ni___@fu-berlin.de
Optimize a model with 722 rows, 1600 columns and 5776 nonzeros
Model fingerprint: 0xc8a26976
Variable types: 0 continuous, 1600 integer (1600 binary)
Coefficient statistics:
  Matrix range     [1e+00, 1e+00]
  Objective range  [0e+00, 0e+00]
  Bounds range     [1e+00, 1e+00]
  RHS range        [0e+00, 0e+00]

MIP start from previous solve did not produce a new incumbent solution

Presolve removed 0 rows and 220 columns
Presolve time: 0.00s

Explored 0 nodes (0 simplex iterations) in 0.06 seconds (0.00 work units)
Thread count was 1 (of 8 available processors)

Solution count 0

Model is infeasible
Best objective -, best bound -, gap -

User-callback calls 41, time in user-callback 0.00 sec
Gurobi Optimizer version 11.0.0 build v11.0.0rc2 (linux64 - "Debian GNU/Linux 11 (bullseye)")

CPU model: Intel(R) Core(TM) i7-4770 CPU @ 3.40GHz, instruction set [SSE2|AVX|AVX2]
Thread count: 4 physical cores, 8 logical processors, using up to 8 threads

Academic license 2483116 - for non-commercial use only - registered to ni___@fu-berlin.de
Optimize a model with 722 rows, 1600 columns and 5776 nonzeros
Model fingerprint: 0xf3493b08
Variable types: 0 continuous, 1600 integer (1600 binary)
Coefficient statistics:
  Matrix range     [1e+00, 1e+00]
  Objective range  [0e+00, 0e+00]
  Bounds range     [1e+00, 1e+00]
  RHS range        [0e+00, 0e+00]

MIP start from previous solve did not produce a new incumbent solution

Presolve removed 7 rows and 248 columns
Presolve time: 0.02s
Presolved: 715 rows, 1352 columns, 4905 nonzeros
Variable types: 0 continuous, 1352 integer (1348 binary)

Root relaxation: objective 0.000000e+00, 2250 iterations, 0.14 seconds (0.15 work units)

    Nodes    |    Current Node    |     Objective Bounds      |     Work
 Expl Unexpl |  Obj  Depth IntInf | Incumbent    BestBd   Gap | It/Node Time

     0     0    0.00000    0  568          -    0.00000      -     -    0s
     0     0    0.00000    0  670          -    0.00000      -     -    0s
     0     0    0.00000    0  660          -    0.00000      -     -    0s
     0     0    0.00000    0  525          -    0.00000      -     -    1s
     0     0    0.00000    0  569          -    0.00000      -     -    1s
     0     0    0.00000    0  476          -    0.00000      -     -    1s
     0     0    0.00000    0  474          -    0.00000      -     -    1s
H    0     0                       0.0000000    0.00000  0.00%     -    2s
     0     0    0.00000    0  424    0.00000    0.00000  0.00%     -    2s

Cutting planes:
  Zero half: 92
  RLT: 1

Explored 1 nodes (16521 simplex iterations) in 2.10 seconds (2.16 work units)
Thread count was 8 (of 8 available processors)

Solution count 1: 0 

Optimal solution found (tolerance 1.00e-04)
Best objective 0.000000000000e+00, best bound 0.000000000000e+00, gap 0.0000%

User-callback calls 583, time in user-callback 0.00 sec
Gurobi Optimizer version 11.0.0 build v11.0.0rc2 (linux64 - "Debian GNU/Linux 11 (bullseye)")

CPU model: Intel(R) Core(TM) i7-4770 CPU @ 3.40GHz, instruction set [SSE2|AVX|AVX2]
Thread count: 4 physical cores, 8 logical processors, using up to 8 threads

Academic license 2483116 - for non-commercial use only - registered to ni___@fu-berlin.de
Optimize a model with 722 rows, 1600 columns and 5776 nonzeros
Model fingerprint: 0x888a99ce
Variable types: 0 continuous, 1600 integer (1600 binary)
Coefficient statistics:
  Matrix range     [1e+00, 1e+00]
  Objective range  [0e+00, 0e+00]
  Bounds range     [1e+00, 1e+00]
  RHS range        [0e+00, 0e+00]

MIP start from previous solve did not produce a new incumbent solution

Presolve removed 0 rows and 210 columns
Presolve time: 0.00s

Explored 0 nodes (0 simplex iterations) in 0.08 seconds (0.00 work units)
Thread count was 1 (of 8 available processors)

Solution count 0

Model is infeasible
Best objective -, best bound -, gap -

User-callback calls 37, time in user-callback 0.00 sec
Gurobi Optimizer version 11.0.0 build v11.0.0rc2 (linux64 - "Debian GNU/Linux 11 (bullseye)")

CPU model: Intel(R) Core(TM) i7-4770 CPU @ 3.40GHz, instruction set [SSE2|AVX|AVX2]
Thread count: 4 physical cores, 8 logical processors, using up to 8 threads

Academic license 2483116 - for non-commercial use only - registered to ni___@fu-berlin.de
Optimize a model with 722 rows, 1600 columns and 5776 nonzeros
Model fingerprint: 0xb9601c50
Variable types: 0 continuous, 1600 integer (1600 binary)
Coefficient statistics:
  Matrix range     [1e+00, 1e+00]
  Objective range  [0e+00, 0e+00]
  Bounds range     [1e+00, 1e+00]
  RHS range        [0e+00, 0e+00]

MIP start from previous solve did not produce a new incumbent solution

Presolve removed 0 rows and 212 columns
Presolve time: 0.00s

Explored 0 nodes (0 simplex iterations) in 0.09 seconds (0.00 work units)
Thread count was 1 (of 8 available processors)

Solution count 0

Model is infeasible
Best objective -, best bound -, gap -

User-callback calls 39, time in user-callback 0.00 sec
Gurobi Optimizer version 11.0.0 build v11.0.0rc2 (linux64 - "Debian GNU/Linux 11 (bullseye)")

CPU model: Intel(R) Core(TM) i7-4770 CPU @ 3.40GHz, instruction set [SSE2|AVX|AVX2]
Thread count: 4 physical cores, 8 logical processors, using up to 8 threads

Academic license 2483116 - for non-commercial use only - registered to ni___@fu-berlin.de
Optimize a model with 722 rows, 1600 columns and 5776 nonzeros
Model fingerprint: 0x781d93ac
Variable types: 0 continuous, 1600 integer (1600 binary)
Coefficient statistics:
  Matrix range     [1e+00, 1e+00]
  Objective range  [0e+00, 0e+00]
  Bounds range     [1e+00, 1e+00]
  RHS range        [0e+00, 0e+00]

MIP start from previous solve did not produce a new incumbent solution

Presolve removed 21 rows and 276 columns
Presolve time: 0.04s
Presolved: 701 rows, 1324 columns, 4806 nonzeros
Variable types: 0 continuous, 1324 integer (1323 binary)

Root relaxation: objective 0.000000e+00, 1908 iterations, 0.16 seconds (0.11 work units)

    Nodes    |    Current Node    |     Objective Bounds      |     Work
 Expl Unexpl |  Obj  Depth IntInf | Incumbent    BestBd   Gap | It/Node Time

     0     0    0.00000    0  547          -    0.00000      -     -    0s
     0     0    0.00000    0  608          -    0.00000      -     -    0s
     0     0    0.00000    0  596          -    0.00000      -     -    0s
     0     0    0.00000    0  357          -    0.00000      -     -    1s
     0     0    0.00000    0  466          -    0.00000      -     -    1s
     0     0    0.00000    0  456          -    0.00000      -     -    1s
     0     0    0.00000    0  521          -    0.00000      -     -    1s
     0     0    0.00000    0  483          -    0.00000      -     -    2s
     0     0    0.00000    0  527          -    0.00000      -     -    2s
H    0     0                       0.0000000    0.00000  0.00%     -    2s
     0     0    0.00000    0  452    0.00000    0.00000  0.00%     -    2s

Cutting planes:
  Clique: 2
  MIR: 1
  Zero half: 82
  RLT: 3

Explored 1 nodes (19819 simplex iterations) in 2.71 seconds (2.45 work units)
Thread count was 8 (of 8 available processors)

Solution count 1: 0 

Optimal solution found (tolerance 1.00e-04)
Best objective 0.000000000000e+00, best bound 0.000000000000e+00, gap 0.0000%

User-callback calls 737, time in user-callback 0.00 sec

Gurobi 11.0.0 (linux64) logging started Tue 05 Mar 2024 15:40:47 CET

Set parameter LogFile to value "ConfigSearch_40.log"
Set parameter LogToConsole to value 0
Set parameter PoolSolutions to value 1

Gurobi 11.0.0 (linux64) logging started Tue 05 Mar 2024 15:40:47 CET

Set parameter LogFile to value "ConfigSearch_40.log"
Gurobi Optimizer version 11.0.0 build v11.0.0rc2 (linux64 - "Debian GNU/Linux 11 (bullseye)")

CPU model: Intel(R) Core(TM) i7-4770 CPU @ 3.40GHz, instruction set [SSE2|AVX|AVX2]
Thread count: 4 physical cores, 8 logical processors, using up to 8 threads

Academic license 2483116 - for non-commercial use only - registered to ni___@fu-berlin.de
Optimize a model with 722 rows, 1600 columns and 5776 nonzeros
Model fingerprint: 0x3511c259
Variable types: 0 continuous, 1600 integer (1600 binary)
Coefficient statistics:
  Matrix range     [1e+00, 1e+00]
  Objective range  [0e+00, 0e+00]
  Bounds range     [1e+00, 1e+00]
  RHS range        [0e+00, 0e+00]
Presolve removed 0 rows and 217 columns
Presolve time: 0.00s

Explored 0 nodes (0 simplex iterations) in 0.05 seconds (0.00 work units)
Thread count was 1 (of 8 available processors)

Solution count 0

Model is infeasible
Best objective -, best bound -, gap -

User-callback calls 34, time in user-callback 0.00 sec
Gurobi Optimizer version 11.0.0 build v11.0.0rc2 (linux64 - "Debian GNU/Linux 11 (bullseye)")

CPU model: Intel(R) Core(TM) i7-4770 CPU @ 3.40GHz, instruction set [SSE2|AVX|AVX2]
Thread count: 4 physical cores, 8 logical processors, using up to 8 threads

Academic license 2483116 - for non-commercial use only - registered to ni___@fu-berlin.de
Optimize a model with 722 rows, 1600 columns and 5776 nonzeros
Model fingerprint: 0x857e632b
Variable types: 0 continuous, 1600 integer (1600 binary)
Coefficient statistics:
  Matrix range     [1e+00, 1e+00]
  Objective range  [0e+00, 0e+00]
  Bounds range     [1e+00, 1e+00]
  RHS range        [0e+00, 0e+00]
Presolve removed 0 rows and 223 columns
Presolve time: 0.00s

Explored 0 nodes (0 simplex iterations) in 0.04 seconds (0.00 work units)
Thread count was 1 (of 8 available processors)

Solution count 0

Model is infeasible
Best objective -, best bound -, gap -

User-callback calls 34, time in user-callback 0.00 sec
Gurobi Optimizer version 11.0.0 build v11.0.0rc2 (linux64 - "Debian GNU/Linux 11 (bullseye)")

CPU model: Intel(R) Core(TM) i7-4770 CPU @ 3.40GHz, instruction set [SSE2|AVX|AVX2]
Thread count: 4 physical cores, 8 logical processors, using up to 8 threads

Academic license 2483116 - for non-commercial use only - registered to ni___@fu-berlin.de
Optimize a model with 722 rows, 1600 columns and 5776 nonzeros
Model fingerprint: 0x7dcdfc04
Variable types: 0 continuous, 1600 integer (1600 binary)
Coefficient statistics:
  Matrix range     [1e+00, 1e+00]
  Objective range  [0e+00, 0e+00]
  Bounds range     [1e+00, 1e+00]
  RHS range        [0e+00, 0e+00]
Presolve removed 5 rows and 244 columns
Presolve time: 0.01s
Presolved: 717 rows, 1356 columns, 4917 nonzeros
Variable types: 0 continuous, 1356 integer (1352 binary)

Root relaxation: objective 0.000000e+00, 2211 iterations, 0.15 seconds (0.15 work units)

    Nodes    |    Current Node    |     Objective Bounds      |     Work
 Expl Unexpl |  Obj  Depth IntInf | Incumbent    BestBd   Gap | It/Node Time

     0     0    0.00000    0  474          -    0.00000      -     -    0s
     0     0    0.00000    0  568          -    0.00000      -     -    0s
     0     0    0.00000    0  589          -    0.00000      -     -    0s
     0     0    0.00000    0  519          -    0.00000      -     -    1s
     0     0    0.00000    0  539          -    0.00000      -     -    1s
     0     0    0.00000    0  367          -    0.00000      -     -    1s
     0     0    0.00000    0  515          -    0.00000      -     -    1s
     0     0    0.00000    0  408          -    0.00000      -     -    2s
     0     0    0.00000    0  553          -    0.00000      -     -    2s
     0     0    0.00000    0  420          -    0.00000      -     -    2s
     0     0    0.00000    0  483          -    0.00000      -     -    2s
     0     0    0.00000    0  360          -    0.00000      -     -    3s

Cutting planes:
  Cover: 1
  Clique: 1
  Zero half: 78
  RLT: 4

Explored 1 nodes (24259 simplex iterations) in 3.01 seconds (3.20 work units)
Thread count was 8 (of 8 available processors)

Solution count 0

Time limit reached
Best objective -, best bound 0.000000000000e+00, gap -

User-callback calls 567, time in user-callback 0.00 sec
Gurobi Optimizer version 11.0.0 build v11.0.0rc2 (linux64 - "Debian GNU/Linux 11 (bullseye)")

CPU model: Intel(R) Core(TM) i7-4770 CPU @ 3.40GHz, instruction set [SSE2|AVX|AVX2]
Thread count: 4 physical cores, 8 logical processors, using up to 8 threads

Academic license 2483116 - for non-commercial use only - registered to ni___@fu-berlin.de
Optimize a model with 722 rows, 1600 columns and 5776 nonzeros
Model fingerprint: 0x1b51b694
Variable types: 0 continuous, 1600 integer (1600 binary)
Coefficient statistics:
  Matrix range     [1e+00, 1e+00]
  Objective range  [0e+00, 0e+00]
  Bounds range     [1e+00, 1e+00]
  RHS range        [0e+00, 0e+00]
Presolve removed 1 rows and 225 columns
Presolve time: 0.01s
Presolved: 721 rows, 1375 columns, 4989 nonzeros
Variable types: 0 continuous, 1375 integer (1370 binary)

Root relaxation: objective 0.000000e+00, 2116 iterations, 0.15 seconds (0.14 work units)

    Nodes    |    Current Node    |     Objective Bounds      |     Work
 Expl Unexpl |  Obj  Depth IntInf | Incumbent    BestBd   Gap | It/Node Time

     0     0    0.00000    0  581          -    0.00000      -     -    0s
     0     0    0.00000    0  660          -    0.00000      -     -    0s
     0     0    0.00000    0  593          -    0.00000      -     -    1s
     0     0    0.00000    0  593          -    0.00000      -     -    1s
     0     0    0.00000    0  517          -    0.00000      -     -    2s
     0     0    0.00000    0  531          -    0.00000      -     -    2s
     0     0    0.00000    0  498          -    0.00000      -     -    2s
     0     0    0.00000    0  553          -    0.00000      -     -    2s
     0     0    0.00000    0  565          -    0.00000      -     -    3s

Cutting planes:
  Clique: 1
  Zero half: 102
  RLT: 5

Explored 1 nodes (22689 simplex iterations) in 3.02 seconds (3.14 work units)
Thread count was 8 (of 8 available processors)

Solution count 0

Time limit reached
Best objective -, best bound 0.000000000000e+00, gap -

User-callback calls 478, time in user-callback 0.00 sec
Gurobi Optimizer version 11.0.0 build v11.0.0rc2 (linux64 - "Debian GNU/Linux 11 (bullseye)")

CPU model: Intel(R) Core(TM) i7-4770 CPU @ 3.40GHz, instruction set [SSE2|AVX|AVX2]
Thread count: 4 physical cores, 8 logical processors, using up to 8 threads

Academic license 2483116 - for non-commercial use only - registered to ni___@fu-berlin.de
Optimize a model with 722 rows, 1600 columns and 5776 nonzeros
Model fingerprint: 0x7ad90d3a
Variable types: 0 continuous, 1600 integer (1600 binary)
Coefficient statistics:
  Matrix range     [1e+00, 1e+00]
  Objective range  [0e+00, 0e+00]
  Bounds range     [1e+00, 1e+00]
  RHS range        [0e+00, 0e+00]
Presolve removed 4 rows and 236 columns
Presolve time: 0.02s
Presolved: 718 rows, 1364 columns, 4948 nonzeros
Variable types: 0 continuous, 1364 integer (1358 binary)

Root relaxation: objective 0.000000e+00, 2132 iterations, 0.12 seconds (0.14 work units)

    Nodes    |    Current Node    |     Objective Bounds      |     Work
 Expl Unexpl |  Obj  Depth IntInf | Incumbent    BestBd   Gap | It/Node Time

     0     0    0.00000    0  559          -    0.00000      -     -    0s
     0     0    0.00000    0  682          -    0.00000      -     -    0s
     0     0    0.00000    0  687          -    0.00000      -     -    0s
     0     0    0.00000    0  512          -    0.00000      -     -    1s
     0     0    0.00000    0  553          -    0.00000      -     -    1s
     0     0    0.00000    0  481          -    0.00000      -     -    1s
     0     0    0.00000    0  480          -    0.00000      -     -    1s
     0     0    0.00000    0  402          -    0.00000      -     -    1s
     0     0    0.00000    0  414          -    0.00000      -     -    1s
     0     0    0.00000    0  515          -    0.00000      -     -    2s
     0     0    0.00000    0  601          -    0.00000      -     -    2s
     0     0    0.00000    0  490          -    0.00000      -     -    2s
     0     0    0.00000    0  490          -    0.00000      -     -    2s

Cutting planes:
  Clique: 2
  MIR: 1
  Zero half: 12
  RLT: 4

Explored 1 nodes (21676 simplex iterations) in 3.00 seconds (3.06 work units)
Thread count was 8 (of 8 available processors)

Solution count 0

Time limit reached
Best objective -, best bound 0.000000000000e+00, gap -

User-callback calls 733, time in user-callback 0.00 sec
Gurobi Optimizer version 11.0.0 build v11.0.0rc2 (linux64 - "Debian GNU/Linux 11 (bullseye)")

CPU model: Intel(R) Core(TM) i7-4770 CPU @ 3.40GHz, instruction set [SSE2|AVX|AVX2]
Thread count: 4 physical cores, 8 logical processors, using up to 8 threads

Academic license 2483116 - for non-commercial use only - registered to ni___@fu-berlin.de
Optimize a model with 722 rows, 1600 columns and 5776 nonzeros
Model fingerprint: 0xc4c83fc6
Variable types: 0 continuous, 1600 integer (1600 binary)
Coefficient statistics:
  Matrix range     [1e+00, 1e+00]
  Objective range  [0e+00, 0e+00]
  Bounds range     [1e+00, 1e+00]
  RHS range        [0e+00, 0e+00]
Presolve removed 8 rows and 256 columns
Presolve time: 0.01s
Presolved: 714 rows, 1344 columns, 4882 nonzeros
Variable types: 0 continuous, 1344 integer (1339 binary)

Root relaxation: objective 0.000000e+00, 2203 iterations, 0.12 seconds (0.14 work units)

    Nodes    |    Current Node    |     Objective Bounds      |     Work
 Expl Unexpl |  Obj  Depth IntInf | Incumbent    BestBd   Gap | It/Node Time

     0     0    0.00000    0  569          -    0.00000      -     -    0s
     0     0    0.00000    0  646          -    0.00000      -     -    0s
     0     0    0.00000    0  668          -    0.00000      -     -    0s
     0     0    0.00000    0  519          -    0.00000      -     -    1s
     0     0    0.00000    0  586          -    0.00000      -     -    1s
     0     0    0.00000    0  475          -    0.00000      -     -    1s
     0     0    0.00000    0  522          -    0.00000      -     -    1s
     0     0    0.00000    0  535          -    0.00000      -     -    2s
     0     0    0.00000    0  578          -    0.00000      -     -    2s
     0     0    0.00000    0  524          -    0.00000      -     -    2s
     0     0    0.00000    0  612          -    0.00000      -     -    2s
     0     0    0.00000    0  570          -    0.00000      -     -    2s

Cutting planes:
  Clique: 2
  MIR: 1
  Zero half: 15
  RLT: 1

Explored 1 nodes (22762 simplex iterations) in 3.01 seconds (3.00 work units)
Thread count was 8 (of 8 available processors)

Solution count 0

Time limit reached
Best objective -, best bound 0.000000000000e+00, gap -

User-callback calls 747, time in user-callback 0.00 sec
Gurobi Optimizer version 11.0.0 build v11.0.0rc2 (linux64 - "Debian GNU/Linux 11 (bullseye)")

CPU model: Intel(R) Core(TM) i7-4770 CPU @ 3.40GHz, instruction set [SSE2|AVX|AVX2]
Thread count: 4 physical cores, 8 logical processors, using up to 8 threads

Academic license 2483116 - for non-commercial use only - registered to ni___@fu-berlin.de
Optimize a model with 722 rows, 1600 columns and 5776 nonzeros
Model fingerprint: 0xc4cdb9da
Variable types: 0 continuous, 1600 integer (1600 binary)
Coefficient statistics:
  Matrix range     [1e+00, 1e+00]
  Objective range  [0e+00, 0e+00]
  Bounds range     [1e+00, 1e+00]
  RHS range        [0e+00, 0e+00]
Presolve removed 0 rows and 221 columns
Presolve time: 0.01s
Presolved: 722 rows, 1379 columns, 5017 nonzeros
Variable types: 0 continuous, 1379 integer (1377 binary)

Root relaxation: objective 0.000000e+00, 2585 iterations, 0.17 seconds (0.19 work units)

    Nodes    |    Current Node    |     Objective Bounds      |     Work
 Expl Unexpl |  Obj  Depth IntInf | Incumbent    BestBd   Gap | It/Node Time

     0     0    0.00000    0  483          -    0.00000      -     -    0s
     0     0    0.00000    0  657          -    0.00000      -     -    0s
     0     0    0.00000    0  653          -    0.00000      -     -    0s
     0     0    0.00000    0  454          -    0.00000      -     -    1s
     0     0    0.00000    0  566          -    0.00000      -     -    1s
     0     0    0.00000    0  478          -    0.00000      -     -    1s
     0     0    0.00000    0  392          -    0.00000      -     -    2s
     0     0    0.00000    0  409          -    0.00000      -     -    2s
     0     0    0.00000    0  397          -    0.00000      -     -    2s
     0     0    0.00000    0  444          -    0.00000      -     -    2s
     0     0    0.00000    0  399          -    0.00000      -     -    3s

Cutting planes:
  Clique: 2
  Zero half: 97
  RLT: 3

Explored 1 nodes (24473 simplex iterations) in 3.00 seconds (3.18 work units)
Thread count was 8 (of 8 available processors)

Solution count 0

Time limit reached
Best objective -, best bound 0.000000000000e+00, gap -

User-callback calls 557, time in user-callback 0.00 sec
Gurobi Optimizer version 11.0.0 build v11.0.0rc2 (linux64 - "Debian GNU/Linux 11 (bullseye)")

CPU model: Intel(R) Core(TM) i7-4770 CPU @ 3.40GHz, instruction set [SSE2|AVX|AVX2]
Thread count: 4 physical cores, 8 logical processors, using up to 8 threads

Academic license 2483116 - for non-commercial use only - registered to ni___@fu-berlin.de
Optimize a model with 722 rows, 1600 columns and 5776 nonzeros
Model fingerprint: 0xf79c9690
Variable types: 0 continuous, 1600 integer (1600 binary)
Coefficient statistics:
  Matrix range     [1e+00, 1e+00]
  Objective range  [0e+00, 0e+00]
  Bounds range     [1e+00, 1e+00]
  RHS range        [0e+00, 0e+00]
Presolve removed 16 rows and 274 columns
Presolve time: 0.01s
Presolved: 706 rows, 1326 columns, 4795 nonzeros
Variable types: 0 continuous, 1326 integer (1321 binary)

Root relaxation: objective 0.000000e+00, 2337 iterations, 0.15 seconds (0.16 work units)

    Nodes    |    Current Node    |     Objective Bounds      |     Work
 Expl Unexpl |  Obj  Depth IntInf | Incumbent    BestBd   Gap | It/Node Time

     0     0    0.00000    0  496          -    0.00000      -     -    0s
     0     0    0.00000    0  646          -    0.00000      -     -    0s
     0     0    0.00000    0  640          -    0.00000      -     -    0s
     0     0    0.00000    0  529          -    0.00000      -     -    1s
     0     0    0.00000    0  528          -    0.00000      -     -    1s
     0     0    0.00000    0  401          -    0.00000      -     -    1s
     0     0    0.00000    0  476          -    0.00000      -     -    1s
     0     0    0.00000    0  384          -    0.00000      -     -    2s
     0     0    0.00000    0  407          -    0.00000      -     -    2s
     0     0    0.00000    0  469          -    0.00000      -     -    2s
     0     0    0.00000    0  541          -    0.00000      -     -    2s
     0     0    0.00000    0  470          -    0.00000      -     -    3s

Cutting planes:
  Cover: 3
  Clique: 2
  MIR: 3
  Zero half: 80
  RLT: 5
  Relax-and-lift: 1

Explored 1 nodes (23959 simplex iterations) in 3.02 seconds (2.95 work units)
Thread count was 8 (of 8 available processors)

Solution count 0

Time limit reached
Best objective -, best bound 0.000000000000e+00, gap -

User-callback calls 642, time in user-callback 0.00 sec
Gurobi Optimizer version 11.0.0 build v11.0.0rc2 (linux64 - "Debian GNU/Linux 11 (bullseye)")

CPU model: Intel(R) Core(TM) i7-4770 CPU @ 3.40GHz, instruction set [SSE2|AVX|AVX2]
Thread count: 4 physical cores, 8 logical processors, using up to 8 threads

Academic license 2483116 - for non-commercial use only - registered to ni___@fu-berlin.de
Optimize a model with 722 rows, 1600 columns and 5776 nonzeros
Model fingerprint: 0x6f199b44
Variable types: 0 continuous, 1600 integer (1600 binary)
Coefficient statistics:
  Matrix range     [1e+00, 1e+00]
  Objective range  [0e+00, 0e+00]
  Bounds range     [1e+00, 1e+00]
  RHS range        [0e+00, 0e+00]
Presolve removed 15 rows and 255 columns
Presolve time: 0.02s
Presolved: 707 rows, 1345 columns, 4886 nonzeros
Variable types: 0 continuous, 1345 integer (1342 binary)

Root relaxation: objective 0.000000e+00, 1981 iterations, 0.13 seconds (0.11 work units)

    Nodes    |    Current Node    |     Objective Bounds      |     Work
 Expl Unexpl |  Obj  Depth IntInf | Incumbent    BestBd   Gap | It/Node Time

     0     0    0.00000    0  481          -    0.00000      -     -    0s
     0     0    0.00000    0  656          -    0.00000      -     -    0s
     0     0    0.00000    0  646          -    0.00000      -     -    0s
     0     0    0.00000    0  524          -    0.00000      -     -    1s
     0     0    0.00000    0  524          -    0.00000      -     -    1s
     0     0    0.00000    0  522          -    0.00000      -     -    1s
     0     0    0.00000    0  565          -    0.00000      -     -    1s
     0     0    0.00000    0  508          -    0.00000      -     -    2s
     0     0    0.00000    0  602          -    0.00000      -     -    2s
     0     0    0.00000    0  401          -    0.00000      -     -    2s
     0     0    0.00000    0  525          -    0.00000      -     -    2s
     0     0    0.00000    0  536          -    0.00000      -     -    3s

Cutting planes:
  Cover: 4
  Clique: 1
  Zero half: 82
  RLT: 3

Explored 1 nodes (23087 simplex iterations) in 3.01 seconds (3.05 work units)
Thread count was 8 (of 8 available processors)

Solution count 0

Time limit reached
Best objective -, best bound 0.000000000000e+00, gap -

User-callback calls 700, time in user-callback 0.00 sec
Gurobi Optimizer version 11.0.0 build v11.0.0rc2 (linux64 - "Debian GNU/Linux 11 (bullseye)")

CPU model: Intel(R) Core(TM) i7-4770 CPU @ 3.40GHz, instruction set [SSE2|AVX|AVX2]
Thread count: 4 physical cores, 8 logical processors, using up to 8 threads

Academic license 2483116 - for non-commercial use only - registered to ni___@fu-berlin.de
Optimize a model with 722 rows, 1600 columns and 5776 nonzeros
Model fingerprint: 0x2e0699e2
Variable types: 0 continuous, 1600 integer (1600 binary)
Coefficient statistics:
  Matrix range     [1e+00, 1e+00]
  Objective range  [0e+00, 0e+00]
  Bounds range     [1e+00, 1e+00]
  RHS range        [0e+00, 0e+00]
Presolve removed 27 rows and 282 columns
Presolve time: 0.02s
Presolved: 695 rows, 1318 columns, 4761 nonzeros
Variable types: 0 continuous, 1318 integer (1312 binary)

Root relaxation: objective 0.000000e+00, 2050 iterations, 0.12 seconds (0.13 work units)

    Nodes    |    Current Node    |     Objective Bounds      |     Work
 Expl Unexpl |  Obj  Depth IntInf | Incumbent    BestBd   Gap | It/Node Time

     0     0    0.00000    0  518          -    0.00000      -     -    0s
     0     0    0.00000    0  639          -    0.00000      -     -    0s
     0     0    0.00000    0  611          -    0.00000      -     -    0s
     0     0    0.00000    0  445          -    0.00000      -     -    1s
     0     0    0.00000    0  379          -    0.00000      -     -    1s
     0     0    0.00000    0  469          -    0.00000      -     -    1s
     0     0    0.00000    0  469          -    0.00000      -     -    2s
     0     0    0.00000    0  564          -    0.00000      -     -    2s
     0     0    0.00000    0  458          -    0.00000      -     -    2s
     0     0    0.00000    0  481          -    0.00000      -     -    2s
     0     0    0.00000    0  440          -    0.00000      -     -    3s

Cutting planes:
  Zero half: 7

Explored 1 nodes (21414 simplex iterations) in 3.08 seconds (2.58 work units)
Thread count was 8 (of 8 available processors)

Solution count 0

Time limit reached
Best objective -, best bound 0.000000000000e+00, gap -

User-callback calls 931, time in user-callback 0.00 sec
Gurobi Optimizer version 11.0.0 build v11.0.0rc2 (linux64 - "Debian GNU/Linux 11 (bullseye)")

CPU model: Intel(R) Core(TM) i7-4770 CPU @ 3.40GHz, instruction set [SSE2|AVX|AVX2]
Thread count: 4 physical cores, 8 logical processors, using up to 8 threads

Academic license 2483116 - for non-commercial use only - registered to ni___@fu-berlin.de
Optimize a model with 722 rows, 1600 columns and 5776 nonzeros
Model fingerprint: 0x59d4d933
Variable types: 0 continuous, 1600 integer (1600 binary)
Coefficient statistics:
  Matrix range     [1e+00, 1e+00]
  Objective range  [0e+00, 0e+00]
  Bounds range     [1e+00, 1e+00]
  RHS range        [0e+00, 0e+00]
Presolve removed 1 rows and 229 columns
Presolve time: 0.01s
Presolved: 721 rows, 1371 columns, 4989 nonzeros
Variable types: 0 continuous, 1371 integer (1368 binary)

Root relaxation: objective 0.000000e+00, 2100 iterations, 0.12 seconds (0.14 work units)

    Nodes    |    Current Node    |     Objective Bounds      |     Work
 Expl Unexpl |  Obj  Depth IntInf | Incumbent    BestBd   Gap | It/Node Time

     0     0    0.00000    0  486          -    0.00000      -     -    0s
     0     0    0.00000    0  689          -    0.00000      -     -    0s
     0     0    0.00000    0  676          -    0.00000      -     -    0s
     0     0    0.00000    0  534          -    0.00000      -     -    1s
     0     0    0.00000    0  565          -    0.00000      -     -    1s
     0     0    0.00000    0  459          -    0.00000      -     -    1s
     0     0    0.00000    0  576          -    0.00000      -     -    1s
     0     0    0.00000    0  475          -    0.00000      -     -    1s
     0     0    0.00000    0  505          -    0.00000      -     -    1s
     0     0    0.00000    0  448          -    0.00000      -     -    2s
     0     0    0.00000    0  531          -    0.00000      -     -    2s
     0     0    0.00000    0  439          -    0.00000      -     -    2s

Cutting planes:
  Clique: 2
  Zero half: 20
  RLT: 2

Explored 1 nodes (23958 simplex iterations) in 3.03 seconds (3.18 work units)
Thread count was 8 (of 8 available processors)

Solution count 0

Time limit reached
Best objective -, best bound 0.000000000000e+00, gap -

User-callback calls 561, time in user-callback 0.00 sec
Gurobi Optimizer version 11.0.0 build v11.0.0rc2 (linux64 - "Debian GNU/Linux 11 (bullseye)")

CPU model: Intel(R) Core(TM) i7-4770 CPU @ 3.40GHz, instruction set [SSE2|AVX|AVX2]
Thread count: 4 physical cores, 8 logical processors, using up to 8 threads

Academic license 2483116 - for non-commercial use only - registered to ni___@fu-berlin.de
Optimize a model with 722 rows, 1600 columns and 5776 nonzeros
Model fingerprint: 0xf2bb0303
Variable types: 0 continuous, 1600 integer (1600 binary)
Coefficient statistics:
  Matrix range     [1e+00, 1e+00]
  Objective range  [0e+00, 0e+00]
  Bounds range     [1e+00, 1e+00]
  RHS range        [0e+00, 0e+00]
Presolve removed 5 rows and 237 columns
Presolve time: 0.01s
Presolved: 717 rows, 1363 columns, 4934 nonzeros
Variable types: 0 continuous, 1363 integer (1359 binary)

Root relaxation: objective 0.000000e+00, 2453 iterations, 0.16 seconds (0.18 work units)

    Nodes    |    Current Node    |     Objective Bounds      |     Work
 Expl Unexpl |  Obj  Depth IntInf | Incumbent    BestBd   Gap | It/Node Time

     0     0    0.00000    0  519          -    0.00000      -     -    0s
     0     0    0.00000    0  653          -    0.00000      -     -    0s
     0     0    0.00000    0  643          -    0.00000      -     -    0s
     0     0    0.00000    0  593          -    0.00000      -     -    1s
     0     0    0.00000    0  574          -    0.00000      -     -    1s
     0     0    0.00000    0  579          -    0.00000      -     -    1s
     0     0    0.00000    0  573          -    0.00000      -     -    1s
     0     0    0.00000    0  584          -    0.00000      -     -    1s
H    0     0                       0.0000000    0.00000  0.00%     -    2s
     0     0    0.00000    0  555    0.00000    0.00000  0.00%     -    2s

Cutting planes:
  Clique: 1
  Zero half: 88

Explored 1 nodes (17358 simplex iterations) in 2.41 seconds (2.47 work units)
Thread count was 8 (of 8 available processors)

Solution count 1: 0 

Optimal solution found (tolerance 1.00e-04)
Best objective 0.000000000000e+00, best bound 0.000000000000e+00, gap 0.0000%

User-callback calls 710, time in user-callback 0.00 sec
Gurobi Optimizer version 11.0.0 build v11.0.0rc2 (linux64 - "Debian GNU/Linux 11 (bullseye)")

CPU model: Intel(R) Core(TM) i7-4770 CPU @ 3.40GHz, instruction set [SSE2|AVX|AVX2]
Thread count: 4 physical cores, 8 logical processors, using up to 8 threads

Academic license 2483116 - for non-commercial use only - registered to ni___@fu-berlin.de
Optimize a model with 722 rows, 1600 columns and 5776 nonzeros
Model fingerprint: 0x396fa445
Variable types: 0 continuous, 1600 integer (1600 binary)
Coefficient statistics:
  Matrix range     [1e+00, 1e+00]
  Objective range  [0e+00, 0e+00]
  Bounds range     [1e+00, 1e+00]
  RHS range        [0e+00, 0e+00]

MIP start from previous solve did not produce a new incumbent solution

Presolve removed 2 rows and 237 columns
Presolve time: 0.01s
Presolved: 720 rows, 1363 columns, 4959 nonzeros
Variable types: 0 continuous, 1363 integer (1359 binary)

Root relaxation: objective 0.000000e+00, 2200 iterations, 0.13 seconds (0.15 work units)

    Nodes    |    Current Node    |     Objective Bounds      |     Work
 Expl Unexpl |  Obj  Depth IntInf | Incumbent    BestBd   Gap | It/Node Time

     0     0    0.00000    0  519          -    0.00000      -     -    0s
     0     0    0.00000    0  662          -    0.00000      -     -    0s
     0     0    0.00000    0  653          -    0.00000      -     -    0s
     0     0    0.00000    0  440          -    0.00000      -     -    1s
     0     0    0.00000    0  490          -    0.00000      -     -    1s
     0     0    0.00000    0  446          -    0.00000      -     -    1s
     0     0    0.00000    0  443          -    0.00000      -     -    1s
     0     0    0.00000    0  437          -    0.00000      -     -    2s
     0     0    0.00000    0  458          -    0.00000      -     -    2s
     0     0    0.00000    0  409          -    0.00000      -     -    2s
     0     0    0.00000    0  409          -    0.00000      -     -    2s

Cutting planes:
  Clique: 1
  Zero half: 19

Explored 1 nodes (21990 simplex iterations) in 3.00 seconds (3.07 work units)
Thread count was 8 (of 8 available processors)

Solution count 0

Time limit reached
Best objective -, best bound 0.000000000000e+00, gap -

User-callback calls 783, time in user-callback 0.00 sec
Gurobi Optimizer version 11.0.0 build v11.0.0rc2 (linux64 - "Debian GNU/Linux 11 (bullseye)")

CPU model: Intel(R) Core(TM) i7-4770 CPU @ 3.40GHz, instruction set [SSE2|AVX|AVX2]
Thread count: 4 physical cores, 8 logical processors, using up to 8 threads

Academic license 2483116 - for non-commercial use only - registered to ni___@fu-berlin.de
Optimize a model with 722 rows, 1600 columns and 5776 nonzeros
Model fingerprint: 0x0fc74638
Variable types: 0 continuous, 1600 integer (1600 binary)
Coefficient statistics:
  Matrix range     [1e+00, 1e+00]
  Objective range  [0e+00, 0e+00]
  Bounds range     [1e+00, 1e+00]
  RHS range        [0e+00, 0e+00]

MIP start from previous solve did not produce a new incumbent solution

Presolve removed 2 rows and 236 columns
Presolve time: 0.01s
Presolved: 720 rows, 1364 columns, 4973 nonzeros
Variable types: 0 continuous, 1364 integer (1361 binary)

Root relaxation: objective 0.000000e+00, 2209 iterations, 0.13 seconds (0.14 work units)

    Nodes    |    Current Node    |     Objective Bounds      |     Work
 Expl Unexpl |  Obj  Depth IntInf | Incumbent    BestBd   Gap | It/Node Time

     0     0    0.00000    0  566          -    0.00000      -     -    0s
     0     0    0.00000    0  651          -    0.00000      -     -    0s
     0     0    0.00000    0  633          -    0.00000      -     -    0s
     0     0    0.00000    0  471          -    0.00000      -     -    1s
     0     0    0.00000    0  539          -    0.00000      -     -    1s
     0     0    0.00000    0  420          -    0.00000      -     -    1s
     0     0    0.00000    0  483          -    0.00000      -     -    1s
     0     0    0.00000    0  375          -    0.00000      -     -    2s
     0     0    0.00000    0  503          -    0.00000      -     -    2s
H    0     0                       0.0000000    0.00000  0.00%     -    2s
     0     0    0.00000    0  352    0.00000    0.00000  0.00%     -    3s

Cutting planes:
  Clique: 2
  MIR: 1
  Zero half: 70
  RLT: 3

Explored 1 nodes (23336 simplex iterations) in 3.00 seconds (3.00 work units)
Thread count was 8 (of 8 available processors)

Solution count 1: 0 

Optimal solution found (tolerance 1.00e-04)
Best objective 0.000000000000e+00, best bound 0.000000000000e+00, gap 0.0000%

User-callback calls 486, time in user-callback 0.00 sec
Gurobi Optimizer version 11.0.0 build v11.0.0rc2 (linux64 - "Debian GNU/Linux 11 (bullseye)")

CPU model: Intel(R) Core(TM) i7-4770 CPU @ 3.40GHz, instruction set [SSE2|AVX|AVX2]
Thread count: 4 physical cores, 8 logical processors, using up to 8 threads

Academic license 2483116 - for non-commercial use only - registered to ni___@fu-berlin.de
Optimize a model with 722 rows, 1600 columns and 5776 nonzeros
Model fingerprint: 0x4c741874
Variable types: 0 continuous, 1600 integer (1600 binary)
Coefficient statistics:
  Matrix range     [1e+00, 1e+00]
  Objective range  [0e+00, 0e+00]
  Bounds range     [1e+00, 1e+00]
  RHS range        [0e+00, 0e+00]

MIP start from previous solve did not produce a new incumbent solution

Presolve removed 3 rows and 234 columns
Presolve time: 0.01s
Presolved: 719 rows, 1366 columns, 4967 nonzeros
Variable types: 0 continuous, 1366 integer (1361 binary)

Root relaxation: objective 0.000000e+00, 1989 iterations, 0.11 seconds (0.12 work units)

    Nodes    |    Current Node    |     Objective Bounds      |     Work
 Expl Unexpl |  Obj  Depth IntInf | Incumbent    BestBd   Gap | It/Node Time

     0     0    0.00000    0  534          -    0.00000      -     -    0s
     0     0    0.00000    0  661          -    0.00000      -     -    0s
     0     0    0.00000    0  596          -    0.00000      -     -    1s
     0     0    0.00000    0  601          -    0.00000      -     -    1s
     0     0    0.00000    0  572          -    0.00000      -     -    1s
     0     0    0.00000    0  571          -    0.00000      -     -    1s
     0     0    0.00000    0  573          -    0.00000      -     -    2s
     0     0    0.00000    0  600          -    0.00000      -     -    2s
     0     0    0.00000    0  582          -    0.00000      -     -    2s
     0     0    0.00000    0  570          -    0.00000      -     -    2s
     0     0    0.00000    0  500          -    0.00000      -     -    2s

Cutting planes:
  Clique: 1
  Zero half: 4

Explored 1 nodes (19601 simplex iterations) in 3.01 seconds (2.74 work units)
Thread count was 8 (of 8 available processors)

Solution count 0

Time limit reached
Best objective -, best bound 0.000000000000e+00, gap -

User-callback calls 648, time in user-callback 0.00 sec
Gurobi Optimizer version 11.0.0 build v11.0.0rc2 (linux64 - "Debian GNU/Linux 11 (bullseye)")

CPU model: Intel(R) Core(TM) i7-4770 CPU @ 3.40GHz, instruction set [SSE2|AVX|AVX2]
Thread count: 4 physical cores, 8 logical processors, using up to 8 threads

Academic license 2483116 - for non-commercial use only - registered to ni___@fu-berlin.de
Optimize a model with 722 rows, 1600 columns and 5776 nonzeros
Model fingerprint: 0x262b04df
Variable types: 0 continuous, 1600 integer (1600 binary)
Coefficient statistics:
  Matrix range     [1e+00, 1e+00]
  Objective range  [0e+00, 0e+00]
  Bounds range     [1e+00, 1e+00]
  RHS range        [0e+00, 0e+00]

MIP start from previous solve did not produce a new incumbent solution

Presolve removed 2 rows and 229 columns
Presolve time: 0.01s
Presolved: 720 rows, 1371 columns, 4967 nonzeros
Variable types: 0 continuous, 1371 integer (1365 binary)

Root relaxation: objective 0.000000e+00, 2082 iterations, 0.12 seconds (0.13 work units)

    Nodes    |    Current Node    |     Objective Bounds      |     Work
 Expl Unexpl |  Obj  Depth IntInf | Incumbent    BestBd   Gap | It/Node Time

     0     0    0.00000    0  577          -    0.00000      -     -    0s
     0     0    0.00000    0  681          -    0.00000      -     -    0s
     0     0    0.00000    0  670          -    0.00000      -     -    0s
     0     0    0.00000    0  529          -    0.00000      -     -    1s
     0     0    0.00000    0  480          -    0.00000      -     -    1s
     0     0    0.00000    0  580          -    0.00000      -     -    1s
H    0     0                       0.0000000    0.00000  0.00%     -    1s
     0     0    0.00000    0  561    0.00000    0.00000  0.00%     -    1s

Cutting planes:
  Gomory: 1
  Clique: 4
  MIR: 3
  Zero half: 109
  RLT: 3

Explored 1 nodes (14690 simplex iterations) in 1.97 seconds (1.99 work units)
Thread count was 8 (of 8 available processors)

Solution count 1: 0 

Optimal solution found (tolerance 1.00e-04)
Best objective 0.000000000000e+00, best bound 0.000000000000e+00, gap 0.0000%

User-callback calls 572, time in user-callback 0.00 sec
Gurobi Optimizer version 11.0.0 build v11.0.0rc2 (linux64 - "Debian GNU/Linux 11 (bullseye)")

CPU model: Intel(R) Core(TM) i7-4770 CPU @ 3.40GHz, instruction set [SSE2|AVX|AVX2]
Thread count: 4 physical cores, 8 logical processors, using up to 8 threads

Academic license 2483116 - for non-commercial use only - registered to ni___@fu-berlin.de
Optimize a model with 722 rows, 1600 columns and 5776 nonzeros
Model fingerprint: 0xb44671d1
Variable types: 0 continuous, 1600 integer (1600 binary)
Coefficient statistics:
  Matrix range     [1e+00, 1e+00]
  Objective range  [0e+00, 0e+00]
  Bounds range     [1e+00, 1e+00]
  RHS range        [0e+00, 0e+00]

MIP start from previous solve did not produce a new incumbent solution

Presolve removed 1 rows and 221 columns
Presolve time: 0.00s

Explored 0 nodes (0 simplex iterations) in 0.05 seconds (0.00 work units)
Thread count was 1 (of 8 available processors)

Solution count 0

Model is infeasible
Best objective -, best bound -, gap -

User-callback calls 37, time in user-callback 0.00 sec
Gurobi Optimizer version 11.0.0 build v11.0.0rc2 (linux64 - "Debian GNU/Linux 11 (bullseye)")

CPU model: Intel(R) Core(TM) i7-4770 CPU @ 3.40GHz, instruction set [SSE2|AVX|AVX2]
Thread count: 4 physical cores, 8 logical processors, using up to 8 threads

Academic license 2483116 - for non-commercial use only - registered to ni___@fu-berlin.de
Optimize a model with 722 rows, 1600 columns and 5776 nonzeros
Model fingerprint: 0x64d825c6
Variable types: 0 continuous, 1600 integer (1600 binary)
Coefficient statistics:
  Matrix range     [1e+00, 1e+00]
  Objective range  [0e+00, 0e+00]
  Bounds range     [1e+00, 1e+00]
  RHS range        [0e+00, 0e+00]

MIP start from previous solve did not produce a new incumbent solution

Presolve removed 6 rows and 239 columns
Presolve time: 0.03s
Presolved: 716 rows, 1361 columns, 4937 nonzeros
Variable types: 0 continuous, 1361 integer (1358 binary)

Root relaxation: objective 0.000000e+00, 2103 iterations, 0.16 seconds (0.13 work units)

    Nodes    |    Current Node    |     Objective Bounds      |     Work
 Expl Unexpl |  Obj  Depth IntInf | Incumbent    BestBd   Gap | It/Node Time

     0     0    0.00000    0  441          -    0.00000      -     -    0s
     0     0    0.00000    0  541          -    0.00000      -     -    0s
     0     0    0.00000    0  608          -    0.00000      -     -    0s
     0     0    0.00000    0  368          -    0.00000      -     -    1s
     0     0    0.00000    0  390          -    0.00000      -     -    1s
     0     0    0.00000    0  403          -    0.00000      -     -    1s
     0     0    0.00000    0  473          -    0.00000      -     -    1s
     0     0    0.00000    0  418          -    0.00000      -     -    2s
     0     0    0.00000    0  420          -    0.00000      -     -    2s
     0     0    0.00000    0  457          -    0.00000      -     -    2s
     0     0    0.00000    0  565          -    0.00000      -     -    2s
     0     0    0.00000    0  563          -    0.00000      -     -    3s

Cutting planes:
  Cover: 3
  Clique: 2
  MIR: 2
  Zero half: 94
  RLT: 3

Explored 1 nodes (22927 simplex iterations) in 3.01 seconds (2.90 work units)
Thread count was 8 (of 8 available processors)

Solution count 0

Time limit reached
Best objective -, best bound 0.000000000000e+00, gap -

User-callback calls 661, time in user-callback 0.00 sec
Gurobi Optimizer version 11.0.0 build v11.0.0rc2 (linux64 - "Debian GNU/Linux 11 (bullseye)")

CPU model: Intel(R) Core(TM) i7-4770 CPU @ 3.40GHz, instruction set [SSE2|AVX|AVX2]
Thread count: 4 physical cores, 8 logical processors, using up to 8 threads

Academic license 2483116 - for non-commercial use only - registered to ni___@fu-berlin.de
Optimize a model with 722 rows, 1600 columns and 5776 nonzeros
Model fingerprint: 0x252c0f48
Variable types: 0 continuous, 1600 integer (1600 binary)
Coefficient statistics:
  Matrix range     [1e+00, 1e+00]
  Objective range  [0e+00, 0e+00]
  Bounds range     [1e+00, 1e+00]
  RHS range        [0e+00, 0e+00]

MIP start from previous solve did not produce a new incumbent solution

Presolve removed 3 rows and 232 columns
Presolve time: 0.01s
Presolved: 719 rows, 1368 columns, 4977 nonzeros
Variable types: 0 continuous, 1368 integer (1365 binary)

Root relaxation: objective 0.000000e+00, 2253 iterations, 0.13 seconds (0.15 work units)

    Nodes    |    Current Node    |     Objective Bounds      |     Work
 Expl Unexpl |  Obj  Depth IntInf | Incumbent    BestBd   Gap | It/Node Time

     0     0    0.00000    0  456          -    0.00000      -     -    0s
     0     0    0.00000    0  523          -    0.00000      -     -    0s
     0     0    0.00000    0  519          -    0.00000      -     -    0s
     0     0    0.00000    0  532          -    0.00000      -     -    1s
     0     0    0.00000    0  561          -    0.00000      -     -    1s
     0     0    0.00000    0  502          -    0.00000      -     -    1s
     0     0    0.00000    0  516          -    0.00000      -     -    1s
     0     0    0.00000    0  481          -    0.00000      -     -    2s
     0     0    0.00000    0  514          -    0.00000      -     -    2s
     0     0    0.00000    0  431          -    0.00000      -     -    2s
     0     0    0.00000    0  431          -    0.00000      -     -    2s

Cutting planes:
  MIR: 2
  Zero half: 9
  RLT: 2

Explored 1 nodes (21327 simplex iterations) in 3.00 seconds (3.21 work units)
Thread count was 8 (of 8 available processors)

Solution count 0

Time limit reached
Best objective -, best bound 0.000000000000e+00, gap -

User-callback calls 943, time in user-callback 0.00 sec
Gurobi Optimizer version 11.0.0 build v11.0.0rc2 (linux64 - "Debian GNU/Linux 11 (bullseye)")

CPU model: Intel(R) Core(TM) i7-4770 CPU @ 3.40GHz, instruction set [SSE2|AVX|AVX2]
Thread count: 4 physical cores, 8 logical processors, using up to 8 threads

Academic license 2483116 - for non-commercial use only - registered to ni___@fu-berlin.de
Optimize a model with 722 rows, 1600 columns and 5776 nonzeros
Model fingerprint: 0x63461646
Variable types: 0 continuous, 1600 integer (1600 binary)
Coefficient statistics:
  Matrix range     [1e+00, 1e+00]
  Objective range  [0e+00, 0e+00]
  Bounds range     [1e+00, 1e+00]
  RHS range        [0e+00, 0e+00]

MIP start from previous solve did not produce a new incumbent solution

Presolve removed 6 rows and 238 columns
Presolve time: 0.01s
Presolved: 716 rows, 1362 columns, 4949 nonzeros
Variable types: 0 continuous, 1362 integer (1357 binary)

Root relaxation: objective 0.000000e+00, 2211 iterations, 0.13 seconds (0.14 work units)

    Nodes    |    Current Node    |     Objective Bounds      |     Work
 Expl Unexpl |  Obj  Depth IntInf | Incumbent    BestBd   Gap | It/Node Time

     0     0    0.00000    0  557          -    0.00000      -     -    0s
     0     0    0.00000    0  653          -    0.00000      -     -    0s
     0     0    0.00000    0  462          -    0.00000      -     -    1s
     0     0    0.00000    0  503          -    0.00000      -     -    1s
     0     0    0.00000    0  482          -    0.00000      -     -    2s
     0     0    0.00000    0  485          -    0.00000      -     -    2s
     0     0    0.00000    0  562          -    0.00000      -     -    2s
     0     0    0.00000    0  571          -    0.00000      -     -    2s
     0     0    0.00000    0  605          -    0.00000      -     -    3s

Cutting planes:
  MIR: 2
  Zero half: 83
  RLT: 6

Explored 1 nodes (21643 simplex iterations) in 3.02 seconds (3.01 work units)
Thread count was 8 (of 8 available processors)

Solution count 0

Time limit reached
Best objective -, best bound 0.000000000000e+00, gap -

User-callback calls 698, time in user-callback 0.00 sec
Gurobi Optimizer version 11.0.0 build v11.0.0rc2 (linux64 - "Debian GNU/Linux 11 (bullseye)")

CPU model: Intel(R) Core(TM) i7-4770 CPU @ 3.40GHz, instruction set [SSE2|AVX|AVX2]
Thread count: 4 physical cores, 8 logical processors, using up to 8 threads

Academic license 2483116 - for non-commercial use only - registered to ni___@fu-berlin.de
Optimize a model with 722 rows, 1600 columns and 5776 nonzeros
Model fingerprint: 0xe0dcd3d0
Variable types: 0 continuous, 1600 integer (1600 binary)
Coefficient statistics:
  Matrix range     [1e+00, 1e+00]
  Objective range  [0e+00, 0e+00]
  Bounds range     [1e+00, 1e+00]
  RHS range        [0e+00, 0e+00]

MIP start from previous solve did not produce a new incumbent solution

Presolve removed 68 rows and 362 columns
Presolve time: 0.02s
Presolved: 654 rows, 1238 columns, 4439 nonzeros
Variable types: 0 continuous, 1238 integer (1234 binary)

Root relaxation: objective 0.000000e+00, 1868 iterations, 0.09 seconds (0.10 work units)

    Nodes    |    Current Node    |     Objective Bounds      |     Work
 Expl Unexpl |  Obj  Depth IntInf | Incumbent    BestBd   Gap | It/Node Time

     0     0    0.00000    0  400          -    0.00000      -     -    0s
     0     0    0.00000    0  589          -    0.00000      -     -    0s
     0     0    0.00000    0  575          -    0.00000      -     -    0s
     0     0    0.00000    0  422          -    0.00000      -     -    0s
     0     0    0.00000    0  430          -    0.00000      -     -    0s
     0     0    0.00000    0  440          -    0.00000      -     -    1s
     0     0    0.00000    0  421          -    0.00000      -     -    1s
     0     0    0.00000    0  416          -    0.00000      -     -    1s
     0     0    0.00000    0  387          -    0.00000      -     -    1s
     0     0    0.00000    0  361          -    0.00000      -     -    1s
     0     2    0.00000    0  330          -    0.00000      -     -    2s

Cutting planes:
  Cover: 5
  Clique: 2
  Zero half: 17
  RLT: 2

Explored 184 nodes (26151 simplex iterations) in 3.00 seconds (3.28 work units)
Thread count was 8 (of 8 available processors)

Solution count 0

Time limit reached
Best objective -, best bound 0.000000000000e+00, gap -

User-callback calls 1736, time in user-callback 0.00 sec
Gurobi Optimizer version 11.0.0 build v11.0.0rc2 (linux64 - "Debian GNU/Linux 11 (bullseye)")

CPU model: Intel(R) Core(TM) i7-4770 CPU @ 3.40GHz, instruction set [SSE2|AVX|AVX2]
Thread count: 4 physical cores, 8 logical processors, using up to 8 threads

Academic license 2483116 - for non-commercial use only - registered to ni___@fu-berlin.de
Optimize a model with 722 rows, 1600 columns and 5776 nonzeros
Model fingerprint: 0x71683a9a
Variable types: 0 continuous, 1600 integer (1600 binary)
Coefficient statistics:
  Matrix range     [1e+00, 1e+00]
  Objective range  [0e+00, 0e+00]
  Bounds range     [1e+00, 1e+00]
  RHS range        [0e+00, 0e+00]

MIP start from previous solve did not produce a new incumbent solution

Presolve removed 2 rows and 228 columns
Presolve time: 0.01s
Presolved: 720 rows, 1372 columns, 4978 nonzeros
Variable types: 0 continuous, 1372 integer (1367 binary)

Root relaxation: objective 0.000000e+00, 2200 iterations, 0.12 seconds (0.14 work units)

    Nodes    |    Current Node    |     Objective Bounds      |     Work
 Expl Unexpl |  Obj  Depth IntInf | Incumbent    BestBd   Gap | It/Node Time

     0     0    0.00000    0  457          -    0.00000      -     -    0s
     0     0    0.00000    0  625          -    0.00000      -     -    0s
     0     0    0.00000    0  654          -    0.00000      -     -    0s
     0     0    0.00000    0  466          -    0.00000      -     -    1s
     0     0    0.00000    0  539          -    0.00000      -     -    1s
H    0     0                       0.0000000    0.00000  0.00%     -    1s
     0     0    0.00000    0  482    0.00000    0.00000  0.00%     -    1s

Cutting planes:
  MIR: 1
  Zero half: 92

Explored 1 nodes (14154 simplex iterations) in 1.64 seconds (1.72 work units)
Thread count was 8 (of 8 available processors)

Solution count 1: 0 

Optimal solution found (tolerance 1.00e-04)
Best objective 0.000000000000e+00, best bound 0.000000000000e+00, gap 0.0000%

User-callback calls 490, time in user-callback 0.00 sec
Gurobi Optimizer version 11.0.0 build v11.0.0rc2 (linux64 - "Debian GNU/Linux 11 (bullseye)")

CPU model: Intel(R) Core(TM) i7-4770 CPU @ 3.40GHz, instruction set [SSE2|AVX|AVX2]
Thread count: 4 physical cores, 8 logical processors, using up to 8 threads

Academic license 2483116 - for non-commercial use only - registered to ni___@fu-berlin.de
Optimize a model with 722 rows, 1600 columns and 5776 nonzeros
Model fingerprint: 0xbb498c28
Variable types: 0 continuous, 1600 integer (1600 binary)
Coefficient statistics:
  Matrix range     [1e+00, 1e+00]
  Objective range  [0e+00, 0e+00]
  Bounds range     [1e+00, 1e+00]
  RHS range        [0e+00, 0e+00]

MIP start from previous solve did not produce a new incumbent solution

Presolve removed 0 rows and 221 columns
Presolve time: 0.01s
Presolved: 722 rows, 1379 columns, 5009 nonzeros
Variable types: 0 continuous, 1379 integer (1375 binary)

Root relaxation: objective 0.000000e+00, 2204 iterations, 0.13 seconds (0.14 work units)

    Nodes    |    Current Node    |     Objective Bounds      |     Work
 Expl Unexpl |  Obj  Depth IntInf | Incumbent    BestBd   Gap | It/Node Time

     0     0    0.00000    0  489          -    0.00000      -     -    0s
     0     0    0.00000    0  679          -    0.00000      -     -    0s
     0     0    0.00000    0  667          -    0.00000      -     -    0s
     0     0    0.00000    0  451          -    0.00000      -     -    1s
     0     0    0.00000    0  471          -    0.00000      -     -    1s
     0     0    0.00000    0  448          -    0.00000      -     -    1s
     0     0    0.00000    0  447          -    0.00000      -     -    1s
     0     0    0.00000    0  473          -    0.00000      -     -    2s
     0     0    0.00000    0  473          -    0.00000      -     -    2s

Cutting planes:
  Clique: 1
  MIR: 1
  Zero half: 24
  RLT: 2

Explored 1 nodes (20765 simplex iterations) in 3.00 seconds (3.12 work units)
Thread count was 8 (of 8 available processors)

Solution count 0

Time limit reached
Best objective -, best bound 0.000000000000e+00, gap -

User-callback calls 950, time in user-callback 0.00 sec
Gurobi Optimizer version 11.0.0 build v11.0.0rc2 (linux64 - "Debian GNU/Linux 11 (bullseye)")

CPU model: Intel(R) Core(TM) i7-4770 CPU @ 3.40GHz, instruction set [SSE2|AVX|AVX2]
Thread count: 4 physical cores, 8 logical processors, using up to 8 threads

Academic license 2483116 - for non-commercial use only - registered to ni___@fu-berlin.de
Optimize a model with 722 rows, 1600 columns and 5776 nonzeros
Model fingerprint: 0x0edaace7
Variable types: 0 continuous, 1600 integer (1600 binary)
Coefficient statistics:
  Matrix range     [1e+00, 1e+00]
  Objective range  [0e+00, 0e+00]
  Bounds range     [1e+00, 1e+00]
  RHS range        [0e+00, 0e+00]

MIP start from previous solve did not produce a new incumbent solution

Presolve removed 2 rows and 232 columns
Presolve time: 0.01s
Presolved: 720 rows, 1368 columns, 4963 nonzeros
Variable types: 0 continuous, 1368 integer (1365 binary)

Root relaxation: objective 0.000000e+00, 2482 iterations, 0.16 seconds (0.18 work units)

    Nodes    |    Current Node    |     Objective Bounds      |     Work
 Expl Unexpl |  Obj  Depth IntInf | Incumbent    BestBd   Gap | It/Node Time

     0     0    0.00000    0  494          -    0.00000      -     -    0s
     0     0    0.00000    0  620          -    0.00000      -     -    0s
     0     0    0.00000    0  551          -    0.00000      -     -    1s
     0     0    0.00000    0  553          -    0.00000      -     -    1s
     0     0    0.00000    0  531          -    0.00000      -     -    2s
     0     0    0.00000    0  540          -    0.00000      -     -    2s
     0     0    0.00000    0  577          -    0.00000      -     -    2s
     0     0    0.00000    0  577          -    0.00000      -     -    2s

Cutting planes:
  Clique: 6
  Zero half: 8
  RLT: 1

Explored 1 nodes (19992 simplex iterations) in 3.00 seconds (3.04 work units)
Thread count was 8 (of 8 available processors)

Solution count 0

Time limit reached
Best objective -, best bound 0.000000000000e+00, gap -

User-callback calls 824, time in user-callback 0.00 sec
Gurobi Optimizer version 11.0.0 build v11.0.0rc2 (linux64 - "Debian GNU/Linux 11 (bullseye)")

CPU model: Intel(R) Core(TM) i7-4770 CPU @ 3.40GHz, instruction set [SSE2|AVX|AVX2]
Thread count: 4 physical cores, 8 logical processors, using up to 8 threads

Academic license 2483116 - for non-commercial use only - registered to ni___@fu-berlin.de
Optimize a model with 722 rows, 1600 columns and 5776 nonzeros
Model fingerprint: 0x3d30c999
Variable types: 0 continuous, 1600 integer (1600 binary)
Coefficient statistics:
  Matrix range     [1e+00, 1e+00]
  Objective range  [0e+00, 0e+00]
  Bounds range     [1e+00, 1e+00]
  RHS range        [0e+00, 0e+00]

MIP start from previous solve did not produce a new incumbent solution

Presolve removed 5 rows and 238 columns
Presolve time: 0.01s
Presolved: 717 rows, 1362 columns, 4961 nonzeros
Variable types: 0 continuous, 1362 integer (1357 binary)

Root relaxation: objective 0.000000e+00, 2238 iterations, 0.13 seconds (0.15 work units)

    Nodes    |    Current Node    |     Objective Bounds      |     Work
 Expl Unexpl |  Obj  Depth IntInf | Incumbent    BestBd   Gap | It/Node Time

     0     0    0.00000    0  507          -    0.00000      -     -    0s
     0     0    0.00000    0  662          -    0.00000      -     -    0s
     0     0    0.00000    0  561          -    0.00000      -     -    1s
     0     0    0.00000    0  592          -    0.00000      -     -    1s
     0     0    0.00000    0  549          -    0.00000      -     -    1s
     0     0    0.00000    0  558          -    0.00000      -     -    1s
     0     0    0.00000    0  479          -    0.00000      -     -    2s
     0     0    0.00000    0  490          -    0.00000      -     -    2s
     0     0    0.00000    0  496          -    0.00000      -     -    2s
     0     0    0.00000    0  449          -    0.00000      -     -    2s

Cutting planes:
  Zero half: 7
  RLT: 1

Explored 1 nodes (20689 simplex iterations) in 3.00 seconds (3.04 work units)
Thread count was 8 (of 8 available processors)

Solution count 0

Time limit reached
Best objective -, best bound 0.000000000000e+00, gap -

User-callback calls 803, time in user-callback 0.00 sec
Gurobi Optimizer version 11.0.0 build v11.0.0rc2 (linux64 - "Debian GNU/Linux 11 (bullseye)")

CPU model: Intel(R) Core(TM) i7-4770 CPU @ 3.40GHz, instruction set [SSE2|AVX|AVX2]
Thread count: 4 physical cores, 8 logical processors, using up to 8 threads

Academic license 2483116 - for non-commercial use only - registered to ni___@fu-berlin.de
Optimize a model with 722 rows, 1600 columns and 5776 nonzeros
Model fingerprint: 0x44276c7b
Variable types: 0 continuous, 1600 integer (1600 binary)
Coefficient statistics:
  Matrix range     [1e+00, 1e+00]
  Objective range  [0e+00, 0e+00]
  Bounds range     [1e+00, 1e+00]
  RHS range        [0e+00, 0e+00]

MIP start from previous solve did not produce a new incumbent solution

Presolve removed 1 rows and 229 columns
Presolve time: 0.01s
Presolved: 721 rows, 1371 columns, 4993 nonzeros
Variable types: 0 continuous, 1371 integer (1366 binary)

Root relaxation: objective 0.000000e+00, 2268 iterations, 0.13 seconds (0.15 work units)

    Nodes    |    Current Node    |     Objective Bounds      |     Work
 Expl Unexpl |  Obj  Depth IntInf | Incumbent    BestBd   Gap | It/Node Time

     0     0    0.00000    0  541          -    0.00000      -     -    0s
     0     0    0.00000    0  649          -    0.00000      -     -    0s
     0     0    0.00000    0  658          -    0.00000      -     -    0s
     0     0    0.00000    0  513          -    0.00000      -     -    1s
     0     0    0.00000    0  493          -    0.00000      -     -    1s
     0     0    0.00000    0  573          -    0.00000      -     -    1s
     0     0    0.00000    0  428          -    0.00000      -     -    2s
     0     0    0.00000    0  532          -    0.00000      -     -    2s
     0     0    0.00000    0  430          -    0.00000      -     -    2s
     0     0    0.00000    0  526          -    0.00000      -     -    2s
     0     0    0.00000    0  457          -    0.00000      -     -    3s

Cutting planes:
  Zero half: 72
  RLT: 2

Explored 1 nodes (25218 simplex iterations) in 3.01 seconds (3.28 work units)
Thread count was 8 (of 8 available processors)

Solution count 0

Time limit reached
Best objective -, best bound 0.000000000000e+00, gap -

User-callback calls 516, time in user-callback 0.00 sec
Gurobi Optimizer version 11.0.0 build v11.0.0rc2 (linux64 - "Debian GNU/Linux 11 (bullseye)")

CPU model: Intel(R) Core(TM) i7-4770 CPU @ 3.40GHz, instruction set [SSE2|AVX|AVX2]
Thread count: 4 physical cores, 8 logical processors, using up to 8 threads

Academic license 2483116 - for non-commercial use only - registered to ni___@fu-berlin.de
Optimize a model with 722 rows, 1600 columns and 5776 nonzeros
Model fingerprint: 0xf77bbbdc
Variable types: 0 continuous, 1600 integer (1600 binary)
Coefficient statistics:
  Matrix range     [1e+00, 1e+00]
  Objective range  [0e+00, 0e+00]
  Bounds range     [1e+00, 1e+00]
  RHS range        [0e+00, 0e+00]

MIP start from previous solve did not produce a new incumbent solution

Presolve removed 0 rows and 219 columns
Presolve time: 0.00s

Explored 0 nodes (0 simplex iterations) in 0.18 seconds (0.00 work units)
Thread count was 1 (of 8 available processors)

Solution count 0

Model is infeasible
Best objective -, best bound -, gap -

User-callback calls 37, time in user-callback 0.00 sec
Gurobi Optimizer version 11.0.0 build v11.0.0rc2 (linux64 - "Debian GNU/Linux 11 (bullseye)")

CPU model: Intel(R) Core(TM) i7-4770 CPU @ 3.40GHz, instruction set [SSE2|AVX|AVX2]
Thread count: 4 physical cores, 8 logical processors, using up to 8 threads

Academic license 2483116 - for non-commercial use only - registered to ni___@fu-berlin.de
Optimize a model with 722 rows, 1600 columns and 5776 nonzeros
Model fingerprint: 0xe2ea46a2
Variable types: 0 continuous, 1600 integer (1600 binary)
Coefficient statistics:
  Matrix range     [1e+00, 1e+00]
  Objective range  [0e+00, 0e+00]
  Bounds range     [1e+00, 1e+00]
  RHS range        [0e+00, 0e+00]

MIP start from previous solve did not produce a new incumbent solution

Presolve removed 5 rows and 238 columns
Presolve time: 0.06s
Presolved: 717 rows, 1362 columns, 4970 nonzeros
Variable types: 0 continuous, 1362 integer (1358 binary)

Root relaxation: objective 0.000000e+00, 2103 iterations, 0.13 seconds (0.15 work units)

    Nodes    |    Current Node    |     Objective Bounds      |     Work
 Expl Unexpl |  Obj  Depth IntInf | Incumbent    BestBd   Gap | It/Node Time

     0     0    0.00000    0  510          -    0.00000      -     -    0s
     0     0    0.00000    0  618          -    0.00000      -     -    0s
     0     0    0.00000    0  617          -    0.00000      -     -    0s
     0     0    0.00000    0  523          -    0.00000      -     -    1s
     0     0    0.00000    0  543          -    0.00000      -     -    1s
H    0     0                       0.0000000    0.00000  0.00%     -    1s
     0     0    0.00000    0  563    0.00000    0.00000  0.00%     -    1s

Cutting planes:
  Gomory: 1
  Clique: 1
  MIR: 2
  Zero half: 116
  RLT: 3

Explored 1 nodes (12927 simplex iterations) in 1.63 seconds (1.65 work units)
Thread count was 8 (of 8 available processors)

Solution count 1: 0 

Optimal solution found (tolerance 1.00e-04)
Best objective 0.000000000000e+00, best bound 0.000000000000e+00, gap 0.0000%

User-callback calls 656, time in user-callback 0.00 sec
Gurobi Optimizer version 11.0.0 build v11.0.0rc2 (linux64 - "Debian GNU/Linux 11 (bullseye)")

CPU model: Intel(R) Core(TM) i7-4770 CPU @ 3.40GHz, instruction set [SSE2|AVX|AVX2]
Thread count: 4 physical cores, 8 logical processors, using up to 8 threads

Academic license 2483116 - for non-commercial use only - registered to ni___@fu-berlin.de
Optimize a model with 722 rows, 1600 columns and 5776 nonzeros
Model fingerprint: 0x024ad8aa
Variable types: 0 continuous, 1600 integer (1600 binary)
Coefficient statistics:
  Matrix range     [1e+00, 1e+00]
  Objective range  [0e+00, 0e+00]
  Bounds range     [1e+00, 1e+00]
  RHS range        [0e+00, 0e+00]

MIP start from previous solve did not produce a new incumbent solution

Presolve removed 50 rows and 364 columns
Presolve time: 0.02s

Explored 0 nodes (0 simplex iterations) in 0.05 seconds (0.03 work units)
Thread count was 1 (of 8 available processors)

Solution count 0

Model is infeasible
Best objective -, best bound -, gap -

User-callback calls 784, time in user-callback 0.00 sec
Gurobi Optimizer version 11.0.0 build v11.0.0rc2 (linux64 - "Debian GNU/Linux 11 (bullseye)")

CPU model: Intel(R) Core(TM) i7-4770 CPU @ 3.40GHz, instruction set [SSE2|AVX|AVX2]
Thread count: 4 physical cores, 8 logical processors, using up to 8 threads

Academic license 2483116 - for non-commercial use only - registered to ni___@fu-berlin.de
Optimize a model with 722 rows, 1600 columns and 5776 nonzeros
Model fingerprint: 0xcf851654
Variable types: 0 continuous, 1600 integer (1600 binary)
Coefficient statistics:
  Matrix range     [1e+00, 1e+00]
  Objective range  [0e+00, 0e+00]
  Bounds range     [1e+00, 1e+00]
  RHS range        [0e+00, 0e+00]

MIP start from previous solve did not produce a new incumbent solution

Presolve removed 12 rows and 260 columns
Presolve time: 0.02s
Presolved: 710 rows, 1340 columns, 4886 nonzeros
Variable types: 0 continuous, 1340 integer (1337 binary)

Root relaxation: objective 0.000000e+00, 1967 iterations, 0.10 seconds (0.11 work units)

    Nodes    |    Current Node    |     Objective Bounds      |     Work
 Expl Unexpl |  Obj  Depth IntInf | Incumbent    BestBd   Gap | It/Node Time

     0     0    0.00000    0  533          -    0.00000      -     -    0s
     0     0    0.00000    0  634          -    0.00000      -     -    0s
     0     0    0.00000    0  628          -    0.00000      -     -    0s
     0     0    0.00000    0  509          -    0.00000      -     -    1s
     0     0    0.00000    0  457          -    0.00000      -     -    1s
     0     0    0.00000    0  397          -    0.00000      -     -    1s
     0     0    0.00000    0  486          -    0.00000      -     -    1s
     0     0    0.00000    0  391          -    0.00000      -     -    2s
     0     0    0.00000    0  462          -    0.00000      -     -    2s
     0     0    0.00000    0  335          -    0.00000      -     -    2s
     0     0    0.00000    0  333          -    0.00000      -     -    2s
     0     0    0.00000    0  451          -    0.00000      -     -    3s

Cutting planes:
  Clique: 5
  Zero half: 76
  RLT: 3

Explored 1 nodes (23089 simplex iterations) in 3.20 seconds (3.07 work units)
Thread count was 8 (of 8 available processors)

Solution count 0

Time limit reached
Best objective -, best bound 0.000000000000e+00, gap -

User-callback calls 610, time in user-callback 0.00 sec
Gurobi Optimizer version 11.0.0 build v11.0.0rc2 (linux64 - "Debian GNU/Linux 11 (bullseye)")

CPU model: Intel(R) Core(TM) i7-4770 CPU @ 3.40GHz, instruction set [SSE2|AVX|AVX2]
Thread count: 4 physical cores, 8 logical processors, using up to 8 threads

Academic license 2483116 - for non-commercial use only - registered to ni___@fu-berlin.de
Optimize a model with 722 rows, 1600 columns and 5776 nonzeros
Model fingerprint: 0x7960cc84
Variable types: 0 continuous, 1600 integer (1600 binary)
Coefficient statistics:
  Matrix range     [1e+00, 1e+00]
  Objective range  [0e+00, 0e+00]
  Bounds range     [1e+00, 1e+00]
  RHS range        [0e+00, 0e+00]

MIP start from previous solve did not produce a new incumbent solution

Presolve removed 3 rows and 235 columns
Presolve time: 0.01s
Presolved: 719 rows, 1365 columns, 4963 nonzeros
Variable types: 0 continuous, 1365 integer (1363 binary)

Root relaxation: objective 0.000000e+00, 2117 iterations, 0.14 seconds (0.14 work units)

    Nodes    |    Current Node    |     Objective Bounds      |     Work
 Expl Unexpl |  Obj  Depth IntInf | Incumbent    BestBd   Gap | It/Node Time

     0     0    0.00000    0  510          -    0.00000      -     -    0s
     0     0    0.00000    0  673          -    0.00000      -     -    0s
     0     0    0.00000    0  656          -    0.00000      -     -    0s
     0     0    0.00000    0  537          -    0.00000      -     -    1s
     0     0    0.00000    0  555          -    0.00000      -     -    1s
     0     0    0.00000    0  504          -    0.00000      -     -    1s
     0     0    0.00000    0  432          -    0.00000      -     -    2s
     0     0    0.00000    0  445          -    0.00000      -     -    2s
     0     0    0.00000    0  523          -    0.00000      -     -    2s
     0     0    0.00000    0  574          -    0.00000      -     -    2s
     0     0    0.00000    0  532          -    0.00000      -     -    3s

Cutting planes:
  Clique: 1
  Zero half: 72
  RLT: 3

Explored 1 nodes (23772 simplex iterations) in 3.01 seconds (3.16 work units)
Thread count was 8 (of 8 available processors)

Solution count 0

Time limit reached
Best objective -, best bound 0.000000000000e+00, gap -

User-callback calls 577, time in user-callback 0.00 sec
Gurobi Optimizer version 11.0.0 build v11.0.0rc2 (linux64 - "Debian GNU/Linux 11 (bullseye)")

CPU model: Intel(R) Core(TM) i7-4770 CPU @ 3.40GHz, instruction set [SSE2|AVX|AVX2]
Thread count: 4 physical cores, 8 logical processors, using up to 8 threads

Academic license 2483116 - for non-commercial use only - registered to ni___@fu-berlin.de
Optimize a model with 722 rows, 1600 columns and 5776 nonzeros
Model fingerprint: 0x06f6ecf4
Variable types: 0 continuous, 1600 integer (1600 binary)
Coefficient statistics:
  Matrix range     [1e+00, 1e+00]
  Objective range  [0e+00, 0e+00]
  Bounds range     [1e+00, 1e+00]
  RHS range        [0e+00, 0e+00]

MIP start from previous solve did not produce a new incumbent solution

Presolve removed 20 rows and 268 columns
Presolve time: 0.01s

Explored 0 nodes (0 simplex iterations) in 0.05 seconds (0.02 work units)
Thread count was 1 (of 8 available processors)

Solution count 0

Model is infeasible
Best objective -, best bound -, gap -

User-callback calls 304, time in user-callback 0.00 sec
Gurobi Optimizer version 11.0.0 build v11.0.0rc2 (linux64 - "Debian GNU/Linux 11 (bullseye)")

CPU model: Intel(R) Core(TM) i7-4770 CPU @ 3.40GHz, instruction set [SSE2|AVX|AVX2]
Thread count: 4 physical cores, 8 logical processors, using up to 8 threads

Academic license 2483116 - for non-commercial use only - registered to ni___@fu-berlin.de
Optimize a model with 722 rows, 1600 columns and 5776 nonzeros
Model fingerprint: 0xa78d0776
Variable types: 0 continuous, 1600 integer (1600 binary)
Coefficient statistics:
  Matrix range     [1e+00, 1e+00]
  Objective range  [0e+00, 0e+00]
  Bounds range     [1e+00, 1e+00]
  RHS range        [0e+00, 0e+00]

MIP start from previous solve did not produce a new incumbent solution

Presolve removed 1 rows and 214 columns
Presolve time: 0.01s
Presolved: 721 rows, 1386 columns, 5016 nonzeros
Variable types: 0 continuous, 1386 integer (1383 binary)

Root relaxation: objective 0.000000e+00, 2290 iterations, 0.15 seconds (0.15 work units)

    Nodes    |    Current Node    |     Objective Bounds      |     Work
 Expl Unexpl |  Obj  Depth IntInf | Incumbent    BestBd   Gap | It/Node Time

     0     0    0.00000    0  571          -    0.00000      -     -    0s
     0     0    0.00000    0  678          -    0.00000      -     -    0s
     0     0    0.00000    0  683          -    0.00000      -     -    0s
     0     0    0.00000    0  514          -    0.00000      -     -    1s
     0     0    0.00000    0  503          -    0.00000      -     -    1s
     0     0    0.00000    0  414          -    0.00000      -     -    1s
     0     0    0.00000    0  478          -    0.00000      -     -    2s
     0     0    0.00000    0  529          -    0.00000      -     -    2s
     0     0    0.00000    0  414          -    0.00000      -     -    2s
     0     0    0.00000    0  387          -    0.00000      -     -    2s

Cutting planes:
  Zero half: 12

Explored 1 nodes (22141 simplex iterations) in 3.00 seconds (3.05 work units)
Thread count was 8 (of 8 available processors)

Solution count 0

Time limit reached
Best objective -, best bound 0.000000000000e+00, gap -

User-callback calls 766, time in user-callback 0.00 sec
Gurobi Optimizer version 11.0.0 build v11.0.0rc2 (linux64 - "Debian GNU/Linux 11 (bullseye)")

CPU model: Intel(R) Core(TM) i7-4770 CPU @ 3.40GHz, instruction set [SSE2|AVX|AVX2]
Thread count: 4 physical cores, 8 logical processors, using up to 8 threads

Academic license 2483116 - for non-commercial use only - registered to ni___@fu-berlin.de
Optimize a model with 722 rows, 1600 columns and 5776 nonzeros
Model fingerprint: 0x91761755
Variable types: 0 continuous, 1600 integer (1600 binary)
Coefficient statistics:
  Matrix range     [1e+00, 1e+00]
  Objective range  [0e+00, 0e+00]
  Bounds range     [1e+00, 1e+00]
  RHS range        [0e+00, 0e+00]

MIP start from previous solve did not produce a new incumbent solution

Presolve removed 0 rows and 223 columns
Presolve time: 0.00s

Explored 0 nodes (0 simplex iterations) in 0.05 seconds (0.00 work units)
Thread count was 1 (of 8 available processors)

Solution count 0

Model is infeasible
Best objective -, best bound -, gap -

User-callback calls 37, time in user-callback 0.00 sec
Gurobi Optimizer version 11.0.0 build v11.0.0rc2 (linux64 - "Debian GNU/Linux 11 (bullseye)")

CPU model: Intel(R) Core(TM) i7-4770 CPU @ 3.40GHz, instruction set [SSE2|AVX|AVX2]
Thread count: 4 physical cores, 8 logical processors, using up to 8 threads

Academic license 2483116 - for non-commercial use only - registered to ni___@fu-berlin.de
Optimize a model with 722 rows, 1600 columns and 5776 nonzeros
Model fingerprint: 0xf89ea6c5
Variable types: 0 continuous, 1600 integer (1600 binary)
Coefficient statistics:
  Matrix range     [1e+00, 1e+00]
  Objective range  [0e+00, 0e+00]
  Bounds range     [1e+00, 1e+00]
  RHS range        [0e+00, 0e+00]

MIP start from previous solve did not produce a new incumbent solution

Presolve removed 1 rows and 220 columns
Presolve time: 0.01s
Presolved: 721 rows, 1380 columns, 5026 nonzeros
Variable types: 0 continuous, 1380 integer (1376 binary)

Root relaxation: objective 0.000000e+00, 2440 iterations, 0.16 seconds (0.18 work units)

    Nodes    |    Current Node    |     Objective Bounds      |     Work
 Expl Unexpl |  Obj  Depth IntInf | Incumbent    BestBd   Gap | It/Node Time

     0     0    0.00000    0  583          -    0.00000      -     -    0s
     0     0    0.00000    0  639          -    0.00000      -     -    0s
     0     0    0.00000    0  479          -    0.00000      -     -    1s
     0     0    0.00000    0  517          -    0.00000      -     -    1s
     0     0    0.00000    0  354          -    0.00000      -     -    1s
     0     0    0.00000    0  447          -    0.00000      -     -    2s
     0     0    0.00000    0  484          -    0.00000      -     -    2s
     0     0    0.00000    0  472          -    0.00000      -     -    2s
     0     0    0.00000    0  509          -    0.00000      -     -    2s
     0     0    0.00000    0  508          -    0.00000      -     -    2s
     0     0    0.00000    0  652          -    0.00000      -     -    2s

Cutting planes:
  Gomory: 1
  MIR: 4
  Zero half: 78

Explored 1 nodes (22540 simplex iterations) in 3.03 seconds (3.11 work units)
Thread count was 8 (of 8 available processors)

Solution count 0

Time limit reached
Best objective -, best bound 0.000000000000e+00, gap -

User-callback calls 512, time in user-callback 0.00 sec
Gurobi Optimizer version 11.0.0 build v11.0.0rc2 (linux64 - "Debian GNU/Linux 11 (bullseye)")

CPU model: Intel(R) Core(TM) i7-4770 CPU @ 3.40GHz, instruction set [SSE2|AVX|AVX2]
Thread count: 4 physical cores, 8 logical processors, using up to 8 threads

Academic license 2483116 - for non-commercial use only - registered to ni___@fu-berlin.de
Optimize a model with 722 rows, 1600 columns and 5776 nonzeros
Model fingerprint: 0x071816bb
Variable types: 0 continuous, 1600 integer (1600 binary)
Coefficient statistics:
  Matrix range     [1e+00, 1e+00]
  Objective range  [0e+00, 0e+00]
  Bounds range     [1e+00, 1e+00]
  RHS range        [0e+00, 0e+00]

MIP start from previous solve did not produce a new incumbent solution

Presolve removed 8 rows and 244 columns
Presolve time: 0.00s

Explored 0 nodes (0 simplex iterations) in 0.33 seconds (0.00 work units)
Thread count was 1 (of 8 available processors)

Solution count 0

Model is infeasible
Best objective -, best bound -, gap -

User-callback calls 52, time in user-callback 0.00 sec
Gurobi Optimizer version 11.0.0 build v11.0.0rc2 (linux64 - "Debian GNU/Linux 11 (bullseye)")

CPU model: Intel(R) Core(TM) i7-4770 CPU @ 3.40GHz, instruction set [SSE2|AVX|AVX2]
Thread count: 4 physical cores, 8 logical processors, using up to 8 threads

Academic license 2483116 - for non-commercial use only - registered to ni___@fu-berlin.de
Optimize a model with 722 rows, 1600 columns and 5776 nonzeros
Model fingerprint: 0x40b8dfd4
Variable types: 0 continuous, 1600 integer (1600 binary)
Coefficient statistics:
  Matrix range     [1e+00, 1e+00]
  Objective range  [0e+00, 0e+00]
  Bounds range     [1e+00, 1e+00]
  RHS range        [0e+00, 0e+00]

MIP start from previous solve did not produce a new incumbent solution

Presolve removed 7 rows and 251 columns
Presolve time: 0.01s
Presolved: 715 rows, 1349 columns, 4907 nonzeros
Variable types: 0 continuous, 1349 integer (1345 binary)

Root relaxation: objective 0.000000e+00, 2173 iterations, 0.14 seconds (0.14 work units)

    Nodes    |    Current Node    |     Objective Bounds      |     Work
 Expl Unexpl |  Obj  Depth IntInf | Incumbent    BestBd   Gap | It/Node Time

     0     0    0.00000    0  550          -    0.00000      -     -    0s
     0     0    0.00000    0  651          -    0.00000      -     -    0s
     0     0    0.00000    0  616          -    0.00000      -     -    1s
     0     0    0.00000    0  629          -    0.00000      -     -    1s
     0     0    0.00000    0  551          -    0.00000      -     -    1s
     0     0    0.00000    0  552          -    0.00000      -     -    1s
     0     0    0.00000    0  527          -    0.00000      -     -    2s
     0     0    0.00000    0  566          -    0.00000      -     -    2s
     0     0    0.00000    0  554          -    0.00000      -     -    2s
     0     0    0.00000    0  379          -    0.00000      -     -    2s

Cutting planes:
  MIR: 2
  Inf proof: 1
  Zero half: 2
  RLT: 2

Explored 1 nodes (20690 simplex iterations) in 3.00 seconds (2.91 work units)
Thread count was 8 (of 8 available processors)

Solution count 0

Time limit reached
Best objective -, best bound 0.000000000000e+00, gap -

User-callback calls 743, time in user-callback 0.00 sec
Gurobi Optimizer version 11.0.0 build v11.0.0rc2 (linux64 - "Debian GNU/Linux 11 (bullseye)")

CPU model: Intel(R) Core(TM) i7-4770 CPU @ 3.40GHz, instruction set [SSE2|AVX|AVX2]
Thread count: 4 physical cores, 8 logical processors, using up to 8 threads

Academic license 2483116 - for non-commercial use only - registered to ni___@fu-berlin.de
Optimize a model with 722 rows, 1600 columns and 5776 nonzeros
Model fingerprint: 0x81686a24
Variable types: 0 continuous, 1600 integer (1600 binary)
Coefficient statistics:
  Matrix range     [1e+00, 1e+00]
  Objective range  [0e+00, 0e+00]
  Bounds range     [1e+00, 1e+00]
  RHS range        [0e+00, 0e+00]

MIP start from previous solve did not produce a new incumbent solution

Presolve removed 11 rows and 254 columns
Presolve time: 0.02s
Presolved: 711 rows, 1346 columns, 4876 nonzeros
Variable types: 0 continuous, 1346 integer (1342 binary)

Root relaxation: objective 0.000000e+00, 2110 iterations, 0.14 seconds (0.14 work units)

    Nodes    |    Current Node    |     Objective Bounds      |     Work
 Expl Unexpl |  Obj  Depth IntInf | Incumbent    BestBd   Gap | It/Node Time

     0     0    0.00000    0  464          -    0.00000      -     -    0s
     0     0    0.00000    0  591          -    0.00000      -     -    0s
     0     0    0.00000    0  579          -    0.00000      -     -    0s
     0     0    0.00000    0  580          -    0.00000      -     -    1s
     0     0    0.00000    0  627          -    0.00000      -     -    1s
H    0     0                       0.0000000    0.00000  0.00%     -    1s
     0     0    0.00000    0  488    0.00000    0.00000  0.00%     -    1s

Cutting planes:
  Zero half: 91
  RLT: 3

Explored 1 nodes (12480 simplex iterations) in 1.68 seconds (1.54 work units)
Thread count was 8 (of 8 available processors)

Solution count 1: 0 

Optimal solution found (tolerance 1.00e-04)
Best objective 0.000000000000e+00, best bound 0.000000000000e+00, gap 0.0000%

User-callback calls 703, time in user-callback 0.00 sec
Gurobi Optimizer version 11.0.0 build v11.0.0rc2 (linux64 - "Debian GNU/Linux 11 (bullseye)")

CPU model: Intel(R) Core(TM) i7-4770 CPU @ 3.40GHz, instruction set [SSE2|AVX|AVX2]
Thread count: 4 physical cores, 8 logical processors, using up to 8 threads

Academic license 2483116 - for non-commercial use only - registered to ni___@fu-berlin.de
Optimize a model with 722 rows, 1600 columns and 5776 nonzeros
Model fingerprint: 0xacfd6300
Variable types: 0 continuous, 1600 integer (1600 binary)
Coefficient statistics:
  Matrix range     [1e+00, 1e+00]
  Objective range  [0e+00, 0e+00]
  Bounds range     [1e+00, 1e+00]
  RHS range        [0e+00, 0e+00]

MIP start from previous solve did not produce a new incumbent solution

Presolve removed 1 rows and 226 columns
Presolve time: 0.01s
Presolved: 721 rows, 1374 columns, 4986 nonzeros
Variable types: 0 continuous, 1374 integer (1371 binary)

Root relaxation: objective 0.000000e+00, 2193 iterations, 0.21 seconds (0.15 work units)

    Nodes    |    Current Node    |     Objective Bounds      |     Work
 Expl Unexpl |  Obj  Depth IntInf | Incumbent    BestBd   Gap | It/Node Time

     0     0    0.00000    0  494          -    0.00000      -     -    1s
     0     0    0.00000    0  663          -    0.00000      -     -    1s
     0     0    0.00000    0  656          -    0.00000      -     -    1s
     0     0    0.00000    0  380          -    0.00000      -     -    1s
     0     0    0.00000    0  460          -    0.00000      -     -    1s
H    0     0                       0.0000000    0.00000  0.00%     -    2s
     0     0    0.00000    0  463    0.00000    0.00000  0.00%     -    2s

Cutting planes:
  Zero half: 74
  RLT: 5

Explored 1 nodes (16515 simplex iterations) in 2.64 seconds (2.00 work units)
Thread count was 8 (of 8 available processors)

Solution count 1: 0 

Optimal solution found (tolerance 1.00e-04)
Best objective 0.000000000000e+00, best bound 0.000000000000e+00, gap 0.0000%

User-callback calls 501, time in user-callback 0.00 sec
Gurobi Optimizer version 11.0.0 build v11.0.0rc2 (linux64 - "Debian GNU/Linux 11 (bullseye)")

CPU model: Intel(R) Core(TM) i7-4770 CPU @ 3.40GHz, instruction set [SSE2|AVX|AVX2]
Thread count: 4 physical cores, 8 logical processors, using up to 8 threads

Academic license 2483116 - for non-commercial use only - registered to ni___@fu-berlin.de
Optimize a model with 722 rows, 1600 columns and 5776 nonzeros
Model fingerprint: 0xd737f3cb
Variable types: 0 continuous, 1600 integer (1600 binary)
Coefficient statistics:
  Matrix range     [1e+00, 1e+00]
  Objective range  [0e+00, 0e+00]
  Bounds range     [1e+00, 1e+00]
  RHS range        [0e+00, 0e+00]

MIP start from previous solve did not produce a new incumbent solution

Presolve removed 0 rows and 223 columns
Presolve time: 0.04s
Presolved: 722 rows, 1377 columns, 5010 nonzeros
Variable types: 0 continuous, 1377 integer (1372 binary)

Root relaxation: objective 0.000000e+00, 1959 iterations, 0.17 seconds (0.12 work units)

    Nodes    |    Current Node    |     Objective Bounds      |     Work
 Expl Unexpl |  Obj  Depth IntInf | Incumbent    BestBd   Gap | It/Node Time

     0     0    0.00000    0  547          -    0.00000      -     -    0s
     0     0    0.00000    0  648          -    0.00000      -     -    1s
     0     0    0.00000    0  640          -    0.00000      -     -    1s
     0     0    0.00000    0  528          -    0.00000      -     -    1s
     0     0    0.00000    0  594          -    0.00000      -     -    1s
     0     0    0.00000    0  462          -    0.00000      -     -    1s
     0     0    0.00000    0  603          -    0.00000      -     -    1s
     0     0    0.00000    0  522          -    0.00000      -     -    2s
     0     0    0.00000    0  518          -    0.00000      -     -    2s
     0     0    0.00000    0  477          -    0.00000      -     -    3s

Cutting planes:
  Clique: 1
  Zero half: 99
  RLT: 4

Explored 1 nodes (20862 simplex iterations) in 3.02 seconds (2.73 work units)
Thread count was 8 (of 8 available processors)

Solution count 0

Time limit reached
Best objective -, best bound 0.000000000000e+00, gap -

User-callback calls 455, time in user-callback 0.00 sec
Gurobi Optimizer version 11.0.0 build v11.0.0rc2 (linux64 - "Debian GNU/Linux 11 (bullseye)")

CPU model: Intel(R) Core(TM) i7-4770 CPU @ 3.40GHz, instruction set [SSE2|AVX|AVX2]
Thread count: 4 physical cores, 8 logical processors, using up to 8 threads

Academic license 2483116 - for non-commercial use only - registered to ni___@fu-berlin.de
Optimize a model with 722 rows, 1600 columns and 5776 nonzeros
Model fingerprint: 0x491ffe33
Variable types: 0 continuous, 1600 integer (1600 binary)
Coefficient statistics:
  Matrix range     [1e+00, 1e+00]
  Objective range  [0e+00, 0e+00]
  Bounds range     [1e+00, 1e+00]
  RHS range        [0e+00, 0e+00]

MIP start from previous solve did not produce a new incumbent solution

Presolve removed 6 rows and 238 columns
Presolve time: 0.01s
Presolved: 716 rows, 1362 columns, 4927 nonzeros
Variable types: 0 continuous, 1362 integer (1357 binary)

Root relaxation: objective 0.000000e+00, 1984 iterations, 0.13 seconds (0.12 work units)

    Nodes    |    Current Node    |     Objective Bounds      |     Work
 Expl Unexpl |  Obj  Depth IntInf | Incumbent    BestBd   Gap | It/Node Time

     0     0    0.00000    0  499          -    0.00000      -     -    0s
     0     0    0.00000    0  640          -    0.00000      -     -    0s
     0     0    0.00000    0  632          -    0.00000      -     -    1s
     0     0    0.00000    0  475          -    0.00000      -     -    1s
     0     0    0.00000    0  512          -    0.00000      -     -    1s
     0     0    0.00000    0  488          -    0.00000      -     -    1s
     0     0    0.00000    0  491          -    0.00000      -     -    1s
     0     0    0.00000    0  426          -    0.00000      -     -    2s
     0     0    0.00000    0  390          -    0.00000      -     -    2s
     0     0    0.00000    0  390          -    0.00000      -     -    3s

Cutting planes:
  Cover: 2
  Clique: 1
  MIR: 2
  Zero half: 23
  RLT: 1

Explored 1 nodes (20978 simplex iterations) in 3.00 seconds (2.57 work units)
Thread count was 8 (of 8 available processors)

Solution count 0

Time limit reached
Best objective -, best bound 0.000000000000e+00, gap -

User-callback calls 588, time in user-callback 0.00 sec
Gurobi Optimizer version 11.0.0 build v11.0.0rc2 (linux64 - "Debian GNU/Linux 11 (bullseye)")

CPU model: Intel(R) Core(TM) i7-4770 CPU @ 3.40GHz, instruction set [SSE2|AVX|AVX2]
Thread count: 4 physical cores, 8 logical processors, using up to 8 threads

Academic license 2483116 - for non-commercial use only - registered to ni___@fu-berlin.de
Optimize a model with 722 rows, 1600 columns and 5776 nonzeros
Model fingerprint: 0x1f339a18
Variable types: 0 continuous, 1600 integer (1600 binary)
Coefficient statistics:
  Matrix range     [1e+00, 1e+00]
  Objective range  [0e+00, 0e+00]
  Bounds range     [1e+00, 1e+00]
  RHS range        [0e+00, 0e+00]

MIP start from previous solve did not produce a new incumbent solution

Presolve removed 2 rows and 227 columns
Presolve time: 0.01s
Presolved: 720 rows, 1373 columns, 4962 nonzeros
Variable types: 0 continuous, 1373 integer (1369 binary)

Root relaxation: objective 0.000000e+00, 2109 iterations, 0.13 seconds (0.13 work units)

    Nodes    |    Current Node    |     Objective Bounds      |     Work
 Expl Unexpl |  Obj  Depth IntInf | Incumbent    BestBd   Gap | It/Node Time

     0     0    0.00000    0  515          -    0.00000      -     -    0s
     0     0    0.00000    0  579          -    0.00000      -     -    0s
     0     0    0.00000    0  507          -    0.00000      -     -    1s
     0     0    0.00000    0  509          -    0.00000      -     -    1s
     0     0    0.00000    0  492          -    0.00000      -     -    1s
     0     0    0.00000    0  537          -    0.00000      -     -    1s
     0     0    0.00000    0  491          -    0.00000      -     -    2s
     0     0    0.00000    0  591          -    0.00000      -     -    2s
H    0     0                       0.0000000    0.00000  0.00%     -    2s
     0     0    0.00000    0  460    0.00000    0.00000  0.00%     -    2s

Cutting planes:
  Cover: 1
  Inf proof: 1
  Zero half: 75
  RLT: 6

Explored 1 nodes (19643 simplex iterations) in 2.51 seconds (2.55 work units)
Thread count was 8 (of 8 available processors)

Solution count 1: 0 

Optimal solution found (tolerance 1.00e-04)
Best objective 0.000000000000e+00, best bound 0.000000000000e+00, gap 0.0000%

User-callback calls 536, time in user-callback 0.00 sec
Gurobi Optimizer version 11.0.0 build v11.0.0rc2 (linux64 - "Debian GNU/Linux 11 (bullseye)")

CPU model: Intel(R) Core(TM) i7-4770 CPU @ 3.40GHz, instruction set [SSE2|AVX|AVX2]
Thread count: 4 physical cores, 8 logical processors, using up to 8 threads

Academic license 2483116 - for non-commercial use only - registered to ni___@fu-berlin.de
Optimize a model with 722 rows, 1600 columns and 5776 nonzeros
Model fingerprint: 0x27f20ea8
Variable types: 0 continuous, 1600 integer (1600 binary)
Coefficient statistics:
  Matrix range     [1e+00, 1e+00]
  Objective range  [0e+00, 0e+00]
  Bounds range     [1e+00, 1e+00]
  RHS range        [0e+00, 0e+00]

MIP start from previous solve did not produce a new incumbent solution

Presolve removed 0 rows and 225 columns
Presolve time: 0.01s
Presolved: 722 rows, 1375 columns, 5019 nonzeros
Variable types: 0 continuous, 1375 integer (1374 binary)

Root relaxation: objective 0.000000e+00, 2069 iterations, 0.11 seconds (0.13 work units)

    Nodes    |    Current Node    |     Objective Bounds      |     Work
 Expl Unexpl |  Obj  Depth IntInf | Incumbent    BestBd   Gap | It/Node Time

     0     0    0.00000    0  525          -    0.00000      -     -    0s
     0     0    0.00000    0  688          -    0.00000      -     -    0s
     0     0    0.00000    0  674          -    0.00000      -     -    0s
     0     0    0.00000    0  414          -    0.00000      -     -    1s
     0     0    0.00000    0  455          -    0.00000      -     -    1s
H    0     0                       0.0000000    0.00000  0.00%     -    1s
     0     0    0.00000    0  533    0.00000    0.00000  0.00%     -    1s

Cutting planes:
  Zero half: 89
  RLT: 1

Explored 1 nodes (13328 simplex iterations) in 1.69 seconds (1.71 work units)
Thread count was 8 (of 8 available processors)

Solution count 1: 0 

Optimal solution found (tolerance 1.00e-04)
Best objective 0.000000000000e+00, best bound 0.000000000000e+00, gap 0.0000%

User-callback calls 407, time in user-callback 0.00 sec
Gurobi Optimizer version 11.0.0 build v11.0.0rc2 (linux64 - "Debian GNU/Linux 11 (bullseye)")

CPU model: Intel(R) Core(TM) i7-4770 CPU @ 3.40GHz, instruction set [SSE2|AVX|AVX2]
Thread count: 4 physical cores, 8 logical processors, using up to 8 threads

Academic license 2483116 - for non-commercial use only - registered to ni___@fu-berlin.de
Optimize a model with 722 rows, 1600 columns and 5776 nonzeros
Model fingerprint: 0xe8dbcbaa
Variable types: 0 continuous, 1600 integer (1600 binary)
Coefficient statistics:
  Matrix range     [1e+00, 1e+00]
  Objective range  [0e+00, 0e+00]
  Bounds range     [1e+00, 1e+00]
  RHS range        [0e+00, 0e+00]

MIP start from previous solve did not produce a new incumbent solution

Presolve removed 5 rows and 238 columns
Presolve time: 0.01s
Presolved: 717 rows, 1362 columns, 4936 nonzeros
Variable types: 0 continuous, 1362 integer (1357 binary)

Root relaxation: objective 0.000000e+00, 2153 iterations, 0.13 seconds (0.14 work units)

    Nodes    |    Current Node    |     Objective Bounds      |     Work
 Expl Unexpl |  Obj  Depth IntInf | Incumbent    BestBd   Gap | It/Node Time

     0     0    0.00000    0  518          -    0.00000      -     -    0s
     0     0    0.00000    0  586          -    0.00000      -     -    0s
     0     0    0.00000    0  594          -    0.00000      -     -    0s
     0     0    0.00000    0  456          -    0.00000      -     -    1s
     0     0    0.00000    0  471          -    0.00000      -     -    1s
     0     0    0.00000    0  422          -    0.00000      -     -    1s
     0     0    0.00000    0  448          -    0.00000      -     -    1s
H    0     0                       0.0000000    0.00000  0.00%     -    1s
     0     0    0.00000    0  423    0.00000    0.00000  0.00%     -    1s

Cutting planes:
  Cover: 1
  Clique: 2
  Zero half: 99
  RLT: 5

Explored 1 nodes (16362 simplex iterations) in 2.00 seconds (2.04 work units)
Thread count was 8 (of 8 available processors)

Solution count 1: 0 

Optimal solution found (tolerance 1.00e-04)
Best objective 0.000000000000e+00, best bound 0.000000000000e+00, gap 0.0000%

User-callback calls 526, time in user-callback 0.00 sec
Gurobi Optimizer version 11.0.0 build v11.0.0rc2 (linux64 - "Debian GNU/Linux 11 (bullseye)")

CPU model: Intel(R) Core(TM) i7-4770 CPU @ 3.40GHz, instruction set [SSE2|AVX|AVX2]
Thread count: 4 physical cores, 8 logical processors, using up to 8 threads

Academic license 2483116 - for non-commercial use only - registered to ni___@fu-berlin.de
Optimize a model with 722 rows, 1600 columns and 5776 nonzeros
Model fingerprint: 0x884e5ca1
Variable types: 0 continuous, 1600 integer (1600 binary)
Coefficient statistics:
  Matrix range     [1e+00, 1e+00]
  Objective range  [0e+00, 0e+00]
  Bounds range     [1e+00, 1e+00]
  RHS range        [0e+00, 0e+00]

MIP start from previous solve did not produce a new incumbent solution

Presolve removed 10 rows and 257 columns
Presolve time: 0.02s
Presolved: 712 rows, 1343 columns, 4871 nonzeros
Variable types: 0 continuous, 1343 integer (1338 binary)

Root relaxation: objective 0.000000e+00, 2346 iterations, 0.14 seconds (0.15 work units)

    Nodes    |    Current Node    |     Objective Bounds      |     Work
 Expl Unexpl |  Obj  Depth IntInf | Incumbent    BestBd   Gap | It/Node Time

     0     0    0.00000    0  543          -    0.00000      -     -    0s
     0     0    0.00000    0  620          -    0.00000      -     -    0s
     0     0    0.00000    0  615          -    0.00000      -     -    0s
     0     0    0.00000    0  388          -    0.00000      -     -    1s
     0     0    0.00000    0  470          -    0.00000      -     -    1s
     0     0    0.00000    0  416          -    0.00000      -     -    1s
     0     0    0.00000    0  478          -    0.00000      -     -    1s
     0     0    0.00000    0  373          -    0.00000      -     -    2s
     0     0    0.00000    0  417          -    0.00000      -     -    2s
     0     0    0.00000    0  415          -    0.00000      -     -    2s
     0     0    0.00000    0  415          -    0.00000      -     -    2s

Cutting planes:
  Cover: 1
  Clique: 1
  Zero half: 27
  RLT: 4

Explored 1 nodes (23052 simplex iterations) in 3.00 seconds (3.03 work units)
Thread count was 8 (of 8 available processors)

Solution count 0

Time limit reached
Best objective -, best bound 0.000000000000e+00, gap -

User-callback calls 838, time in user-callback 0.00 sec
Gurobi Optimizer version 11.0.0 build v11.0.0rc2 (linux64 - "Debian GNU/Linux 11 (bullseye)")

CPU model: Intel(R) Core(TM) i7-4770 CPU @ 3.40GHz, instruction set [SSE2|AVX|AVX2]
Thread count: 4 physical cores, 8 logical processors, using up to 8 threads

Academic license 2483116 - for non-commercial use only - registered to ni___@fu-berlin.de
Optimize a model with 722 rows, 1600 columns and 5776 nonzeros
Model fingerprint: 0x6069eb09
Variable types: 0 continuous, 1600 integer (1600 binary)
Coefficient statistics:
  Matrix range     [1e+00, 1e+00]
  Objective range  [0e+00, 0e+00]
  Bounds range     [1e+00, 1e+00]
  RHS range        [0e+00, 0e+00]

MIP start from previous solve did not produce a new incumbent solution

Presolve removed 2 rows and 231 columns
Presolve time: 0.01s
Presolved: 720 rows, 1369 columns, 4996 nonzeros
Variable types: 0 continuous, 1369 integer (1367 binary)

Root relaxation: objective 0.000000e+00, 2309 iterations, 0.14 seconds (0.16 work units)

    Nodes    |    Current Node    |     Objective Bounds      |     Work
 Expl Unexpl |  Obj  Depth IntInf | Incumbent    BestBd   Gap | It/Node Time

     0     0    0.00000    0  561          -    0.00000      -     -    0s
     0     0    0.00000    0  678          -    0.00000      -     -    0s
     0     0    0.00000    0  668          -    0.00000      -     -    0s
     0     0    0.00000    0  475          -    0.00000      -     -    1s
     0     0    0.00000    0  634          -    0.00000      -     -    1s
     0     0    0.00000    0  385          -    0.00000      -     -    2s
     0     0    0.00000    0  623          -    0.00000      -     -    2s
     0     0    0.00000    0  236          -    0.00000      -     -    2s
     0     0    0.00000    0  319          -    0.00000      -     -    2s
     0     0          -    0               -    0.00000      -     -    3s

Cutting planes:
  Clique: 3
  MIR: 1
  Zero half: 74
  RLT: 1

Explored 1 nodes (22391 simplex iterations) in 3.02 seconds (3.03 work units)
Thread count was 8 (of 8 available processors)

Solution count 0

Time limit reached
Best objective -, best bound 0.000000000000e+00, gap -

User-callback calls 656, time in user-callback 0.00 sec
Gurobi Optimizer version 11.0.0 build v11.0.0rc2 (linux64 - "Debian GNU/Linux 11 (bullseye)")

CPU model: Intel(R) Core(TM) i7-4770 CPU @ 3.40GHz, instruction set [SSE2|AVX|AVX2]
Thread count: 4 physical cores, 8 logical processors, using up to 8 threads

Academic license 2483116 - for non-commercial use only - registered to ni___@fu-berlin.de
Optimize a model with 722 rows, 1600 columns and 5776 nonzeros
Model fingerprint: 0x37626aa2
Variable types: 0 continuous, 1600 integer (1600 binary)
Coefficient statistics:
  Matrix range     [1e+00, 1e+00]
  Objective range  [0e+00, 0e+00]
  Bounds range     [1e+00, 1e+00]
  RHS range        [0e+00, 0e+00]

MIP start from previous solve did not produce a new incumbent solution

Presolve removed 12 rows and 255 columns
Presolve time: 0.01s
Presolved: 710 rows, 1345 columns, 4871 nonzeros
Variable types: 0 continuous, 1345 integer (1340 binary)

Root relaxation: objective 0.000000e+00, 2120 iterations, 0.12 seconds (0.14 work units)

    Nodes    |    Current Node    |     Objective Bounds      |     Work
 Expl Unexpl |  Obj  Depth IntInf | Incumbent    BestBd   Gap | It/Node Time

     0     0    0.00000    0  536          -    0.00000      -     -    0s
     0     0    0.00000    0  636          -    0.00000      -     -    0s
     0     0    0.00000    0  622          -    0.00000      -     -    0s
     0     0    0.00000    0  489          -    0.00000      -     -    1s
     0     0    0.00000    0  486          -    0.00000      -     -    1s
     0     0    0.00000    0  447          -    0.00000      -     -    1s
     0     0    0.00000    0  433          -    0.00000      -     -    2s
     0     0    0.00000    0  475          -    0.00000      -     -    2s
     0     0    0.00000    0  467          -    0.00000      -     -    2s
     0     0    0.00000    0  486          -    0.00000      -     -    2s
     0     0    0.00000    0  479          -    0.00000      -     -    2s

Cutting planes:
  MIR: 1
  Zero half: 9
  RLT: 1

Explored 1 nodes (23496 simplex iterations) in 3.08 seconds (3.00 work units)
Thread count was 8 (of 8 available processors)

Solution count 0

Time limit reached
Best objective -, best bound 0.000000000000e+00, gap -

User-callback calls 730, time in user-callback 0.00 sec
Gurobi Optimizer version 11.0.0 build v11.0.0rc2 (linux64 - "Debian GNU/Linux 11 (bullseye)")

CPU model: Intel(R) Core(TM) i7-4770 CPU @ 3.40GHz, instruction set [SSE2|AVX|AVX2]
Thread count: 4 physical cores, 8 logical processors, using up to 8 threads

Academic license 2483116 - for non-commercial use only - registered to ni___@fu-berlin.de
Optimize a model with 722 rows, 1600 columns and 5776 nonzeros
Model fingerprint: 0x2ffa6a38
Variable types: 0 continuous, 1600 integer (1600 binary)
Coefficient statistics:
  Matrix range     [1e+00, 1e+00]
  Objective range  [0e+00, 0e+00]
  Bounds range     [1e+00, 1e+00]
  RHS range        [0e+00, 0e+00]

MIP start from previous solve did not produce a new incumbent solution

Presolve removed 5 rows and 244 columns
Presolve time: 0.02s
Presolved: 717 rows, 1356 columns, 4920 nonzeros
Variable types: 0 continuous, 1356 integer (1351 binary)

Root relaxation: objective 0.000000e+00, 2146 iterations, 0.17 seconds (0.14 work units)

    Nodes    |    Current Node    |     Objective Bounds      |     Work
 Expl Unexpl |  Obj  Depth IntInf | Incumbent    BestBd   Gap | It/Node Time

     0     0    0.00000    0  529          -    0.00000      -     -    0s
     0     0    0.00000    0  636          -    0.00000      -     -    0s
     0     0    0.00000    0  632          -    0.00000      -     -    0s
     0     0    0.00000    0  483          -    0.00000      -     -    1s
     0     0    0.00000    0  595          -    0.00000      -     -    1s
     0     0    0.00000    0  412          -    0.00000      -     -    1s
     0     0    0.00000    0  447          -    0.00000      -     -    1s
     0     0    0.00000    0  440          -    0.00000      -     -    2s
     0     0    0.00000    0  464          -    0.00000      -     -    2s
     0     0    0.00000    0  494          -    0.00000      -     -    3s

Cutting planes:
  Zero half: 107
  RLT: 1

Explored 1 nodes (24075 simplex iterations) in 3.13 seconds (3.08 work units)
Thread count was 8 (of 8 available processors)

Solution count 0

Time limit reached
Best objective -, best bound 0.000000000000e+00, gap -

User-callback calls 616, time in user-callback 0.00 sec
Gurobi Optimizer version 11.0.0 build v11.0.0rc2 (linux64 - "Debian GNU/Linux 11 (bullseye)")

CPU model: Intel(R) Core(TM) i7-4770 CPU @ 3.40GHz, instruction set [SSE2|AVX|AVX2]
Thread count: 4 physical cores, 8 logical processors, using up to 8 threads

Academic license 2483116 - for non-commercial use only - registered to ni___@fu-berlin.de
Optimize a model with 722 rows, 1600 columns and 5776 nonzeros
Model fingerprint: 0x2e3edc78
Variable types: 0 continuous, 1600 integer (1600 binary)
Coefficient statistics:
  Matrix range     [1e+00, 1e+00]
  Objective range  [0e+00, 0e+00]
  Bounds range     [1e+00, 1e+00]
  RHS range        [0e+00, 0e+00]

MIP start from previous solve did not produce a new incumbent solution

Presolve removed 4 rows and 243 columns
Presolve time: 0.01s
Presolved: 718 rows, 1357 columns, 4914 nonzeros
Variable types: 0 continuous, 1357 integer (1353 binary)

Root relaxation: objective 0.000000e+00, 2127 iterations, 0.12 seconds (0.14 work units)

    Nodes    |    Current Node    |     Objective Bounds      |     Work
 Expl Unexpl |  Obj  Depth IntInf | Incumbent    BestBd   Gap | It/Node Time

     0     0    0.00000    0  558          -    0.00000      -     -    0s
     0     0    0.00000    0  679          -    0.00000      -     -    0s
     0     0    0.00000    0  650          -    0.00000      -     -    0s
     0     0    0.00000    0  494          -    0.00000      -     -    1s
     0     0    0.00000    0  502          -    0.00000      -     -    1s
     0     0    0.00000    0  510          -    0.00000      -     -    1s
     0     0    0.00000    0  546          -    0.00000      -     -    1s
     0     0    0.00000    0  482          -    0.00000      -     -    2s
     0     0    0.00000    0  488          -    0.00000      -     -    2s
     0     0    0.00000    0  471          -    0.00000      -     -    2s
     0     0    0.00000    0  616          -    0.00000      -     -    2s
     0     0    0.00000    0  419          -    0.00000      -     -    2s
     0     0    0.00000    0  439          -    0.00000      -     -    2s
     0     0    0.00000    0  531          -    0.00000      -     -    3s

Cutting planes:
  Gomory: 1
  Clique: 2
  MIR: 1
  Zero half: 93
  RLT: 1

Explored 1 nodes (23932 simplex iterations) in 3.03 seconds (3.09 work units)
Thread count was 8 (of 8 available processors)

Solution count 0

Time limit reached
Best objective -, best bound 0.000000000000e+00, gap -

User-callback calls 625, time in user-callback 0.00 sec
Gurobi Optimizer version 11.0.0 build v11.0.0rc2 (linux64 - "Debian GNU/Linux 11 (bullseye)")

CPU model: Intel(R) Core(TM) i7-4770 CPU @ 3.40GHz, instruction set [SSE2|AVX|AVX2]
Thread count: 4 physical cores, 8 logical processors, using up to 8 threads

Academic license 2483116 - for non-commercial use only - registered to ni___@fu-berlin.de
Optimize a model with 722 rows, 1600 columns and 5776 nonzeros
Model fingerprint: 0xe8e37812
Variable types: 0 continuous, 1600 integer (1600 binary)
Coefficient statistics:
  Matrix range     [1e+00, 1e+00]
  Objective range  [0e+00, 0e+00]
  Bounds range     [1e+00, 1e+00]
  RHS range        [0e+00, 0e+00]

MIP start from previous solve did not produce a new incumbent solution

Presolve removed 27 rows and 299 columns
Presolve time: 0.02s
Presolved: 695 rows, 1301 columns, 4739 nonzeros
Variable types: 0 continuous, 1301 integer (1297 binary)

Root relaxation: objective 0.000000e+00, 2171 iterations, 0.13 seconds (0.14 work units)

    Nodes    |    Current Node    |     Objective Bounds      |     Work
 Expl Unexpl |  Obj  Depth IntInf | Incumbent    BestBd   Gap | It/Node Time

     0     0    0.00000    0  521          -    0.00000      -     -    0s
     0     0    0.00000    0  606          -    0.00000      -     -    0s
     0     0    0.00000    0  586          -    0.00000      -     -    0s
     0     0    0.00000    0  377          -    0.00000      -     -    1s
     0     0    0.00000    0  457          -    0.00000      -     -    1s
     0     0    0.00000    0  430          -    0.00000      -     -    1s
     0     0    0.00000    0  456          -    0.00000      -     -    1s
     0     0    0.00000    0  403          -    0.00000      -     -    2s
     0     0    0.00000    0  441          -    0.00000      -     -    2s
     0     0    0.00000    0  403          -    0.00000      -     -    2s
     0     0    0.00000    0  477          -    0.00000      -     -    2s
     0     0    0.00000    0  455          -    0.00000      -     -    2s
     0     0    0.00000    0  399          -    0.00000      -     -    2s

Cutting planes:
  Gomory: 1
  Cover: 4
  Clique: 1
  Zero half: 7
  RLT: 3

Explored 1 nodes (24042 simplex iterations) in 3.00 seconds (2.96 work units)
Thread count was 8 (of 8 available processors)

Solution count 0

Time limit reached
Best objective -, best bound 0.000000000000e+00, gap -

User-callback calls 788, time in user-callback 0.00 sec
Gurobi Optimizer version 11.0.0 build v11.0.0rc2 (linux64 - "Debian GNU/Linux 11 (bullseye)")

CPU model: Intel(R) Core(TM) i7-4770 CPU @ 3.40GHz, instruction set [SSE2|AVX|AVX2]
Thread count: 4 physical cores, 8 logical processors, using up to 8 threads

Academic license 2483116 - for non-commercial use only - registered to ni___@fu-berlin.de
Optimize a model with 722 rows, 1600 columns and 5776 nonzeros
Model fingerprint: 0x9a55f60e
Variable types: 0 continuous, 1600 integer (1600 binary)
Coefficient statistics:
  Matrix range     [1e+00, 1e+00]
  Objective range  [0e+00, 0e+00]
  Bounds range     [1e+00, 1e+00]
  RHS range        [0e+00, 0e+00]

MIP start from previous solve did not produce a new incumbent solution

Presolve removed 5 rows and 232 columns
Presolve time: 0.01s
Presolved: 717 rows, 1368 columns, 4969 nonzeros
Variable types: 0 continuous, 1368 integer (1364 binary)

Root relaxation: objective 0.000000e+00, 2034 iterations, 0.11 seconds (0.12 work units)

    Nodes    |    Current Node    |     Objective Bounds      |     Work
 Expl Unexpl |  Obj  Depth IntInf | Incumbent    BestBd   Gap | It/Node Time

     0     0    0.00000    0  548          -    0.00000      -     -    0s
     0     0    0.00000    0  652          -    0.00000      -     -    0s
     0     0    0.00000    0  626          -    0.00000      -     -    0s
     0     0    0.00000    0  554          -    0.00000      -     -    1s
     0     0    0.00000    0  600          -    0.00000      -     -    1s
     0     0    0.00000    0  536          -    0.00000      -     -    1s
     0     0    0.00000    0  550          -    0.00000      -     -    1s
     0     0    0.00000    0  450          -    0.00000      -     -    2s
     0     0    0.00000    0  497          -    0.00000      -     -    2s
     0     0    0.00000    0  498          -    0.00000      -     -    2s
     0     0    0.00000    0  502          -    0.00000      -     -    2s
     0     0    0.00000    0  527          -    0.00000      -     -    3s

Cutting planes:
  Clique: 1
  MIR: 1
  Zero half: 98
  RLT: 1

Explored 1 nodes (23185 simplex iterations) in 3.02 seconds (3.10 work units)
Thread count was 8 (of 8 available processors)

Solution count 0

Time limit reached
Best objective -, best bound 0.000000000000e+00, gap -

User-callback calls 552, time in user-callback 0.00 sec
Gurobi Optimizer version 11.0.0 build v11.0.0rc2 (linux64 - "Debian GNU/Linux 11 (bullseye)")

CPU model: Intel(R) Core(TM) i7-4770 CPU @ 3.40GHz, instruction set [SSE2|AVX|AVX2]
Thread count: 4 physical cores, 8 logical processors, using up to 8 threads

Academic license 2483116 - for non-commercial use only - registered to ni___@fu-berlin.de
Optimize a model with 722 rows, 1600 columns and 5776 nonzeros
Model fingerprint: 0x14a58bf8
Variable types: 0 continuous, 1600 integer (1600 binary)
Coefficient statistics:
  Matrix range     [1e+00, 1e+00]
  Objective range  [0e+00, 0e+00]
  Bounds range     [1e+00, 1e+00]
  RHS range        [0e+00, 0e+00]

MIP start from previous solve did not produce a new incumbent solution

Presolve removed 6 rows and 244 columns
Presolve time: 0.01s
Presolved: 716 rows, 1356 columns, 4939 nonzeros
Variable types: 0 continuous, 1356 integer (1354 binary)

Root relaxation: objective 0.000000e+00, 2036 iterations, 0.13 seconds (0.13 work units)

    Nodes    |    Current Node    |     Objective Bounds      |     Work
 Expl Unexpl |  Obj  Depth IntInf | Incumbent    BestBd   Gap | It/Node Time

     0     0    0.00000    0  542          -    0.00000      -     -    0s
     0     0    0.00000    0  595          -    0.00000      -     -    0s
     0     0    0.00000    0  593          -    0.00000      -     -    0s
     0     0    0.00000    0  542          -    0.00000      -     -    1s
     0     0    0.00000    0  553          -    0.00000      -     -    1s
     0     0    0.00000    0  494          -    0.00000      -     -    1s
     0     0    0.00000    0  543          -    0.00000      -     -    1s
     0     0    0.00000    0  467          -    0.00000      -     -    2s
     0     0    0.00000    0  557          -    0.00000      -     -    2s
     0     0    0.00000    0  444          -    0.00000      -     -    2s
     0     0    0.00000    0  535          -    0.00000      -     -    3s

Cutting planes:
  Zero half: 116

Explored 1 nodes (23106 simplex iterations) in 3.02 seconds (3.06 work units)
Thread count was 8 (of 8 available processors)

Solution count 0

Time limit reached
Best objective -, best bound 0.000000000000e+00, gap -

User-callback calls 648, time in user-callback 0.00 sec
Gurobi Optimizer version 11.0.0 build v11.0.0rc2 (linux64 - "Debian GNU/Linux 11 (bullseye)")

CPU model: Intel(R) Core(TM) i7-4770 CPU @ 3.40GHz, instruction set [SSE2|AVX|AVX2]
Thread count: 4 physical cores, 8 logical processors, using up to 8 threads

Academic license 2483116 - for non-commercial use only - registered to ni___@fu-berlin.de
Optimize a model with 722 rows, 1600 columns and 5776 nonzeros
Model fingerprint: 0x20c6c213
Variable types: 0 continuous, 1600 integer (1600 binary)
Coefficient statistics:
  Matrix range     [1e+00, 1e+00]
  Objective range  [0e+00, 0e+00]
  Bounds range     [1e+00, 1e+00]
  RHS range        [0e+00, 0e+00]

MIP start from previous solve did not produce a new incumbent solution

Presolve removed 3 rows and 231 columns
Presolve time: 0.01s
Presolved: 719 rows, 1369 columns, 4969 nonzeros
Variable types: 0 continuous, 1369 integer (1366 binary)

Root relaxation: objective 0.000000e+00, 1997 iterations, 0.12 seconds (0.12 work units)

    Nodes    |    Current Node    |     Objective Bounds      |     Work
 Expl Unexpl |  Obj  Depth IntInf | Incumbent    BestBd   Gap | It/Node Time

     0     0    0.00000    0  476          -    0.00000      -     -    0s
     0     0    0.00000    0  623          -    0.00000      -     -    0s
     0     0    0.00000    0  581          -    0.00000      -     -    0s
     0     0    0.00000    0  478          -    0.00000      -     -    1s
     0     0    0.00000    0  501          -    0.00000      -     -    1s
     0     0    0.00000    0  537          -    0.00000      -     -    1s
     0     0    0.00000    0  564          -    0.00000      -     -    1s
     0     0    0.00000    0  493          -    0.00000      -     -    1s
     0     0    0.00000    0  573          -    0.00000      -     -    1s
H    0     0                       0.0000000    0.00000  0.00%     -    2s
     0     0    0.00000    0  473    0.00000    0.00000  0.00%     -    2s

Cutting planes:
  Clique: 3
  MIR: 2
  Zero half: 92
  RLT: 2

Explored 1 nodes (18964 simplex iterations) in 2.42 seconds (2.41 work units)
Thread count was 8 (of 8 available processors)

Solution count 1: 0 

Optimal solution found (tolerance 1.00e-04)
Best objective 0.000000000000e+00, best bound 0.000000000000e+00, gap 0.0000%

User-callback calls 470, time in user-callback 0.00 sec
Gurobi Optimizer version 11.0.0 build v11.0.0rc2 (linux64 - "Debian GNU/Linux 11 (bullseye)")

CPU model: Intel(R) Core(TM) i7-4770 CPU @ 3.40GHz, instruction set [SSE2|AVX|AVX2]
Thread count: 4 physical cores, 8 logical processors, using up to 8 threads

Academic license 2483116 - for non-commercial use only - registered to ni___@fu-berlin.de
Optimize a model with 722 rows, 1600 columns and 5776 nonzeros
Model fingerprint: 0xc822ad08
Variable types: 0 continuous, 1600 integer (1600 binary)
Coefficient statistics:
  Matrix range     [1e+00, 1e+00]
  Objective range  [0e+00, 0e+00]
  Bounds range     [1e+00, 1e+00]
  RHS range        [0e+00, 0e+00]

MIP start from previous solve did not produce a new incumbent solution

Presolve removed 0 rows and 220 columns
Presolve time: 0.01s
Presolved: 722 rows, 1380 columns, 5020 nonzeros
Variable types: 0 continuous, 1380 integer (1375 binary)

Root relaxation: objective 0.000000e+00, 2065 iterations, 0.11 seconds (0.13 work units)

    Nodes    |    Current Node    |     Objective Bounds      |     Work
 Expl Unexpl |  Obj  Depth IntInf | Incumbent    BestBd   Gap | It/Node Time

     0     0    0.00000    0  618          -    0.00000      -     -    0s
     0     0    0.00000    0  674          -    0.00000      -     -    0s
     0     0    0.00000    0  570          -    0.00000      -     -    1s
     0     0    0.00000    0  538          -    0.00000      -     -    1s
     0     0    0.00000    0  606          -    0.00000      -     -    1s
     0     0    0.00000    0  319          -    0.00000      -     -    2s
     0     0    0.00000    0  423          -    0.00000      -     -    2s
     0     0    0.00000    0  509          -    0.00000      -     -    2s
     0     0    0.00000    0  429          -    0.00000      -     -    3s

Cutting planes:
  Clique: 2
  Zero half: 13
  RLT: 2

Explored 1 nodes (23452 simplex iterations) in 3.01 seconds (3.10 work units)
Thread count was 8 (of 8 available processors)

Solution count 0

Time limit reached
Best objective -, best bound 0.000000000000e+00, gap -

User-callback calls 465, time in user-callback 0.00 sec
Gurobi Optimizer version 11.0.0 build v11.0.0rc2 (linux64 - "Debian GNU/Linux 11 (bullseye)")

CPU model: Intel(R) Core(TM) i7-4770 CPU @ 3.40GHz, instruction set [SSE2|AVX|AVX2]
Thread count: 4 physical cores, 8 logical processors, using up to 8 threads

Academic license 2483116 - for non-commercial use only - registered to ni___@fu-berlin.de
Optimize a model with 722 rows, 1600 columns and 5776 nonzeros
Model fingerprint: 0x07d3c664
Variable types: 0 continuous, 1600 integer (1600 binary)
Coefficient statistics:
  Matrix range     [1e+00, 1e+00]
  Objective range  [0e+00, 0e+00]
  Bounds range     [1e+00, 1e+00]
  RHS range        [0e+00, 0e+00]

MIP start from previous solve did not produce a new incumbent solution

Presolve removed 0 rows and 216 columns
Presolve time: 0.00s

Explored 0 nodes (0 simplex iterations) in 0.08 seconds (0.00 work units)
Thread count was 1 (of 8 available processors)

Solution count 0

Model is infeasible
Best objective -, best bound -, gap -

User-callback calls 37, time in user-callback 0.00 sec
Gurobi Optimizer version 11.0.0 build v11.0.0rc2 (linux64 - "Debian GNU/Linux 11 (bullseye)")

CPU model: Intel(R) Core(TM) i7-4770 CPU @ 3.40GHz, instruction set [SSE2|AVX|AVX2]
Thread count: 4 physical cores, 8 logical processors, using up to 8 threads

Academic license 2483116 - for non-commercial use only - registered to ni___@fu-berlin.de
Optimize a model with 722 rows, 1600 columns and 5776 nonzeros
Model fingerprint: 0xae1bd98a
Variable types: 0 continuous, 1600 integer (1600 binary)
Coefficient statistics:
  Matrix range     [1e+00, 1e+00]
  Objective range  [0e+00, 0e+00]
  Bounds range     [1e+00, 1e+00]
  RHS range        [0e+00, 0e+00]

MIP start from previous solve did not produce a new incumbent solution

Presolve removed 2 rows and 232 columns
Presolve time: 0.01s
Presolved: 720 rows, 1368 columns, 4939 nonzeros
Variable types: 0 continuous, 1368 integer (1365 binary)

Root relaxation: objective 0.000000e+00, 2393 iterations, 0.15 seconds (0.17 work units)

    Nodes    |    Current Node    |     Objective Bounds      |     Work
 Expl Unexpl |  Obj  Depth IntInf | Incumbent    BestBd   Gap | It/Node Time

     0     0    0.00000    0  521          -    0.00000      -     -    0s
     0     0    0.00000    0  625          -    0.00000      -     -    0s
     0     0    0.00000    0  630          -    0.00000      -     -    0s
     0     0    0.00000    0  518          -    0.00000      -     -    1s
     0     0    0.00000    0  550          -    0.00000      -     -    1s
     0     0    0.00000    0  515          -    0.00000      -     -    1s
     0     0    0.00000    0  545          -    0.00000      -     -    1s
     0     0    0.00000    0  452          -    0.00000      -     -    2s
     0     0    0.00000    0  506          -    0.00000      -     -    2s
     0     0    0.00000    0  337          -    0.00000      -     -    2s
     0     0    0.00000    0  398          -    0.00000      -     -    2s
     0     0    0.00000    0  545          -    0.00000      -     -    3s

Cutting planes:
  Cover: 1
  Clique: 10
  MIR: 1
  Zero half: 109
  RLT: 5

Explored 1 nodes (23396 simplex iterations) in 3.02 seconds (3.10 work units)
Thread count was 8 (of 8 available processors)

Solution count 0

Time limit reached
Best objective -, best bound 0.000000000000e+00, gap -

User-callback calls 590, time in user-callback 0.00 sec
Gurobi Optimizer version 11.0.0 build v11.0.0rc2 (linux64 - "Debian GNU/Linux 11 (bullseye)")

CPU model: Intel(R) Core(TM) i7-4770 CPU @ 3.40GHz, instruction set [SSE2|AVX|AVX2]
Thread count: 4 physical cores, 8 logical processors, using up to 8 threads

Academic license 2483116 - for non-commercial use only - registered to ni___@fu-berlin.de
Optimize a model with 722 rows, 1600 columns and 5776 nonzeros
Model fingerprint: 0x09fbb26d
Variable types: 0 continuous, 1600 integer (1600 binary)
Coefficient statistics:
  Matrix range     [1e+00, 1e+00]
  Objective range  [0e+00, 0e+00]
  Bounds range     [1e+00, 1e+00]
  RHS range        [0e+00, 0e+00]

MIP start from previous solve did not produce a new incumbent solution

Presolve removed 2 rows and 240 columns
Presolve time: 0.01s
Presolved: 720 rows, 1360 columns, 4927 nonzeros
Variable types: 0 continuous, 1360 integer (1357 binary)

Root relaxation: objective 0.000000e+00, 2202 iterations, 0.12 seconds (0.14 work units)

    Nodes    |    Current Node    |     Objective Bounds      |     Work
 Expl Unexpl |  Obj  Depth IntInf | Incumbent    BestBd   Gap | It/Node Time

     0     0    0.00000    0  568          -    0.00000      -     -    0s
     0     0    0.00000    0  675          -    0.00000      -     -    0s
     0     0    0.00000    0  668          -    0.00000      -     -    0s
     0     0    0.00000    0  537          -    0.00000      -     -    1s
     0     0    0.00000    0  577          -    0.00000      -     -    1s
     0     0    0.00000    0  596          -    0.00000      -     -    1s
     0     0    0.00000    0  642          -    0.00000      -     -    1s
     0     0    0.00000    0  516          -    0.00000      -     -    2s
     0     0    0.00000    0  569          -    0.00000      -     -    2s
     0     0    0.00000    0  311          -    0.00000      -     -    2s
     0     0    0.00000    0  422          -    0.00000      -     -    2s
     0     0          -    0               -    0.00000      -     -    3s

Cutting planes:
  Zero half: 66
  RLT: 2

Explored 1 nodes (23734 simplex iterations) in 3.02 seconds (3.12 work units)
Thread count was 8 (of 8 available processors)

Solution count 0

Time limit reached
Best objective -, best bound 0.000000000000e+00, gap -

User-callback calls 488, time in user-callback 0.00 sec
Gurobi Optimizer version 11.0.0 build v11.0.0rc2 (linux64 - "Debian GNU/Linux 11 (bullseye)")

CPU model: Intel(R) Core(TM) i7-4770 CPU @ 3.40GHz, instruction set [SSE2|AVX|AVX2]
Thread count: 4 physical cores, 8 logical processors, using up to 8 threads

Academic license 2483116 - for non-commercial use only - registered to ni___@fu-berlin.de
Optimize a model with 722 rows, 1600 columns and 5776 nonzeros
Model fingerprint: 0x7de7e505
Variable types: 0 continuous, 1600 integer (1600 binary)
Coefficient statistics:
  Matrix range     [1e+00, 1e+00]
  Objective range  [0e+00, 0e+00]
  Bounds range     [1e+00, 1e+00]
  RHS range        [0e+00, 0e+00]

MIP start from previous solve did not produce a new incumbent solution

Presolve removed 18 rows and 273 columns
Presolve time: 0.02s
Presolved: 704 rows, 1327 columns, 4853 nonzeros
Variable types: 0 continuous, 1327 integer (1324 binary)

Root relaxation: objective 0.000000e+00, 2038 iterations, 0.12 seconds (0.13 work units)

    Nodes    |    Current Node    |     Objective Bounds      |     Work
 Expl Unexpl |  Obj  Depth IntInf | Incumbent    BestBd   Gap | It/Node Time

     0     0    0.00000    0  529          -    0.00000      -     -    0s
     0     0    0.00000    0  611          -    0.00000      -     -    0s
     0     0    0.00000    0  604          -    0.00000      -     -    0s
     0     0    0.00000    0  520          -    0.00000      -     -    1s
     0     0    0.00000    0  474          -    0.00000      -     -    1s
     0     0    0.00000    0  525          -    0.00000      -     -    1s
     0     0    0.00000    0  460          -    0.00000      -     -    2s
     0     0    0.00000    0  510          -    0.00000      -     -    2s
     0     0    0.00000    0  467          -    0.00000      -     -    2s
     0     0    0.00000    0  530          -    0.00000      -     -    2s
     0     0    0.00000    0  445          -    0.00000      -     -    2s
     0     0    0.00000    0  445          -    0.00000      -     -    3s

Cutting planes:
  Clique: 2
  MIR: 1
  Zero half: 7
  RLT: 5

Explored 1 nodes (23517 simplex iterations) in 3.00 seconds (3.12 work units)
Thread count was 8 (of 8 available processors)

Solution count 0

Time limit reached
Best objective -, best bound 0.000000000000e+00, gap -

User-callback calls 710, time in user-callback 0.00 sec
Gurobi Optimizer version 11.0.0 build v11.0.0rc2 (linux64 - "Debian GNU/Linux 11 (bullseye)")

CPU model: Intel(R) Core(TM) i7-4770 CPU @ 3.40GHz, instruction set [SSE2|AVX|AVX2]
Thread count: 4 physical cores, 8 logical processors, using up to 8 threads

Academic license 2483116 - for non-commercial use only - registered to ni___@fu-berlin.de
Optimize a model with 722 rows, 1600 columns and 5776 nonzeros
Model fingerprint: 0xd7f88e24
Variable types: 0 continuous, 1600 integer (1600 binary)
Coefficient statistics:
  Matrix range     [1e+00, 1e+00]
  Objective range  [0e+00, 0e+00]
  Bounds range     [1e+00, 1e+00]
  RHS range        [0e+00, 0e+00]

MIP start from previous solve did not produce a new incumbent solution

Presolve removed 3 rows and 238 columns
Presolve time: 0.01s
Presolved: 719 rows, 1362 columns, 4950 nonzeros
Variable types: 0 continuous, 1362 integer (1359 binary)

Root relaxation: objective 0.000000e+00, 2013 iterations, 0.12 seconds (0.13 work units)

    Nodes    |    Current Node    |     Objective Bounds      |     Work
 Expl Unexpl |  Obj  Depth IntInf | Incumbent    BestBd   Gap | It/Node Time

     0     0    0.00000    0  525          -    0.00000      -     -    0s
     0     0    0.00000    0  591          -    0.00000      -     -    0s
     0     0    0.00000    0  585          -    0.00000      -     -    0s
     0     0    0.00000    0  529          -    0.00000      -     -    1s
     0     0    0.00000    0  596          -    0.00000      -     -    1s
     0     0    0.00000    0  511          -    0.00000      -     -    1s
     0     0    0.00000    0  505          -    0.00000      -     -    1s
     0     0    0.00000    0  396          -    0.00000      -     -    2s
     0     0    0.00000    0  475          -    0.00000      -     -    2s
     0     0    0.00000    0  532          -    0.00000      -     -    2s
     0     0    0.00000    0  571          -    0.00000      -     -    2s
     0     0    0.00000    0  431          -    0.00000      -     -    3s

Cutting planes:
  MIR: 1
  Zero half: 6
  RLT: 8

Explored 1 nodes (23252 simplex iterations) in 3.01 seconds (2.99 work units)
Thread count was 8 (of 8 available processors)

Solution count 0

Time limit reached
Best objective -, best bound 0.000000000000e+00, gap -

User-callback calls 666, time in user-callback 0.00 sec
Gurobi Optimizer version 11.0.0 build v11.0.0rc2 (linux64 - "Debian GNU/Linux 11 (bullseye)")

CPU model: Intel(R) Core(TM) i7-4770 CPU @ 3.40GHz, instruction set [SSE2|AVX|AVX2]
Thread count: 4 physical cores, 8 logical processors, using up to 8 threads

Academic license 2483116 - for non-commercial use only - registered to ni___@fu-berlin.de
Optimize a model with 722 rows, 1600 columns and 5776 nonzeros
Model fingerprint: 0x8ce55fc8
Variable types: 0 continuous, 1600 integer (1600 binary)
Coefficient statistics:
  Matrix range     [1e+00, 1e+00]
  Objective range  [0e+00, 0e+00]
  Bounds range     [1e+00, 1e+00]
  RHS range        [0e+00, 0e+00]

MIP start from previous solve did not produce a new incumbent solution

Presolve removed 6 rows and 241 columns
Presolve time: 0.01s
Presolved: 716 rows, 1359 columns, 4938 nonzeros
Variable types: 0 continuous, 1359 integer (1357 binary)

Root relaxation: objective 0.000000e+00, 2163 iterations, 0.12 seconds (0.14 work units)

    Nodes    |    Current Node    |     Objective Bounds      |     Work
 Expl Unexpl |  Obj  Depth IntInf | Incumbent    BestBd   Gap | It/Node Time

     0     0    0.00000    0  524          -    0.00000      -     -    0s
     0     0    0.00000    0  665          -    0.00000      -     -    0s
     0     0    0.00000    0  653          -    0.00000      -     -    0s
     0     0    0.00000    0  424          -    0.00000      -     -    1s
     0     0    0.00000    0  511          -    0.00000      -     -    1s
     0     0    0.00000    0  369          -    0.00000      -     -    1s
     0     0    0.00000    0  411          -    0.00000      -     -    1s
     0     0    0.00000    0  389          -    0.00000      -     -    2s
     0     0    0.00000    0  404          -    0.00000      -     -    2s
     0     0    0.00000    0  450          -    0.00000      -     -    2s
     0     0    0.00000    0  350          -    0.00000      -     -    2s
     0     0    0.00000    0  386          -    0.00000      -     -    3s

Cutting planes:
  MIR: 1
  Zero half: 9

Explored 1 nodes (24873 simplex iterations) in 3.02 seconds (2.98 work units)
Thread count was 8 (of 8 available processors)

Solution count 0

Time limit reached
Best objective -, best bound 0.000000000000e+00, gap -

User-callback calls 650, time in user-callback 0.00 sec
Gurobi Optimizer version 11.0.0 build v11.0.0rc2 (linux64 - "Debian GNU/Linux 11 (bullseye)")

CPU model: Intel(R) Core(TM) i7-4770 CPU @ 3.40GHz, instruction set [SSE2|AVX|AVX2]
Thread count: 4 physical cores, 8 logical processors, using up to 8 threads

Academic license 2483116 - for non-commercial use only - registered to ni___@fu-berlin.de
Optimize a model with 722 rows, 1600 columns and 5776 nonzeros
Model fingerprint: 0xad3b1be8
Variable types: 0 continuous, 1600 integer (1600 binary)
Coefficient statistics:
  Matrix range     [1e+00, 1e+00]
  Objective range  [0e+00, 0e+00]
  Bounds range     [1e+00, 1e+00]
  RHS range        [0e+00, 0e+00]

MIP start from previous solve did not produce a new incumbent solution

Presolve removed 7 rows and 253 columns
Presolve time: 0.01s
Presolved: 715 rows, 1347 columns, 4884 nonzeros
Variable types: 0 continuous, 1347 integer (1344 binary)

Root relaxation: objective 0.000000e+00, 2348 iterations, 0.14 seconds (0.16 work units)

    Nodes    |    Current Node    |     Objective Bounds      |     Work
 Expl Unexpl |  Obj  Depth IntInf | Incumbent    BestBd   Gap | It/Node Time

     0     0    0.00000    0  564          -    0.00000      -     -    0s
     0     0    0.00000    0  662          -    0.00000      -     -    0s
     0     0    0.00000    0  650          -    0.00000      -     -    0s
     0     0    0.00000    0  571          -    0.00000      -     -    1s
     0     0    0.00000    0  607          -    0.00000      -     -    1s
     0     0    0.00000    0  513          -    0.00000      -     -    1s
     0     0    0.00000    0  627          -    0.00000      -     -    1s
     0     0    0.00000    0  445          -    0.00000      -     -    2s
     0     0    0.00000    0  454          -    0.00000      -     -    2s
     0     0    0.00000    0  443          -    0.00000      -     -    2s
     0     0          -    0               -    0.00000      -     -    3s

Cutting planes:
  Zero half: 15

Explored 1 nodes (20361 simplex iterations) in 3.01 seconds (2.68 work units)
Thread count was 8 (of 8 available processors)

Solution count 0

Time limit reached
Best objective -, best bound 0.000000000000e+00, gap -

User-callback calls 742, time in user-callback 0.00 sec
Gurobi Optimizer version 11.0.0 build v11.0.0rc2 (linux64 - "Debian GNU/Linux 11 (bullseye)")

CPU model: Intel(R) Core(TM) i7-4770 CPU @ 3.40GHz, instruction set [SSE2|AVX|AVX2]
Thread count: 4 physical cores, 8 logical processors, using up to 8 threads

Academic license 2483116 - for non-commercial use only - registered to ni___@fu-berlin.de
Optimize a model with 722 rows, 1600 columns and 5776 nonzeros
Model fingerprint: 0xb780bbde
Variable types: 0 continuous, 1600 integer (1600 binary)
Coefficient statistics:
  Matrix range     [1e+00, 1e+00]
  Objective range  [0e+00, 0e+00]
  Bounds range     [1e+00, 1e+00]
  RHS range        [0e+00, 0e+00]

MIP start from previous solve did not produce a new incumbent solution

Presolve removed 1 rows and 227 columns
Presolve time: 0.01s
Presolved: 721 rows, 1373 columns, 4995 nonzeros
Variable types: 0 continuous, 1373 integer (1369 binary)

Root relaxation: objective 0.000000e+00, 2284 iterations, 0.13 seconds (0.15 work units)

    Nodes    |    Current Node    |     Objective Bounds      |     Work
 Expl Unexpl |  Obj  Depth IntInf | Incumbent    BestBd   Gap | It/Node Time

     0     0    0.00000    0  520          -    0.00000      -     -    0s
     0     0    0.00000    0  647          -    0.00000      -     -    0s
     0     0    0.00000    0  628          -    0.00000      -     -    0s
     0     0    0.00000    0  600          -    0.00000      -     -    1s
     0     0    0.00000    0  618          -    0.00000      -     -    1s
     0     0    0.00000    0  517          -    0.00000      -     -    1s
     0     0    0.00000    0  612          -    0.00000      -     -    1s
     0     0    0.00000    0  435          -    0.00000      -     -    2s
     0     0    0.00000    0  489          -    0.00000      -     -    2s
     0     0    0.00000    0  417          -    0.00000      -     -    2s
     0     0    0.00000    0  480          -    0.00000      -     -    2s
     0     0    0.00000    0  374          -    0.00000      -     -    2s

Cutting planes:
  Clique: 1
  Zero half: 11
  RLT: 3

Explored 1 nodes (22923 simplex iterations) in 3.00 seconds (3.06 work units)
Thread count was 8 (of 8 available processors)

Solution count 0

Time limit reached
Best objective -, best bound 0.000000000000e+00, gap -

User-callback calls 497, time in user-callback 0.00 sec
Gurobi Optimizer version 11.0.0 build v11.0.0rc2 (linux64 - "Debian GNU/Linux 11 (bullseye)")

CPU model: Intel(R) Core(TM) i7-4770 CPU @ 3.40GHz, instruction set [SSE2|AVX|AVX2]
Thread count: 4 physical cores, 8 logical processors, using up to 8 threads

Academic license 2483116 - for non-commercial use only - registered to ni___@fu-berlin.de
Optimize a model with 722 rows, 1600 columns and 5776 nonzeros
Model fingerprint: 0x0344cfe0
Variable types: 0 continuous, 1600 integer (1600 binary)
Coefficient statistics:
  Matrix range     [1e+00, 1e+00]
  Objective range  [0e+00, 0e+00]
  Bounds range     [1e+00, 1e+00]
  RHS range        [0e+00, 0e+00]

MIP start from previous solve did not produce a new incumbent solution

Presolve removed 1 rows and 231 columns
Presolve time: 0.01s
Presolved: 721 rows, 1369 columns, 4966 nonzeros
Variable types: 0 continuous, 1369 integer (1364 binary)

Root relaxation: objective 0.000000e+00, 2183 iterations, 0.13 seconds (0.15 work units)

    Nodes    |    Current Node    |     Objective Bounds      |     Work
 Expl Unexpl |  Obj  Depth IntInf | Incumbent    BestBd   Gap | It/Node Time

     0     0    0.00000    0  556          -    0.00000      -     -    0s
     0     0    0.00000    0  632          -    0.00000      -     -    0s
     0     0    0.00000    0  588          -    0.00000      -     -    0s
     0     0    0.00000    0  508          -    0.00000      -     -    1s
     0     0    0.00000    0  589          -    0.00000      -     -    1s
     0     0    0.00000    0  462          -    0.00000      -     -    1s
     0     0    0.00000    0  480          -    0.00000      -     -    1s
     0     0    0.00000    0  421          -    0.00000      -     -    2s
     0     0    0.00000    0  415          -    0.00000      -     -    2s
     0     0    0.00000    0  458          -    0.00000      -     -    2s
     0     0    0.00000    0  556          -    0.00000      -     -    2s
     0     0    0.00000    0  419          -    0.00000      -     -    2s
     0     0    0.00000    0  538          -    0.00000      -     -    2s
     0     0          -    0               -    0.00000      -     -    3s

Cutting planes:
  Cover: 1
  Zero half: 74
  RLT: 8

Explored 1 nodes (24169 simplex iterations) in 3.07 seconds (3.11 work units)
Thread count was 8 (of 8 available processors)

Solution count 0

Time limit reached
Best objective -, best bound 0.000000000000e+00, gap -

User-callback calls 622, time in user-callback 0.00 sec
Gurobi Optimizer version 11.0.0 build v11.0.0rc2 (linux64 - "Debian GNU/Linux 11 (bullseye)")

CPU model: Intel(R) Core(TM) i7-4770 CPU @ 3.40GHz, instruction set [SSE2|AVX|AVX2]
Thread count: 4 physical cores, 8 logical processors, using up to 8 threads

Academic license 2483116 - for non-commercial use only - registered to ni___@fu-berlin.de
Optimize a model with 722 rows, 1600 columns and 5776 nonzeros
Model fingerprint: 0xbd963fed
Variable types: 0 continuous, 1600 integer (1600 binary)
Coefficient statistics:
  Matrix range     [1e+00, 1e+00]
  Objective range  [0e+00, 0e+00]
  Bounds range     [1e+00, 1e+00]
  RHS range        [0e+00, 0e+00]

MIP start from previous solve did not produce a new incumbent solution

Presolve removed 0 rows and 218 columns
Presolve time: 0.01s
Presolved: 722 rows, 1382 columns, 5031 nonzeros
Variable types: 0 continuous, 1382 integer (1378 binary)

Root relaxation: objective 0.000000e+00, 2224 iterations, 0.13 seconds (0.15 work units)

    Nodes    |    Current Node    |     Objective Bounds      |     Work
 Expl Unexpl |  Obj  Depth IntInf | Incumbent    BestBd   Gap | It/Node Time

     0     0    0.00000    0  499          -    0.00000      -     -    0s
     0     0    0.00000    0  624          -    0.00000      -     -    0s
     0     0    0.00000    0  619          -    0.00000      -     -    0s
     0     0    0.00000    0  539          -    0.00000      -     -    1s
     0     0    0.00000    0  526          -    0.00000      -     -    1s
     0     0    0.00000    0  492          -    0.00000      -     -    1s
     0     0    0.00000    0  523          -    0.00000      -     -    1s
     0     0    0.00000    0  478          -    0.00000      -     -    2s
     0     0    0.00000    0  544          -    0.00000      -     -    2s
     0     0    0.00000    0  445          -    0.00000      -     -    2s
     0     0    0.00000    0  502          -    0.00000      -     -    2s
     0     0    0.00000    0  470          -    0.00000      -     -    3s

Cutting planes:
  Clique: 1
  Zero half: 112

Explored 1 nodes (24215 simplex iterations) in 3.01 seconds (3.21 work units)
Thread count was 8 (of 8 available processors)

Solution count 0

Time limit reached
Best objective -, best bound 0.000000000000e+00, gap -

User-callback calls 536, time in user-callback 0.00 sec
Gurobi Optimizer version 11.0.0 build v11.0.0rc2 (linux64 - "Debian GNU/Linux 11 (bullseye)")

CPU model: Intel(R) Core(TM) i7-4770 CPU @ 3.40GHz, instruction set [SSE2|AVX|AVX2]
Thread count: 4 physical cores, 8 logical processors, using up to 8 threads

Academic license 2483116 - for non-commercial use only - registered to ni___@fu-berlin.de
Optimize a model with 722 rows, 1600 columns and 5776 nonzeros
Model fingerprint: 0xe3783b49
Variable types: 0 continuous, 1600 integer (1600 binary)
Coefficient statistics:
  Matrix range     [1e+00, 1e+00]
  Objective range  [0e+00, 0e+00]
  Bounds range     [1e+00, 1e+00]
  RHS range        [0e+00, 0e+00]

MIP start from previous solve did not produce a new incumbent solution

Presolve removed 29 rows and 300 columns
Presolve time: 0.01s
Presolved: 693 rows, 1300 columns, 4727 nonzeros
Variable types: 0 continuous, 1300 integer (1296 binary)

Root relaxation: objective 0.000000e+00, 2100 iterations, 0.12 seconds (0.13 work units)

    Nodes    |    Current Node    |     Objective Bounds      |     Work
 Expl Unexpl |  Obj  Depth IntInf | Incumbent    BestBd   Gap | It/Node Time

     0     0    0.00000    0  360          -    0.00000      -     -    0s
     0     0    0.00000    0  555          -    0.00000      -     -    0s
     0     0    0.00000    0  419          -    0.00000      -     -    1s
     0     0    0.00000    0  429          -    0.00000      -     -    1s
     0     0    0.00000    0  417          -    0.00000      -     -    1s
     0     0    0.00000    0  446          -    0.00000      -     -    1s
     0     0    0.00000    0  408          -    0.00000      -     -    2s
     0     0    0.00000    0  400          -    0.00000      -     -    2s

Cutting planes:
  Cover: 1
  Clique: 4
  GUB cover: 1
  Zero half: 8
  RLT: 4

Explored 1 nodes (19677 simplex iterations) in 3.00 seconds (2.93 work units)
Thread count was 8 (of 8 available processors)

Solution count 0

Time limit reached
Best objective -, best bound 0.000000000000e+00, gap -

User-callback calls 1415, time in user-callback 0.00 sec
Gurobi Optimizer version 11.0.0 build v11.0.0rc2 (linux64 - "Debian GNU/Linux 11 (bullseye)")

CPU model: Intel(R) Core(TM) i7-4770 CPU @ 3.40GHz, instruction set [SSE2|AVX|AVX2]
Thread count: 4 physical cores, 8 logical processors, using up to 8 threads

Academic license 2483116 - for non-commercial use only - registered to ni___@fu-berlin.de
Optimize a model with 722 rows, 1600 columns and 5776 nonzeros
Model fingerprint: 0x63837346
Variable types: 0 continuous, 1600 integer (1600 binary)
Coefficient statistics:
  Matrix range     [1e+00, 1e+00]
  Objective range  [0e+00, 0e+00]
  Bounds range     [1e+00, 1e+00]
  RHS range        [0e+00, 0e+00]

MIP start from previous solve did not produce a new incumbent solution

Presolve removed 7 rows and 250 columns
Presolve time: 0.02s
Presolved: 715 rows, 1350 columns, 4936 nonzeros
Variable types: 0 continuous, 1350 integer (1348 binary)

Root relaxation: objective 0.000000e+00, 2247 iterations, 0.14 seconds (0.15 work units)

    Nodes    |    Current Node    |     Objective Bounds      |     Work
 Expl Unexpl |  Obj  Depth IntInf | Incumbent    BestBd   Gap | It/Node Time

     0     0    0.00000    0  448          -    0.00000      -     -    0s
     0     0    0.00000    0  534          -    0.00000      -     -    0s
     0     0    0.00000    0  537          -    0.00000      -     -    0s
     0     0    0.00000    0  369          -    0.00000      -     -    1s
     0     0    0.00000    0  419          -    0.00000      -     -    1s
     0     0    0.00000    0  458          -    0.00000      -     -    1s
     0     0    0.00000    0  401          -    0.00000      -     -    1s
     0     0    0.00000    0  332          -    0.00000      -     -    2s
     0     0    0.00000    0  372          -    0.00000      -     -    2s
     0     0    0.00000    0  343          -    0.00000      -     -    2s
     0     0    0.00000    0  358          -    0.00000      -     -    2s
     0     0    0.00000    0  634          -    0.00000      -     -    3s

Cutting planes:
  MIR: 2
  Zero half: 86
  RLT: 4

Explored 1 nodes (24877 simplex iterations) in 3.01 seconds (3.09 work units)
Thread count was 8 (of 8 available processors)

Solution count 0

Time limit reached
Best objective -, best bound 0.000000000000e+00, gap -

User-callback calls 810, time in user-callback 0.00 sec
Gurobi Optimizer version 11.0.0 build v11.0.0rc2 (linux64 - "Debian GNU/Linux 11 (bullseye)")

CPU model: Intel(R) Core(TM) i7-4770 CPU @ 3.40GHz, instruction set [SSE2|AVX|AVX2]
Thread count: 4 physical cores, 8 logical processors, using up to 8 threads

Academic license 2483116 - for non-commercial use only - registered to ni___@fu-berlin.de
Optimize a model with 722 rows, 1600 columns and 5776 nonzeros
Model fingerprint: 0x5c53c5f8
Variable types: 0 continuous, 1600 integer (1600 binary)
Coefficient statistics:
  Matrix range     [1e+00, 1e+00]
  Objective range  [0e+00, 0e+00]
  Bounds range     [1e+00, 1e+00]
  RHS range        [0e+00, 0e+00]

MIP start from previous solve did not produce a new incumbent solution

Presolve removed 1 rows and 233 columns
Presolve time: 0.01s
Presolved: 721 rows, 1367 columns, 4959 nonzeros
Variable types: 0 continuous, 1367 integer (1364 binary)

Root relaxation: objective 0.000000e+00, 2131 iterations, 0.12 seconds (0.13 work units)

    Nodes    |    Current Node    |     Objective Bounds      |     Work
 Expl Unexpl |  Obj  Depth IntInf | Incumbent    BestBd   Gap | It/Node Time

     0     0    0.00000    0  607          -    0.00000      -     -    0s
     0     0    0.00000    0  670          -    0.00000      -     -    0s
     0     0    0.00000    0  667          -    0.00000      -     -    0s
     0     0    0.00000    0  542          -    0.00000      -     -    1s
     0     0    0.00000    0  585          -    0.00000      -     -    1s
     0     0    0.00000    0  592          -    0.00000      -     -    1s
     0     0    0.00000    0  559          -    0.00000      -     -    1s
     0     0    0.00000    0  558          -    0.00000      -     -    1s
     0     0    0.00000    0  408          -    0.00000      -     -    2s
     0     0    0.00000    0  422          -    0.00000      -     -    2s
     0     0    0.00000    0  397          -    0.00000      -     -    2s
     0     0    0.00000    0  411          -    0.00000      -     -    2s
     0     0    0.00000    0  609          -    0.00000      -     -    3s

Cutting planes:
  Clique: 2
  MIR: 2
  Zero half: 91
  RLT: 3

Explored 1 nodes (22556 simplex iterations) in 3.04 seconds (2.95 work units)
Thread count was 8 (of 8 available processors)

Solution count 0

Time limit reached
Best objective -, best bound 0.000000000000e+00, gap -

User-callback calls 495, time in user-callback 0.00 sec
Gurobi Optimizer version 11.0.0 build v11.0.0rc2 (linux64 - "Debian GNU/Linux 11 (bullseye)")

CPU model: Intel(R) Core(TM) i7-4770 CPU @ 3.40GHz, instruction set [SSE2|AVX|AVX2]
Thread count: 4 physical cores, 8 logical processors, using up to 8 threads

Academic license 2483116 - for non-commercial use only - registered to ni___@fu-berlin.de
Optimize a model with 722 rows, 1600 columns and 5776 nonzeros
Model fingerprint: 0x2cf80afd
Variable types: 0 continuous, 1600 integer (1600 binary)
Coefficient statistics:
  Matrix range     [1e+00, 1e+00]
  Objective range  [0e+00, 0e+00]
  Bounds range     [1e+00, 1e+00]
  RHS range        [0e+00, 0e+00]

MIP start from previous solve did not produce a new incumbent solution

Presolve removed 5 rows and 234 columns
Presolve time: 0.01s
Presolved: 717 rows, 1366 columns, 4943 nonzeros
Variable types: 0 continuous, 1366 integer (1363 binary)

Root relaxation: objective 0.000000e+00, 2145 iterations, 0.12 seconds (0.14 work units)

    Nodes    |    Current Node    |     Objective Bounds      |     Work
 Expl Unexpl |  Obj  Depth IntInf | Incumbent    BestBd   Gap | It/Node Time

     0     0    0.00000    0  532          -    0.00000      -     -    0s
     0     0    0.00000    0  615          -    0.00000      -     -    0s
     0     0    0.00000    0  615          -    0.00000      -     -    0s
     0     0    0.00000    0  435          -    0.00000      -     -    1s
     0     0    0.00000    0  502          -    0.00000      -     -    1s
     0     0    0.00000    0  480          -    0.00000      -     -    1s
     0     0    0.00000    0  497          -    0.00000      -     -    1s
     0     0    0.00000    0  412          -    0.00000      -     -    2s
     0     0    0.00000    0  491          -    0.00000      -     -    2s
H    0     0                       0.0000000    0.00000  0.00%     -    2s
     0     0    0.00000    0  379    0.00000    0.00000  0.00%     -    2s

Cutting planes:
  Zero half: 79
  RLT: 2

Explored 1 nodes (21312 simplex iterations) in 3.02 seconds (2.74 work units)
Thread count was 8 (of 8 available processors)

Solution count 1: 0 

Optimal solution found (tolerance 1.00e-04)
Best objective 0.000000000000e+00, best bound 0.000000000000e+00, gap 0.0000%

User-callback calls 661, time in user-callback 0.00 sec
Gurobi Optimizer version 11.0.0 build v11.0.0rc2 (linux64 - "Debian GNU/Linux 11 (bullseye)")

CPU model: Intel(R) Core(TM) i7-4770 CPU @ 3.40GHz, instruction set [SSE2|AVX|AVX2]
Thread count: 4 physical cores, 8 logical processors, using up to 8 threads

Academic license 2483116 - for non-commercial use only - registered to ni___@fu-berlin.de
Optimize a model with 722 rows, 1600 columns and 5776 nonzeros
Model fingerprint: 0x3d8f9a64
Variable types: 0 continuous, 1600 integer (1600 binary)
Coefficient statistics:
  Matrix range     [1e+00, 1e+00]
  Objective range  [0e+00, 0e+00]
  Bounds range     [1e+00, 1e+00]
  RHS range        [0e+00, 0e+00]

MIP start from previous solve did not produce a new incumbent solution

Presolve removed 0 rows and 209 columns
Presolve time: 0.00s

Explored 0 nodes (0 simplex iterations) in 0.07 seconds (0.00 work units)
Thread count was 1 (of 8 available processors)

Solution count 0

Model is infeasible
Best objective -, best bound -, gap -

User-callback calls 37, time in user-callback 0.00 sec
Gurobi Optimizer version 11.0.0 build v11.0.0rc2 (linux64 - "Debian GNU/Linux 11 (bullseye)")

CPU model: Intel(R) Core(TM) i7-4770 CPU @ 3.40GHz, instruction set [SSE2|AVX|AVX2]
Thread count: 4 physical cores, 8 logical processors, using up to 8 threads

Academic license 2483116 - for non-commercial use only - registered to ni___@fu-berlin.de
Optimize a model with 722 rows, 1600 columns and 5776 nonzeros
Model fingerprint: 0x8cb9d9e1
Variable types: 0 continuous, 1600 integer (1600 binary)
Coefficient statistics:
  Matrix range     [1e+00, 1e+00]
  Objective range  [0e+00, 0e+00]
  Bounds range     [1e+00, 1e+00]
  RHS range        [0e+00, 0e+00]

MIP start from previous solve did not produce a new incumbent solution

Presolve removed 2 rows and 235 columns
Presolve time: 0.01s
Presolved: 720 rows, 1365 columns, 4961 nonzeros
Variable types: 0 continuous, 1365 integer (1362 binary)

Root relaxation: objective 0.000000e+00, 2106 iterations, 0.15 seconds (0.14 work units)

    Nodes    |    Current Node    |     Objective Bounds      |     Work
 Expl Unexpl |  Obj  Depth IntInf | Incumbent    BestBd   Gap | It/Node Time

     0     0    0.00000    0  551          -    0.00000      -     -    0s
     0     0    0.00000    0  675          -    0.00000      -     -    0s
     0     0    0.00000    0  525          -    0.00000      -     -    1s
     0     0    0.00000    0  530          -    0.00000      -     -    1s
     0     0    0.00000    0  497          -    0.00000      -     -    1s
     0     0    0.00000    0  505          -    0.00000      -     -    1s
H    0     0                       0.0000000    0.00000  0.00%     -    2s
     0     0    0.00000    0  436    0.00000    0.00000  0.00%     -    2s

Cutting planes:
  Clique: 3
  Zero half: 117
  RLT: 3

Explored 1 nodes (15281 simplex iterations) in 2.23 seconds (2.02 work units)
Thread count was 8 (of 8 available processors)

Solution count 1: 0 

Optimal solution found (tolerance 1.00e-04)
Best objective 0.000000000000e+00, best bound 0.000000000000e+00, gap 0.0000%

User-callback calls 532, time in user-callback 0.00 sec
Gurobi Optimizer version 11.0.0 build v11.0.0rc2 (linux64 - "Debian GNU/Linux 11 (bullseye)")

CPU model: Intel(R) Core(TM) i7-4770 CPU @ 3.40GHz, instruction set [SSE2|AVX|AVX2]
Thread count: 4 physical cores, 8 logical processors, using up to 8 threads

Academic license 2483116 - for non-commercial use only - registered to ni___@fu-berlin.de
Optimize a model with 722 rows, 1600 columns and 5776 nonzeros
Model fingerprint: 0xf297c8ee
Variable types: 0 continuous, 1600 integer (1600 binary)
Coefficient statistics:
  Matrix range     [1e+00, 1e+00]
  Objective range  [0e+00, 0e+00]
  Bounds range     [1e+00, 1e+00]
  RHS range        [0e+00, 0e+00]

MIP start from previous solve did not produce a new incumbent solution

Presolve removed 2 rows and 230 columns
Presolve time: 0.01s
Presolved: 720 rows, 1370 columns, 4980 nonzeros
Variable types: 0 continuous, 1370 integer (1366 binary)

Root relaxation: objective 0.000000e+00, 2207 iterations, 0.13 seconds (0.15 work units)

    Nodes    |    Current Node    |     Objective Bounds      |     Work
 Expl Unexpl |  Obj  Depth IntInf | Incumbent    BestBd   Gap | It/Node Time

     0     0    0.00000    0  519          -    0.00000      -     -    0s
     0     0    0.00000    0  624          -    0.00000      -     -    0s
     0     0    0.00000    0  655          -    0.00000      -     -    0s
     0     0    0.00000    0  519          -    0.00000      -     -    1s
     0     0    0.00000    0  552          -    0.00000      -     -    1s
     0     0    0.00000    0  495          -    0.00000      -     -    1s
     0     0    0.00000    0  527          -    0.00000      -     -    1s
     0     0    0.00000    0  516          -    0.00000      -     -    1s
     0     0    0.00000    0  508          -    0.00000      -     -    1s
     0     0    0.00000    0  486          -    0.00000      -     -    2s
     0     0    0.00000    0  486          -    0.00000      -     -    2s

Cutting planes:
  Clique: 1
  Zero half: 11
  RLT: 1

Explored 1 nodes (19447 simplex iterations) in 3.00 seconds (3.12 work units)
Thread count was 8 (of 8 available processors)

Solution count 0

Time limit reached
Best objective -, best bound 0.000000000000e+00, gap -

User-callback calls 998, time in user-callback 0.00 sec
Gurobi Optimizer version 11.0.0 build v11.0.0rc2 (linux64 - "Debian GNU/Linux 11 (bullseye)")

CPU model: Intel(R) Core(TM) i7-4770 CPU @ 3.40GHz, instruction set [SSE2|AVX|AVX2]
Thread count: 4 physical cores, 8 logical processors, using up to 8 threads

Academic license 2483116 - for non-commercial use only - registered to ni___@fu-berlin.de
Optimize a model with 722 rows, 1600 columns and 5776 nonzeros
Model fingerprint: 0x0ecc7991
Variable types: 0 continuous, 1600 integer (1600 binary)
Coefficient statistics:
  Matrix range     [1e+00, 1e+00]
  Objective range  [0e+00, 0e+00]
  Bounds range     [1e+00, 1e+00]
  RHS range        [0e+00, 0e+00]

MIP start from previous solve did not produce a new incumbent solution

Presolve removed 0 rows and 223 columns
Presolve time: 0.01s
Presolved: 722 rows, 1377 columns, 4998 nonzeros
Variable types: 0 continuous, 1377 integer (1372 binary)

Root relaxation: objective 0.000000e+00, 2335 iterations, 0.14 seconds (0.16 work units)

    Nodes    |    Current Node    |     Objective Bounds      |     Work
 Expl Unexpl |  Obj  Depth IntInf | Incumbent    BestBd   Gap | It/Node Time

     0     0    0.00000    0  496          -    0.00000      -     -    0s
     0     0    0.00000    0  660          -    0.00000      -     -    0s
     0     0    0.00000    0  654          -    0.00000      -     -    0s
     0     0    0.00000    0  439          -    0.00000      -     -    1s
     0     0    0.00000    0  501          -    0.00000      -     -    1s
     0     0    0.00000    0  433          -    0.00000      -     -    1s
     0     0    0.00000    0  444          -    0.00000      -     -    1s
     0     0    0.00000    0  470          -    0.00000      -     -    2s
     0     0    0.00000    0  492          -    0.00000      -     -    2s
     0     0    0.00000    0  494          -    0.00000      -     -    2s
     0     0    0.00000    0  412          -    0.00000      -     -    2s

Cutting planes:
  Zero half: 11
  RLT: 2

Explored 1 nodes (22502 simplex iterations) in 3.00 seconds (3.13 work units)
Thread count was 8 (of 8 available processors)

Solution count 0

Time limit reached
Best objective -, best bound 0.000000000000e+00, gap -

User-callback calls 684, time in user-callback 0.00 sec
Gurobi Optimizer version 11.0.0 build v11.0.0rc2 (linux64 - "Debian GNU/Linux 11 (bullseye)")

CPU model: Intel(R) Core(TM) i7-4770 CPU @ 3.40GHz, instruction set [SSE2|AVX|AVX2]
Thread count: 4 physical cores, 8 logical processors, using up to 8 threads

Academic license 2483116 - for non-commercial use only - registered to ni___@fu-berlin.de
Optimize a model with 722 rows, 1600 columns and 5776 nonzeros
Model fingerprint: 0x00d63463
Variable types: 0 continuous, 1600 integer (1600 binary)
Coefficient statistics:
  Matrix range     [1e+00, 1e+00]
  Objective range  [0e+00, 0e+00]
  Bounds range     [1e+00, 1e+00]
  RHS range        [0e+00, 0e+00]

MIP start from previous solve did not produce a new incumbent solution

Presolve removed 3 rows and 233 columns
Presolve time: 0.01s
Presolved: 719 rows, 1367 columns, 4957 nonzeros
Variable types: 0 continuous, 1367 integer (1363 binary)

Root relaxation: objective 0.000000e+00, 2136 iterations, 0.12 seconds (0.14 work units)

    Nodes    |    Current Node    |     Objective Bounds      |     Work
 Expl Unexpl |  Obj  Depth IntInf | Incumbent    BestBd   Gap | It/Node Time

     0     0    0.00000    0  495          -    0.00000      -     -    0s
     0     0    0.00000    0  669          -    0.00000      -     -    0s
     0     0    0.00000    0  668          -    0.00000      -     -    0s
     0     0    0.00000    0  451          -    0.00000      -     -    1s
     0     0    0.00000    0  560          -    0.00000      -     -    1s
     0     0    0.00000    0  596          -    0.00000      -     -    1s
     0     0    0.00000    0  375          -    0.00000      -     -    2s
     0     0    0.00000    0  423          -    0.00000      -     -    2s
     0     0    0.00000    0  373          -    0.00000      -     -    2s
     0     0    0.00000    0  395          -    0.00000      -     -    2s
     0     0    0.00000    0  618          -    0.00000      -     -    3s

Cutting planes:
  Clique: 1
  MIR: 3
  Zero half: 73
  RLT: 5

Explored 1 nodes (23925 simplex iterations) in 3.03 seconds (3.01 work units)
Thread count was 8 (of 8 available processors)

Solution count 0

Time limit reached
Best objective -, best bound 0.000000000000e+00, gap -

User-callback calls 484, time in user-callback 0.00 sec
Gurobi Optimizer version 11.0.0 build v11.0.0rc2 (linux64 - "Debian GNU/Linux 11 (bullseye)")

CPU model: Intel(R) Core(TM) i7-4770 CPU @ 3.40GHz, instruction set [SSE2|AVX|AVX2]
Thread count: 4 physical cores, 8 logical processors, using up to 8 threads

Academic license 2483116 - for non-commercial use only - registered to ni___@fu-berlin.de
Optimize a model with 722 rows, 1600 columns and 5776 nonzeros
Model fingerprint: 0x457855f6
Variable types: 0 continuous, 1600 integer (1600 binary)
Coefficient statistics:
  Matrix range     [1e+00, 1e+00]
  Objective range  [0e+00, 0e+00]
  Bounds range     [1e+00, 1e+00]
  RHS range        [0e+00, 0e+00]

MIP start from previous solve did not produce a new incumbent solution

Presolve removed 10 rows and 256 columns
Presolve time: 0.02s
Presolved: 712 rows, 1344 columns, 4878 nonzeros
Variable types: 0 continuous, 1344 integer (1341 binary)

Root relaxation: objective 0.000000e+00, 2041 iterations, 0.15 seconds (0.12 work units)

    Nodes    |    Current Node    |     Objective Bounds      |     Work
 Expl Unexpl |  Obj  Depth IntInf | Incumbent    BestBd   Gap | It/Node Time

     0     0    0.00000    0  582          -    0.00000      -     -    0s
     0     0    0.00000    0  679          -    0.00000      -     -    0s
     0     0    0.00000    0  671          -    0.00000      -     -    0s
     0     0    0.00000    0  569          -    0.00000      -     -    1s
     0     0    0.00000    0  582          -    0.00000      -     -    1s
H    0     0                       0.0000000    0.00000  0.00%     -    1s
     0     0    0.00000    0  533    0.00000    0.00000  0.00%     -    1s

Cutting planes:
  Clique: 3
  MIR: 2
  Zero half: 113
  RLT: 2

Explored 1 nodes (13310 simplex iterations) in 1.78 seconds (1.71 work units)
Thread count was 8 (of 8 available processors)

Solution count 1: 0 

Optimal solution found (tolerance 1.00e-04)
Best objective 0.000000000000e+00, best bound 0.000000000000e+00, gap 0.0000%

User-callback calls 589, time in user-callback 0.00 sec
Gurobi Optimizer version 11.0.0 build v11.0.0rc2 (linux64 - "Debian GNU/Linux 11 (bullseye)")

CPU model: Intel(R) Core(TM) i7-4770 CPU @ 3.40GHz, instruction set [SSE2|AVX|AVX2]
Thread count: 4 physical cores, 8 logical processors, using up to 8 threads

Academic license 2483116 - for non-commercial use only - registered to ni___@fu-berlin.de
Optimize a model with 722 rows, 1600 columns and 5776 nonzeros
Model fingerprint: 0xe7cfffb7
Variable types: 0 continuous, 1600 integer (1600 binary)
Coefficient statistics:
  Matrix range     [1e+00, 1e+00]
  Objective range  [0e+00, 0e+00]
  Bounds range     [1e+00, 1e+00]
  RHS range        [0e+00, 0e+00]

MIP start from previous solve did not produce a new incumbent solution

Presolve removed 22 rows and 286 columns
Presolve time: 0.01s
Presolved: 700 rows, 1314 columns, 4753 nonzeros
Variable types: 0 continuous, 1314 integer (1310 binary)

Root relaxation: objective 0.000000e+00, 2172 iterations, 0.12 seconds (0.13 work units)

    Nodes    |    Current Node    |     Objective Bounds      |     Work
 Expl Unexpl |  Obj  Depth IntInf | Incumbent    BestBd   Gap | It/Node Time

     0     0    0.00000    0  559          -    0.00000      -     -    0s
     0     0    0.00000    0  605          -    0.00000      -     -    0s
     0     0    0.00000    0  666          -    0.00000      -     -    0s
     0     0    0.00000    0  653          -    0.00000      -     -    0s
     0     0    0.00000    0  388          -    0.00000      -     -    1s
     0     0    0.00000    0  443          -    0.00000      -     -    1s
     0     0    0.00000    0  380          -    0.00000      -     -    1s
     0     0    0.00000    0  432          -    0.00000      -     -    1s
     0     0    0.00000    0  377          -    0.00000      -     -    2s
     0     0    0.00000    0  393          -    0.00000      -     -    2s
     0     0    0.00000    0  339          -    0.00000      -     -    2s
     0     0    0.00000    0  474          -    0.00000      -     -    2s
     0     0    0.00000    0  401          -    0.00000      -     -    2s
     0     0    0.00000    0  353          -    0.00000      -     -    3s

Cutting planes:
  Clique: 3
  Zero half: 15
  RLT: 3

Explored 1 nodes (24864 simplex iterations) in 3.00 seconds (3.07 work units)
Thread count was 8 (of 8 available processors)

Solution count 0

Time limit reached
Best objective -, best bound 0.000000000000e+00, gap -

User-callback calls 845, time in user-callback 0.00 sec
Gurobi Optimizer version 11.0.0 build v11.0.0rc2 (linux64 - "Debian GNU/Linux 11 (bullseye)")

CPU model: Intel(R) Core(TM) i7-4770 CPU @ 3.40GHz, instruction set [SSE2|AVX|AVX2]
Thread count: 4 physical cores, 8 logical processors, using up to 8 threads

Academic license 2483116 - for non-commercial use only - registered to ni___@fu-berlin.de
Optimize a model with 722 rows, 1600 columns and 5776 nonzeros
Model fingerprint: 0x89c95bff
Variable types: 0 continuous, 1600 integer (1600 binary)
Coefficient statistics:
  Matrix range     [1e+00, 1e+00]
  Objective range  [0e+00, 0e+00]
  Bounds range     [1e+00, 1e+00]
  RHS range        [0e+00, 0e+00]

MIP start from previous solve did not produce a new incumbent solution

Presolve removed 33 rows and 305 columns
Presolve time: 0.02s
Presolved: 689 rows, 1295 columns, 4683 nonzeros
Variable types: 0 continuous, 1295 integer (1292 binary)

Root relaxation: objective 0.000000e+00, 2236 iterations, 0.12 seconds (0.14 work units)

    Nodes    |    Current Node    |     Objective Bounds      |     Work
 Expl Unexpl |  Obj  Depth IntInf | Incumbent    BestBd   Gap | It/Node Time

     0     0    0.00000    0  522          -    0.00000      -     -    0s
     0     0    0.00000    0  644          -    0.00000      -     -    0s
     0     0    0.00000    0  626          -    0.00000      -     -    0s
     0     0    0.00000    0  592          -    0.00000      -     -    0s
     0     0    0.00000    0  598          -    0.00000      -     -    0s
     0     0    0.00000    0  536          -    0.00000      -     -    1s
     0     0    0.00000    0  543          -    0.00000      -     -    1s
     0     0    0.00000    0  564          -    0.00000      -     -    1s
     0     0    0.00000    0  583          -    0.00000      -     -    1s
     0     0    0.00000    0  572          -    0.00000      -     -    2s
     0     0    0.00000    0  440          -    0.00000      -     -    2s
     0     2    0.00000    0  440          -    0.00000      -     -    3s

Cutting planes:
  Cover: 2
  Clique: 1
  MIR: 1
  Zero half: 14
  RLT: 5

Explored 1 nodes (19564 simplex iterations) in 3.00 seconds (3.13 work units)
Thread count was 8 (of 8 available processors)

Solution count 0

Time limit reached
Best objective -, best bound 0.000000000000e+00, gap -

User-callback calls 1189, time in user-callback 0.00 sec
Gurobi Optimizer version 11.0.0 build v11.0.0rc2 (linux64 - "Debian GNU/Linux 11 (bullseye)")

CPU model: Intel(R) Core(TM) i7-4770 CPU @ 3.40GHz, instruction set [SSE2|AVX|AVX2]
Thread count: 4 physical cores, 8 logical processors, using up to 8 threads

Academic license 2483116 - for non-commercial use only - registered to ni___@fu-berlin.de
Optimize a model with 722 rows, 1600 columns and 5776 nonzeros
Model fingerprint: 0x4da6c79e
Variable types: 0 continuous, 1600 integer (1600 binary)
Coefficient statistics:
  Matrix range     [1e+00, 1e+00]
  Objective range  [0e+00, 0e+00]
  Bounds range     [1e+00, 1e+00]
  RHS range        [0e+00, 0e+00]

MIP start from previous solve did not produce a new incumbent solution

Presolve removed 0 rows and 221 columns
Presolve time: 0.01s
Presolved: 722 rows, 1379 columns, 5013 nonzeros
Variable types: 0 continuous, 1379 integer (1373 binary)

Root relaxation: objective 0.000000e+00, 2178 iterations, 0.13 seconds (0.14 work units)

    Nodes    |    Current Node    |     Objective Bounds      |     Work
 Expl Unexpl |  Obj  Depth IntInf | Incumbent    BestBd   Gap | It/Node Time

     0     0    0.00000    0  541          -    0.00000      -     -    0s
     0     0    0.00000    0  673          -    0.00000      -     -    0s
     0     0    0.00000    0  667          -    0.00000      -     -    0s
     0     0    0.00000    0  478          -    0.00000      -     -    1s
     0     0    0.00000    0  497          -    0.00000      -     -    1s
     0     0    0.00000    0  489          -    0.00000      -     -    1s
     0     0    0.00000    0  519          -    0.00000      -     -    1s
     0     0    0.00000    0  561          -    0.00000      -     -    2s
     0     0    0.00000    0  579          -    0.00000      -     -    2s
     0     0    0.00000    0  453          -    0.00000      -     -    2s
     0     0    0.00000    0  493          -    0.00000      -     -    2s
     0     0    0.00000    0  500          -    0.00000      -     -    2s
     0     0    0.00000    0  500          -    0.00000      -     -    3s

Cutting planes:
  Clique: 8
  Zero half: 11
  RLT: 3

Explored 1 nodes (21843 simplex iterations) in 3.00 seconds (2.99 work units)
Thread count was 8 (of 8 available processors)

Solution count 0

Time limit reached
Best objective -, best bound 0.000000000000e+00, gap -

User-callback calls 466, time in user-callback 0.00 sec
Gurobi Optimizer version 11.0.0 build v11.0.0rc2 (linux64 - "Debian GNU/Linux 11 (bullseye)")

CPU model: Intel(R) Core(TM) i7-4770 CPU @ 3.40GHz, instruction set [SSE2|AVX|AVX2]
Thread count: 4 physical cores, 8 logical processors, using up to 8 threads

Academic license 2483116 - for non-commercial use only - registered to ni___@fu-berlin.de
Optimize a model with 722 rows, 1600 columns and 5776 nonzeros
Model fingerprint: 0x0eef9254
Variable types: 0 continuous, 1600 integer (1600 binary)
Coefficient statistics:
  Matrix range     [1e+00, 1e+00]
  Objective range  [0e+00, 0e+00]
  Bounds range     [1e+00, 1e+00]
  RHS range        [0e+00, 0e+00]

MIP start from previous solve did not produce a new incumbent solution

Presolve removed 4 rows and 230 columns
Presolve time: 0.01s
Presolved: 718 rows, 1370 columns, 4961 nonzeros
Variable types: 0 continuous, 1370 integer (1369 binary)

Root relaxation: objective 0.000000e+00, 2103 iterations, 0.12 seconds (0.13 work units)

    Nodes    |    Current Node    |     Objective Bounds      |     Work
 Expl Unexpl |  Obj  Depth IntInf | Incumbent    BestBd   Gap | It/Node Time

     0     0    0.00000    0  534          -    0.00000      -     -    0s
     0     0    0.00000    0  615          -    0.00000      -     -    0s
     0     0    0.00000    0  497          -    0.00000      -     -    1s
     0     0    0.00000    0  576          -    0.00000      -     -    1s
     0     0    0.00000    0  464          -    0.00000      -     -    1s
     0     0    0.00000    0  491          -    0.00000      -     -    1s
     0     0    0.00000    0  493          -    0.00000      -     -    1s
     0     0    0.00000    0  558          -    0.00000      -     -    2s
     0     0    0.00000    0  344          -    0.00000      -     -    2s
     0     0    0.00000    0  518          -    0.00000      -     -    2s
     0     0    0.00000    0  532          -    0.00000      -     -    3s

Cutting planes:
  Gomory: 1
  Clique: 1
  MIR: 1
  Inf proof: 1
  Zero half: 92
  RLT: 1

Explored 1 nodes (23118 simplex iterations) in 3.01 seconds (3.17 work units)
Thread count was 8 (of 8 available processors)

Solution count 0

Time limit reached
Best objective -, best bound 0.000000000000e+00, gap -

User-callback calls 496, time in user-callback 0.00 sec
Gurobi Optimizer version 11.0.0 build v11.0.0rc2 (linux64 - "Debian GNU/Linux 11 (bullseye)")

CPU model: Intel(R) Core(TM) i7-4770 CPU @ 3.40GHz, instruction set [SSE2|AVX|AVX2]
Thread count: 4 physical cores, 8 logical processors, using up to 8 threads

Academic license 2483116 - for non-commercial use only - registered to ni___@fu-berlin.de
Optimize a model with 722 rows, 1600 columns and 5776 nonzeros
Model fingerprint: 0xa88d4633
Variable types: 0 continuous, 1600 integer (1600 binary)
Coefficient statistics:
  Matrix range     [1e+00, 1e+00]
  Objective range  [0e+00, 0e+00]
  Bounds range     [1e+00, 1e+00]
  RHS range        [0e+00, 0e+00]

MIP start from previous solve did not produce a new incumbent solution

Presolve removed 14 rows and 259 columns
Presolve time: 0.01s
Presolved: 708 rows, 1341 columns, 4847 nonzeros
Variable types: 0 continuous, 1341 integer (1337 binary)

Root relaxation: objective 0.000000e+00, 2273 iterations, 0.13 seconds (0.14 work units)

    Nodes    |    Current Node    |     Objective Bounds      |     Work
 Expl Unexpl |  Obj  Depth IntInf | Incumbent    BestBd   Gap | It/Node Time

     0     0    0.00000    0  521          -    0.00000      -     -    0s
     0     0    0.00000    0  633          -    0.00000      -     -    0s
     0     0    0.00000    0  623          -    0.00000      -     -    0s
     0     0    0.00000    0  446          -    0.00000      -     -    1s
     0     0    0.00000    0  406          -    0.00000      -     -    1s
     0     0    0.00000    0  515          -    0.00000      -     -    1s
     0     0    0.00000    0  462          -    0.00000      -     -    1s
     0     0    0.00000    0  459          -    0.00000      -     -    1s
     0     0    0.00000    0  485          -    0.00000      -     -    2s
     0     0    0.00000    0  426          -    0.00000      -     -    2s

Cutting planes:
  Clique: 4
  MIR: 1
  GUB cover: 1
  Inf proof: 1
  Zero half: 12
  RLT: 5

Explored 1 nodes (19543 simplex iterations) in 3.00 seconds (2.95 work units)
Thread count was 8 (of 8 available processors)

Solution count 0

Time limit reached
Best objective -, best bound 0.000000000000e+00, gap -

User-callback calls 1186, time in user-callback 0.00 sec
Gurobi Optimizer version 11.0.0 build v11.0.0rc2 (linux64 - "Debian GNU/Linux 11 (bullseye)")

CPU model: Intel(R) Core(TM) i7-4770 CPU @ 3.40GHz, instruction set [SSE2|AVX|AVX2]
Thread count: 4 physical cores, 8 logical processors, using up to 8 threads

Academic license 2483116 - for non-commercial use only - registered to ni___@fu-berlin.de
Optimize a model with 722 rows, 1600 columns and 5776 nonzeros
Model fingerprint: 0x67622f18
Variable types: 0 continuous, 1600 integer (1600 binary)
Coefficient statistics:
  Matrix range     [1e+00, 1e+00]
  Objective range  [0e+00, 0e+00]
  Bounds range     [1e+00, 1e+00]
  RHS range        [0e+00, 0e+00]

MIP start from previous solve did not produce a new incumbent solution

Presolve removed 3 rows and 236 columns
Presolve time: 0.01s
Presolved: 719 rows, 1364 columns, 4936 nonzeros
Variable types: 0 continuous, 1364 integer (1359 binary)

Root relaxation: objective 0.000000e+00, 2081 iterations, 0.12 seconds (0.14 work units)

    Nodes    |    Current Node    |     Objective Bounds      |     Work
 Expl Unexpl |  Obj  Depth IntInf | Incumbent    BestBd   Gap | It/Node Time

     0     0    0.00000    0  529          -    0.00000      -     -    0s
     0     0    0.00000    0  620          -    0.00000      -     -    0s
     0     0    0.00000    0  614          -    0.00000      -     -    0s
     0     0    0.00000    0  433          -    0.00000      -     -    1s
     0     0    0.00000    0  427          -    0.00000      -     -    1s
     0     0    0.00000    0  477          -    0.00000      -     -    1s
     0     0    0.00000    0  462          -    0.00000      -     -    1s
     0     0    0.00000    0  436          -    0.00000      -     -    2s
     0     0    0.00000    0  550          -    0.00000      -     -    2s
     0     0    0.00000    0  455          -    0.00000      -     -    2s
     0     0    0.00000    0  528          -    0.00000      -     -    2s
     0     0    0.00000    0  403          -    0.00000      -     -    2s
     0     0    0.00000    0  403          -    0.00000      -     -    3s

Cutting planes:
  MIR: 2
  Zero half: 10
  RLT: 3

Explored 1 nodes (25018 simplex iterations) in 3.00 seconds (3.15 work units)
Thread count was 8 (of 8 available processors)

Solution count 0

Time limit reached
Best objective -, best bound 0.000000000000e+00, gap -

User-callback calls 609, time in user-callback 0.00 sec
Gurobi Optimizer version 11.0.0 build v11.0.0rc2 (linux64 - "Debian GNU/Linux 11 (bullseye)")

CPU model: Intel(R) Core(TM) i7-4770 CPU @ 3.40GHz, instruction set [SSE2|AVX|AVX2]
Thread count: 4 physical cores, 8 logical processors, using up to 8 threads

Academic license 2483116 - for non-commercial use only - registered to ni___@fu-berlin.de
Optimize a model with 722 rows, 1600 columns and 5776 nonzeros
Model fingerprint: 0xc8f1ca0d
Variable types: 0 continuous, 1600 integer (1600 binary)
Coefficient statistics:
  Matrix range     [1e+00, 1e+00]
  Objective range  [0e+00, 0e+00]
  Bounds range     [1e+00, 1e+00]
  RHS range        [0e+00, 0e+00]

MIP start from previous solve did not produce a new incumbent solution

Presolve removed 7 rows and 242 columns
Presolve time: 0.03s
Presolved: 715 rows, 1358 columns, 4922 nonzeros
Variable types: 0 continuous, 1358 integer (1356 binary)

Root relaxation: objective 0.000000e+00, 2257 iterations, 0.16 seconds (0.15 work units)

    Nodes    |    Current Node    |     Objective Bounds      |     Work
 Expl Unexpl |  Obj  Depth IntInf | Incumbent    BestBd   Gap | It/Node Time

     0     0    0.00000    0  482          -    0.00000      -     -    0s
     0     0    0.00000    0  575          -    0.00000      -     -    0s
     0     0    0.00000    0  568          -    0.00000      -     -    0s
     0     0    0.00000    0  564          -    0.00000      -     -    1s
     0     0    0.00000    0  622          -    0.00000      -     -    1s
     0     0    0.00000    0  434          -    0.00000      -     -    1s
     0     0    0.00000    0  536          -    0.00000      -     -    1s
     0     0    0.00000    0  569          -    0.00000      -     -    2s
     0     0    0.00000    0  558          -    0.00000      -     -    2s
     0     0    0.00000    0  472          -    0.00000      -     -    2s
     0     0    0.00000    0  548          -    0.00000      -     -    2s
     0     0    0.00000    0  479          -    0.00000      -     -    2s

Cutting planes:
  Clique: 1
  Zero half: 5
  RLT: 1

Explored 1 nodes (22779 simplex iterations) in 3.00 seconds (3.00 work units)
Thread count was 8 (of 8 available processors)

Solution count 0

Time limit reached
Best objective -, best bound 0.000000000000e+00, gap -

User-callback calls 694, time in user-callback 0.00 sec
Gurobi Optimizer version 11.0.0 build v11.0.0rc2 (linux64 - "Debian GNU/Linux 11 (bullseye)")

CPU model: Intel(R) Core(TM) i7-4770 CPU @ 3.40GHz, instruction set [SSE2|AVX|AVX2]
Thread count: 4 physical cores, 8 logical processors, using up to 8 threads

Academic license 2483116 - for non-commercial use only - registered to ni___@fu-berlin.de
Optimize a model with 722 rows, 1600 columns and 5776 nonzeros
Model fingerprint: 0x39e26199
Variable types: 0 continuous, 1600 integer (1600 binary)
Coefficient statistics:
  Matrix range     [1e+00, 1e+00]
  Objective range  [0e+00, 0e+00]
  Bounds range     [1e+00, 1e+00]
  RHS range        [0e+00, 0e+00]

MIP start from previous solve did not produce a new incumbent solution

Presolve removed 2 rows and 228 columns
Presolve time: 0.01s
Presolved: 720 rows, 1372 columns, 4975 nonzeros
Variable types: 0 continuous, 1372 integer (1367 binary)

Root relaxation: objective 0.000000e+00, 2347 iterations, 0.14 seconds (0.15 work units)

    Nodes    |    Current Node    |     Objective Bounds      |     Work
 Expl Unexpl |  Obj  Depth IntInf | Incumbent    BestBd   Gap | It/Node Time

     0     0    0.00000    0  572          -    0.00000      -     -    0s
     0     0    0.00000    0  686          -    0.00000      -     -    0s
     0     0    0.00000    0  672          -    0.00000      -     -    0s
     0     0    0.00000    0  473          -    0.00000      -     -    1s
     0     0    0.00000    0  531          -    0.00000      -     -    1s
     0     0    0.00000    0  453          -    0.00000      -     -    1s
     0     0    0.00000    0  465          -    0.00000      -     -    1s
     0     0    0.00000    0  506          -    0.00000      -     -    1s
     0     0    0.00000    0  543          -    0.00000      -     -    2s
     0     0    0.00000    0  427          -    0.00000      -     -    2s
     0     0    0.00000    0  560          -    0.00000      -     -    2s
     0     0    0.00000    0  565          -    0.00000      -     -    3s

Cutting planes:
  Cover: 1
  Zero half: 9
  RLT: 2

Explored 1 nodes (24094 simplex iterations) in 3.02 seconds (3.13 work units)
Thread count was 8 (of 8 available processors)

Solution count 0

Time limit reached
Best objective -, best bound 0.000000000000e+00, gap -

User-callback calls 511, time in user-callback 0.00 sec
Gurobi Optimizer version 11.0.0 build v11.0.0rc2 (linux64 - "Debian GNU/Linux 11 (bullseye)")

CPU model: Intel(R) Core(TM) i7-4770 CPU @ 3.40GHz, instruction set [SSE2|AVX|AVX2]
Thread count: 4 physical cores, 8 logical processors, using up to 8 threads

Academic license 2483116 - for non-commercial use only - registered to ni___@fu-berlin.de
Optimize a model with 722 rows, 1600 columns and 5776 nonzeros
Model fingerprint: 0xf9dce2c9
Variable types: 0 continuous, 1600 integer (1600 binary)
Coefficient statistics:
  Matrix range     [1e+00, 1e+00]
  Objective range  [0e+00, 0e+00]
  Bounds range     [1e+00, 1e+00]
  RHS range        [0e+00, 0e+00]

MIP start from previous solve did not produce a new incumbent solution

Presolve removed 0 rows and 215 columns
Presolve time: 0.00s

Explored 0 nodes (0 simplex iterations) in 0.05 seconds (0.00 work units)
Thread count was 1 (of 8 available processors)

Solution count 0

Model is infeasible
Best objective -, best bound -, gap -

User-callback calls 37, time in user-callback 0.00 sec
Gurobi Optimizer version 11.0.0 build v11.0.0rc2 (linux64 - "Debian GNU/Linux 11 (bullseye)")

CPU model: Intel(R) Core(TM) i7-4770 CPU @ 3.40GHz, instruction set [SSE2|AVX|AVX2]
Thread count: 4 physical cores, 8 logical processors, using up to 8 threads

Academic license 2483116 - for non-commercial use only - registered to ni___@fu-berlin.de
Optimize a model with 722 rows, 1600 columns and 5776 nonzeros
Model fingerprint: 0x7565f568
Variable types: 0 continuous, 1600 integer (1600 binary)
Coefficient statistics:
  Matrix range     [1e+00, 1e+00]
  Objective range  [0e+00, 0e+00]
  Bounds range     [1e+00, 1e+00]
  RHS range        [0e+00, 0e+00]

MIP start from previous solve did not produce a new incumbent solution

Presolve removed 11 rows and 259 columns
Presolve time: 0.02s
Presolved: 711 rows, 1341 columns, 4845 nonzeros
Variable types: 0 continuous, 1341 integer (1336 binary)

Root relaxation: objective 0.000000e+00, 2328 iterations, 0.14 seconds (0.16 work units)

    Nodes    |    Current Node    |     Objective Bounds      |     Work
 Expl Unexpl |  Obj  Depth IntInf | Incumbent    BestBd   Gap | It/Node Time

     0     0    0.00000    0  498          -    0.00000      -     -    0s
     0     0    0.00000    0  650          -    0.00000      -     -    0s
     0     0    0.00000    0  641          -    0.00000      -     -    0s
     0     0    0.00000    0  544          -    0.00000      -     -    1s
     0     0    0.00000    0  625          -    0.00000      -     -    1s
     0     0    0.00000    0  448          -    0.00000      -     -    1s
     0     0    0.00000    0  462          -    0.00000      -     -    1s
     0     0    0.00000    0  477          -    0.00000      -     -    2s
     0     0    0.00000    0  512          -    0.00000      -     -    2s
     0     0    0.00000    0  472          -    0.00000      -     -    2s
     0     0    0.00000    0  507          -    0.00000      -     -    2s
     0     0    0.00000    0  486          -    0.00000      -     -    2s
     0     0    0.00000    0  486          -    0.00000      -     -    2s

Cutting planes:
  Clique: 1
  Zero half: 10
  RLT: 2

Explored 1 nodes (22505 simplex iterations) in 3.00 seconds (3.00 work units)
Thread count was 8 (of 8 available processors)

Solution count 0

Time limit reached
Best objective -, best bound 0.000000000000e+00, gap -

User-callback calls 753, time in user-callback 0.00 sec
Gurobi Optimizer version 11.0.0 build v11.0.0rc2 (linux64 - "Debian GNU/Linux 11 (bullseye)")

CPU model: Intel(R) Core(TM) i7-4770 CPU @ 3.40GHz, instruction set [SSE2|AVX|AVX2]
Thread count: 4 physical cores, 8 logical processors, using up to 8 threads

Academic license 2483116 - for non-commercial use only - registered to ni___@fu-berlin.de
Optimize a model with 722 rows, 1600 columns and 5776 nonzeros
Model fingerprint: 0x314896fb
Variable types: 0 continuous, 1600 integer (1600 binary)
Coefficient statistics:
  Matrix range     [1e+00, 1e+00]
  Objective range  [0e+00, 0e+00]
  Bounds range     [1e+00, 1e+00]
  RHS range        [0e+00, 0e+00]

MIP start from previous solve did not produce a new incumbent solution

Presolve removed 25 rows and 301 columns
Presolve time: 0.02s
Presolved: 697 rows, 1299 columns, 4684 nonzeros
Variable types: 0 continuous, 1299 integer (1294 binary)

Root relaxation: objective 0.000000e+00, 2103 iterations, 0.13 seconds (0.14 work units)

    Nodes    |    Current Node    |     Objective Bounds      |     Work
 Expl Unexpl |  Obj  Depth IntInf | Incumbent    BestBd   Gap | It/Node Time

     0     0    0.00000    0  608          -    0.00000      -     -    0s
     0     0    0.00000    0  669          -    0.00000      -     -    0s
     0     0    0.00000    0  662          -    0.00000      -     -    0s
     0     0    0.00000    0  500          -    0.00000      -     -    1s
     0     0    0.00000    0  525          -    0.00000      -     -    1s
H    0     0                       0.0000000    0.00000  0.00%     -    1s
     0     0    0.00000    0  587    0.00000    0.00000  0.00%     -    1s

Cutting planes:
  Gomory: 1
  Clique: 7
  Zero half: 142
  RLT: 7

Explored 1 nodes (10851 simplex iterations) in 1.52 seconds (1.44 work units)
Thread count was 8 (of 8 available processors)

Solution count 1: 0 

Optimal solution found (tolerance 1.00e-04)
Best objective 0.000000000000e+00, best bound 0.000000000000e+00, gap 0.0000%

User-callback calls 794, time in user-callback 0.00 sec
Gurobi Optimizer version 11.0.0 build v11.0.0rc2 (linux64 - "Debian GNU/Linux 11 (bullseye)")

CPU model: Intel(R) Core(TM) i7-4770 CPU @ 3.40GHz, instruction set [SSE2|AVX|AVX2]
Thread count: 4 physical cores, 8 logical processors, using up to 8 threads

Academic license 2483116 - for non-commercial use only - registered to ni___@fu-berlin.de
Optimize a model with 722 rows, 1600 columns and 5776 nonzeros
Model fingerprint: 0xd405e46e
Variable types: 0 continuous, 1600 integer (1600 binary)
Coefficient statistics:
  Matrix range     [1e+00, 1e+00]
  Objective range  [0e+00, 0e+00]
  Bounds range     [1e+00, 1e+00]
  RHS range        [0e+00, 0e+00]

MIP start from previous solve did not produce a new incumbent solution

Presolve removed 4 rows and 230 columns
Presolve time: 0.01s
Presolved: 718 rows, 1370 columns, 4987 nonzeros
Variable types: 0 continuous, 1370 integer (1365 binary)

Root relaxation: objective 0.000000e+00, 2096 iterations, 0.12 seconds (0.13 work units)

    Nodes    |    Current Node    |     Objective Bounds      |     Work
 Expl Unexpl |  Obj  Depth IntInf | Incumbent    BestBd   Gap | It/Node Time

     0     0    0.00000    0  565          -    0.00000      -     -    0s
     0     0    0.00000    0  629          -    0.00000      -     -    0s
     0     0    0.00000    0  519          -    0.00000      -     -    1s
     0     0    0.00000    0  560          -    0.00000      -     -    1s
H    0     0                       0.0000000    0.00000  0.00%     -    1s
     0     0    0.00000    0  523    0.00000    0.00000  0.00%     -    1s

Cutting planes:
  Clique: 1
  MIR: 1
  Zero half: 119
  RLT: 5

Explored 1 nodes (12305 simplex iterations) in 1.59 seconds (1.55 work units)
Thread count was 8 (of 8 available processors)

Solution count 1: 0 

Optimal solution found (tolerance 1.00e-04)
Best objective 0.000000000000e+00, best bound 0.000000000000e+00, gap 0.0000%

User-callback calls 534, time in user-callback 0.00 sec
Gurobi Optimizer version 11.0.0 build v11.0.0rc2 (linux64 - "Debian GNU/Linux 11 (bullseye)")

CPU model: Intel(R) Core(TM) i7-4770 CPU @ 3.40GHz, instruction set [SSE2|AVX|AVX2]
Thread count: 4 physical cores, 8 logical processors, using up to 8 threads

Academic license 2483116 - for non-commercial use only - registered to ni___@fu-berlin.de
Optimize a model with 722 rows, 1600 columns and 5776 nonzeros
Model fingerprint: 0xa4e2be4f
Variable types: 0 continuous, 1600 integer (1600 binary)
Coefficient statistics:
  Matrix range     [1e+00, 1e+00]
  Objective range  [0e+00, 0e+00]
  Bounds range     [1e+00, 1e+00]
  RHS range        [0e+00, 0e+00]

MIP start from previous solve did not produce a new incumbent solution

Presolve removed 1 rows and 224 columns
Presolve time: 0.01s
Presolved: 721 rows, 1376 columns, 4995 nonzeros
Variable types: 0 continuous, 1376 integer (1372 binary)

Root relaxation: objective 0.000000e+00, 2156 iterations, 0.12 seconds (0.14 work units)

    Nodes    |    Current Node    |     Objective Bounds      |     Work
 Expl Unexpl |  Obj  Depth IntInf | Incumbent    BestBd   Gap | It/Node Time

     0     0    0.00000    0  503          -    0.00000      -     -    0s
     0     0    0.00000    0  686          -    0.00000      -     -    0s
     0     0    0.00000    0  678          -    0.00000      -     -    0s
     0     0    0.00000    0  601          -    0.00000      -     -    1s
     0     0    0.00000    0  604          -    0.00000      -     -    1s
H    0     0                       0.0000000    0.00000  0.00%     -    1s
     0     0    0.00000    0  539    0.00000    0.00000  0.00%     -    1s

Cutting planes:
  Gomory: 1
  Clique: 3
  Zero half: 119
  RLT: 4

Explored 1 nodes (12079 simplex iterations) in 1.70 seconds (1.60 work units)
Thread count was 8 (of 8 available processors)

Solution count 1: 0 

Optimal solution found (tolerance 1.00e-04)
Best objective 0.000000000000e+00, best bound 0.000000000000e+00, gap 0.0000%

User-callback calls 481, time in user-callback 0.00 sec
Gurobi Optimizer version 11.0.0 build v11.0.0rc2 (linux64 - "Debian GNU/Linux 11 (bullseye)")

CPU model: Intel(R) Core(TM) i7-4770 CPU @ 3.40GHz, instruction set [SSE2|AVX|AVX2]
Thread count: 4 physical cores, 8 logical processors, using up to 8 threads

Academic license 2483116 - for non-commercial use only - registered to ni___@fu-berlin.de
Optimize a model with 722 rows, 1600 columns and 5776 nonzeros
Model fingerprint: 0x6eeddd8a
Variable types: 0 continuous, 1600 integer (1600 binary)
Coefficient statistics:
  Matrix range     [1e+00, 1e+00]
  Objective range  [0e+00, 0e+00]
  Bounds range     [1e+00, 1e+00]
  RHS range        [0e+00, 0e+00]

MIP start from previous solve did not produce a new incumbent solution

Presolve removed 5 rows and 248 columns
Presolve time: 0.01s
Presolved: 717 rows, 1352 columns, 4922 nonzeros
Variable types: 0 continuous, 1352 integer (1349 binary)

Root relaxation: objective 0.000000e+00, 2280 iterations, 0.15 seconds (0.15 work units)

    Nodes    |    Current Node    |     Objective Bounds      |     Work
 Expl Unexpl |  Obj  Depth IntInf | Incumbent    BestBd   Gap | It/Node Time

     0     0    0.00000    0  533          -    0.00000      -     -    0s
     0     0    0.00000    0  655          -    0.00000      -     -    0s
     0     0    0.00000    0  626          -    0.00000      -     -    0s
     0     0    0.00000    0  405          -    0.00000      -     -    1s
     0     0    0.00000    0  425          -    0.00000      -     -    1s
     0     0    0.00000    0  447          -    0.00000      -     -    1s
     0     0    0.00000    0  580          -    0.00000      -     -    1s
     0     0    0.00000    0  524          -    0.00000      -     -    1s
     0     0    0.00000    0  418          -    0.00000      -     -    2s
     0     0    0.00000    0  462          -    0.00000      -     -    2s
     0     0    0.00000    0  534          -    0.00000      -     -    2s
     0     0    0.00000    0  428          -    0.00000      -     -    2s
     0     0    0.00000    0  428          -    0.00000      -     -    2s

Cutting planes:
  Zero half: 9

Explored 1 nodes (23742 simplex iterations) in 3.00 seconds (3.04 work units)
Thread count was 8 (of 8 available processors)

Solution count 0

Time limit reached
Best objective -, best bound 0.000000000000e+00, gap -

User-callback calls 600, time in user-callback 0.00 sec
Gurobi Optimizer version 11.0.0 build v11.0.0rc2 (linux64 - "Debian GNU/Linux 11 (bullseye)")

CPU model: Intel(R) Core(TM) i7-4770 CPU @ 3.40GHz, instruction set [SSE2|AVX|AVX2]
Thread count: 4 physical cores, 8 logical processors, using up to 8 threads

Academic license 2483116 - for non-commercial use only - registered to ni___@fu-berlin.de
Optimize a model with 722 rows, 1600 columns and 5776 nonzeros
Model fingerprint: 0x64c4a83b
Variable types: 0 continuous, 1600 integer (1600 binary)
Coefficient statistics:
  Matrix range     [1e+00, 1e+00]
  Objective range  [0e+00, 0e+00]
  Bounds range     [1e+00, 1e+00]
  RHS range        [0e+00, 0e+00]

MIP start from previous solve did not produce a new incumbent solution

Presolve removed 2 rows and 220 columns
Presolve time: 0.01s
Presolved: 720 rows, 1380 columns, 5024 nonzeros
Variable types: 0 continuous, 1380 integer (1376 binary)

Root relaxation: objective 0.000000e+00, 2144 iterations, 0.12 seconds (0.14 work units)

    Nodes    |    Current Node    |     Objective Bounds      |     Work
 Expl Unexpl |  Obj  Depth IntInf | Incumbent    BestBd   Gap | It/Node Time

     0     0    0.00000    0  512          -    0.00000      -     -    0s
     0     0    0.00000    0  665          -    0.00000      -     -    0s
     0     0    0.00000    0  651          -    0.00000      -     -    0s
     0     0    0.00000    0  499          -    0.00000      -     -    1s
     0     0    0.00000    0  499          -    0.00000      -     -    1s
     0     0    0.00000    0  543          -    0.00000      -     -    1s
     0     0    0.00000    0  605          -    0.00000      -     -    1s
H    0     0                       0.0000000    0.00000  0.00%     -    2s
     0     0    0.00000    0  404    0.00000    0.00000  0.00%     -    2s

Cutting planes:
  Clique: 1
  MIR: 1
  Zero half: 96
  RLT: 7

Explored 1 nodes (17097 simplex iterations) in 2.28 seconds (2.23 work units)
Thread count was 8 (of 8 available processors)

Solution count 1: 0 

Optimal solution found (tolerance 1.00e-04)
Best objective 0.000000000000e+00, best bound 0.000000000000e+00, gap 0.0000%

User-callback calls 498, time in user-callback 0.00 sec
Gurobi Optimizer version 11.0.0 build v11.0.0rc2 (linux64 - "Debian GNU/Linux 11 (bullseye)")

CPU model: Intel(R) Core(TM) i7-4770 CPU @ 3.40GHz, instruction set [SSE2|AVX|AVX2]
Thread count: 4 physical cores, 8 logical processors, using up to 8 threads

Academic license 2483116 - for non-commercial use only - registered to ni___@fu-berlin.de
Optimize a model with 722 rows, 1600 columns and 5776 nonzeros
Model fingerprint: 0xd891052f
Variable types: 0 continuous, 1600 integer (1600 binary)
Coefficient statistics:
  Matrix range     [1e+00, 1e+00]
  Objective range  [0e+00, 0e+00]
  Bounds range     [1e+00, 1e+00]
  RHS range        [0e+00, 0e+00]

MIP start from previous solve did not produce a new incumbent solution

Presolve removed 14 rows and 249 columns
Presolve time: 0.02s
Presolved: 708 rows, 1351 columns, 4888 nonzeros
Variable types: 0 continuous, 1351 integer (1349 binary)

Root relaxation: objective 0.000000e+00, 2146 iterations, 0.14 seconds (0.14 work units)

    Nodes    |    Current Node    |     Objective Bounds      |     Work
 Expl Unexpl |  Obj  Depth IntInf | Incumbent    BestBd   Gap | It/Node Time

     0     0    0.00000    0  492          -    0.00000      -     -    0s
     0     0    0.00000    0  645          -    0.00000      -     -    0s
     0     0    0.00000    0  654          -    0.00000      -     -    0s
     0     0    0.00000    0  415          -    0.00000      -     -    1s
     0     0    0.00000    0  474          -    0.00000      -     -    1s
     0     0    0.00000    0  355          -    0.00000      -     -    1s
     0     0    0.00000    0  455          -    0.00000      -     -    1s
     0     0    0.00000    0  402          -    0.00000      -     -    2s
     0     0    0.00000    0  423          -    0.00000      -     -    2s
     0     0    0.00000    0  427          -    0.00000      -     -    2s
     0     0    0.00000    0  518          -    0.00000      -     -    2s
     0     0    0.00000    0  510          -    0.00000      -     -    2s
     0     0    0.00000    0  526          -    0.00000      -     -    2s
     0     0    0.00000    0  658          -    0.00000      -     -    3s

Cutting planes:
  Cover: 1
  Clique: 3
  Zero half: 72
  RLT: 5

Explored 1 nodes (23866 simplex iterations) in 3.08 seconds (2.91 work units)
Thread count was 8 (of 8 available processors)

Solution count 0

Time limit reached
Best objective -, best bound 0.000000000000e+00, gap -

User-callback calls 649, time in user-callback 0.00 sec
Gurobi Optimizer version 11.0.0 build v11.0.0rc2 (linux64 - "Debian GNU/Linux 11 (bullseye)")

CPU model: Intel(R) Core(TM) i7-4770 CPU @ 3.40GHz, instruction set [SSE2|AVX|AVX2]
Thread count: 4 physical cores, 8 logical processors, using up to 8 threads

Academic license 2483116 - for non-commercial use only - registered to ni___@fu-berlin.de
Optimize a model with 722 rows, 1600 columns and 5776 nonzeros
Model fingerprint: 0x39e4e1a2
Variable types: 0 continuous, 1600 integer (1600 binary)
Coefficient statistics:
  Matrix range     [1e+00, 1e+00]
  Objective range  [0e+00, 0e+00]
  Bounds range     [1e+00, 1e+00]
  RHS range        [0e+00, 0e+00]

MIP start from previous solve did not produce a new incumbent solution

Presolve removed 0 rows and 219 columns
Presolve time: 0.00s

Explored 0 nodes (0 simplex iterations) in 0.13 seconds (0.00 work units)
Thread count was 1 (of 8 available processors)

Solution count 0

Model is infeasible
Best objective -, best bound -, gap -

User-callback calls 37, time in user-callback 0.00 sec
Gurobi Optimizer version 11.0.0 build v11.0.0rc2 (linux64 - "Debian GNU/Linux 11 (bullseye)")

CPU model: Intel(R) Core(TM) i7-4770 CPU @ 3.40GHz, instruction set [SSE2|AVX|AVX2]
Thread count: 4 physical cores, 8 logical processors, using up to 8 threads

Academic license 2483116 - for non-commercial use only - registered to ni___@fu-berlin.de
Optimize a model with 722 rows, 1600 columns and 5776 nonzeros
Model fingerprint: 0x6e29f2bd
Variable types: 0 continuous, 1600 integer (1600 binary)
Coefficient statistics:
  Matrix range     [1e+00, 1e+00]
  Objective range  [0e+00, 0e+00]
  Bounds range     [1e+00, 1e+00]
  RHS range        [0e+00, 0e+00]

MIP start from previous solve did not produce a new incumbent solution

Presolve removed 0 rows and 217 columns
Presolve time: 0.04s
Presolved: 722 rows, 1383 columns, 5036 nonzeros
Variable types: 0 continuous, 1383 integer (1381 binary)

Root relaxation: objective 0.000000e+00, 2219 iterations, 0.18 seconds (0.15 work units)

    Nodes    |    Current Node    |     Objective Bounds      |     Work
 Expl Unexpl |  Obj  Depth IntInf | Incumbent    BestBd   Gap | It/Node Time

     0     0    0.00000    0  476          -    0.00000      -     -    0s
     0     0    0.00000    0  591          -    0.00000      -     -    0s
     0     0    0.00000    0  412          -    0.00000      -     -    1s
H    0     0                       0.0000000    0.00000  0.00%     -    1s
     0     0    0.00000    0  405    0.00000    0.00000  0.00%     -    1s

Cutting planes:
  Clique: 1
  MIR: 2
  Zero half: 94

Explored 1 nodes (15350 simplex iterations) in 1.88 seconds (1.85 work units)
Thread count was 8 (of 8 available processors)

Solution count 1: 0 

Optimal solution found (tolerance 1.00e-04)
Best objective 0.000000000000e+00, best bound 0.000000000000e+00, gap 0.0000%

User-callback calls 426, time in user-callback 0.00 sec
Gurobi Optimizer version 11.0.0 build v11.0.0rc2 (linux64 - "Debian GNU/Linux 11 (bullseye)")

CPU model: Intel(R) Core(TM) i7-4770 CPU @ 3.40GHz, instruction set [SSE2|AVX|AVX2]
Thread count: 4 physical cores, 8 logical processors, using up to 8 threads

Academic license 2483116 - for non-commercial use only - registered to ni___@fu-berlin.de
Optimize a model with 722 rows, 1600 columns and 5776 nonzeros
Model fingerprint: 0x597eaa97
Variable types: 0 continuous, 1600 integer (1600 binary)
Coefficient statistics:
  Matrix range     [1e+00, 1e+00]
  Objective range  [0e+00, 0e+00]
  Bounds range     [1e+00, 1e+00]
  RHS range        [0e+00, 0e+00]

MIP start from previous solve did not produce a new incumbent solution

Presolve removed 4 rows and 234 columns
Presolve time: 0.06s
Presolved: 718 rows, 1366 columns, 4966 nonzeros
Variable types: 0 continuous, 1366 integer (1361 binary)

Root relaxation: objective 0.000000e+00, 2254 iterations, 0.19 seconds (0.16 work units)

    Nodes    |    Current Node    |     Objective Bounds      |     Work
 Expl Unexpl |  Obj  Depth IntInf | Incumbent    BestBd   Gap | It/Node Time

     0     0    0.00000    0  523          -    0.00000      -     -    0s
     0     0    0.00000    0  622          -    0.00000      -     -    0s
     0     0    0.00000    0  622          -    0.00000      -     -    0s
     0     0    0.00000    0  553          -    0.00000      -     -    1s
     0     0    0.00000    0  563          -    0.00000      -     -    1s
     0     0    0.00000    0  491          -    0.00000      -     -    1s
     0     0    0.00000    0  532          -    0.00000      -     -    1s
     0     0    0.00000    0  539          -    0.00000      -     -    2s
     0     0    0.00000    0  557          -    0.00000      -     -    2s
     0     0    0.00000    0  489          -    0.00000      -     -    2s
     0     0    0.00000    0  436          -    0.00000      -     -    2s

Cutting planes:
  Gomory: 1
  MIR: 1
  Zero half: 8

Explored 1 nodes (21070 simplex iterations) in 3.00 seconds (2.81 work units)
Thread count was 8 (of 8 available processors)

Solution count 0

Time limit reached
Best objective -, best bound 0.000000000000e+00, gap -

User-callback calls 618, time in user-callback 0.00 sec
Gurobi Optimizer version 11.0.0 build v11.0.0rc2 (linux64 - "Debian GNU/Linux 11 (bullseye)")

CPU model: Intel(R) Core(TM) i7-4770 CPU @ 3.40GHz, instruction set [SSE2|AVX|AVX2]
Thread count: 4 physical cores, 8 logical processors, using up to 8 threads

Academic license 2483116 - for non-commercial use only - registered to ni___@fu-berlin.de
Optimize a model with 722 rows, 1600 columns and 5776 nonzeros
Model fingerprint: 0xc7957dec
Variable types: 0 continuous, 1600 integer (1600 binary)
Coefficient statistics:
  Matrix range     [1e+00, 1e+00]
  Objective range  [0e+00, 0e+00]
  Bounds range     [1e+00, 1e+00]
  RHS range        [0e+00, 0e+00]

MIP start from previous solve did not produce a new incumbent solution

Presolve removed 2 rows and 229 columns
Presolve time: 0.01s
Presolved: 720 rows, 1371 columns, 4989 nonzeros
Variable types: 0 continuous, 1371 integer (1366 binary)

Root relaxation: objective 0.000000e+00, 2057 iterations, 0.12 seconds (0.13 work units)

    Nodes    |    Current Node    |     Objective Bounds      |     Work
 Expl Unexpl |  Obj  Depth IntInf | Incumbent    BestBd   Gap | It/Node Time

     0     0    0.00000    0  549          -    0.00000      -     -    0s
     0     0    0.00000    0  625          -    0.00000      -     -    0s
     0     0    0.00000    0  637          -    0.00000      -     -    0s
     0     0    0.00000    0  465          -    0.00000      -     -    1s
     0     0    0.00000    0  507          -    0.00000      -     -    1s
H    0     0                       0.0000000    0.00000  0.00%     -    1s
     0     0    0.00000    0  424    0.00000    0.00000  0.00%     -    1s

Cutting planes:
  Clique: 2
  Zero half: 85
  RLT: 1

Explored 1 nodes (14344 simplex iterations) in 1.80 seconds (1.79 work units)
Thread count was 8 (of 8 available processors)

Solution count 1: 0 

Optimal solution found (tolerance 1.00e-04)
Best objective 0.000000000000e+00, best bound 0.000000000000e+00, gap 0.0000%

User-callback calls 491, time in user-callback 0.00 sec
Gurobi Optimizer version 11.0.0 build v11.0.0rc2 (linux64 - "Debian GNU/Linux 11 (bullseye)")

CPU model: Intel(R) Core(TM) i7-4770 CPU @ 3.40GHz, instruction set [SSE2|AVX|AVX2]
Thread count: 4 physical cores, 8 logical processors, using up to 8 threads

Academic license 2483116 - for non-commercial use only - registered to ni___@fu-berlin.de
Optimize a model with 722 rows, 1600 columns and 5776 nonzeros
Model fingerprint: 0xe723e82a
Variable types: 0 continuous, 1600 integer (1600 binary)
Coefficient statistics:
  Matrix range     [1e+00, 1e+00]
  Objective range  [0e+00, 0e+00]
  Bounds range     [1e+00, 1e+00]
  RHS range        [0e+00, 0e+00]

MIP start from previous solve did not produce a new incumbent solution

Presolve removed 7 rows and 246 columns
Presolve time: 0.03s
Presolved: 715 rows, 1354 columns, 4928 nonzeros
Variable types: 0 continuous, 1354 integer (1349 binary)

Root relaxation: objective 0.000000e+00, 2265 iterations, 0.16 seconds (0.15 work units)

    Nodes    |    Current Node    |     Objective Bounds      |     Work
 Expl Unexpl |  Obj  Depth IntInf | Incumbent    BestBd   Gap | It/Node Time

     0     0    0.00000    0  523          -    0.00000      -     -    0s
     0     0    0.00000    0  675          -    0.00000      -     -    0s
     0     0    0.00000    0  513          -    0.00000      -     -    1s
     0     0    0.00000    0  494          -    0.00000      -     -    1s
     0     0    0.00000    0  500          -    0.00000      -     -    1s
     0     0    0.00000    0  466          -    0.00000      -     -    2s
     0     0    0.00000    0  535          -    0.00000      -     -    2s
     0     0    0.00000    0  461          -    0.00000      -     -    3s

Cutting planes:
  Clique: 5
  MIR: 1
  Zero half: 106
  RLT: 4

Explored 1 nodes (23981 simplex iterations) in 3.01 seconds (3.05 work units)
Thread count was 8 (of 8 available processors)

Solution count 0

Time limit reached
Best objective -, best bound 0.000000000000e+00, gap -

User-callback calls 685, time in user-callback 0.00 sec
Gurobi Optimizer version 11.0.0 build v11.0.0rc2 (linux64 - "Debian GNU/Linux 11 (bullseye)")

CPU model: Intel(R) Core(TM) i7-4770 CPU @ 3.40GHz, instruction set [SSE2|AVX|AVX2]
Thread count: 4 physical cores, 8 logical processors, using up to 8 threads

Academic license 2483116 - for non-commercial use only - registered to ni___@fu-berlin.de
Optimize a model with 722 rows, 1600 columns and 5776 nonzeros
Model fingerprint: 0xa89e5f33
Variable types: 0 continuous, 1600 integer (1600 binary)
Coefficient statistics:
  Matrix range     [1e+00, 1e+00]
  Objective range  [0e+00, 0e+00]
  Bounds range     [1e+00, 1e+00]
  RHS range        [0e+00, 0e+00]

MIP start from previous solve did not produce a new incumbent solution

Presolve removed 5 rows and 232 columns
Presolve time: 0.02s
Presolved: 717 rows, 1368 columns, 4949 nonzeros
Variable types: 0 continuous, 1368 integer (1363 binary)

Root relaxation: objective 0.000000e+00, 2257 iterations, 0.14 seconds (0.15 work units)

    Nodes    |    Current Node    |     Objective Bounds      |     Work
 Expl Unexpl |  Obj  Depth IntInf | Incumbent    BestBd   Gap | It/Node Time

     0     0    0.00000    0  533          -    0.00000      -     -    0s
     0     0    0.00000    0  662          -    0.00000      -     -    0s
     0     0    0.00000    0  485          -    0.00000      -     -    1s
     0     0    0.00000    0  585          -    0.00000      -     -    1s
     0     0    0.00000    0  481          -    0.00000      -     -    1s
     0     0    0.00000    0  490          -    0.00000      -     -    1s
     0     0    0.00000    0  405          -    0.00000      -     -    1s
     0     0    0.00000    0  433          -    0.00000      -     -    1s
     0     0    0.00000    0  501          -    0.00000      -     -    2s
     0     0    0.00000    0  520          -    0.00000      -     -    2s
     0     0    0.00000    0  477          -    0.00000      -     -    2s
     0     0    0.00000    0  477          -    0.00000      -     -    3s

Cutting planes:
  Clique: 8
  Zero half: 6
  RLT: 2

Explored 1 nodes (22960 simplex iterations) in 3.00 seconds (2.98 work units)
Thread count was 8 (of 8 available processors)

Solution count 0

Time limit reached
Best objective -, best bound 0.000000000000e+00, gap -

User-callback calls 728, time in user-callback 0.00 sec
Gurobi Optimizer version 11.0.0 build v11.0.0rc2 (linux64 - "Debian GNU/Linux 11 (bullseye)")

CPU model: Intel(R) Core(TM) i7-4770 CPU @ 3.40GHz, instruction set [SSE2|AVX|AVX2]
Thread count: 4 physical cores, 8 logical processors, using up to 8 threads

Academic license 2483116 - for non-commercial use only - registered to ni___@fu-berlin.de
Optimize a model with 722 rows, 1600 columns and 5776 nonzeros
Model fingerprint: 0x52c63924
Variable types: 0 continuous, 1600 integer (1600 binary)
Coefficient statistics:
  Matrix range     [1e+00, 1e+00]
  Objective range  [0e+00, 0e+00]
  Bounds range     [1e+00, 1e+00]
  RHS range        [0e+00, 0e+00]

MIP start from previous solve did not produce a new incumbent solution

Presolve removed 4 rows and 232 columns
Presolve time: 0.01s
Presolved: 718 rows, 1368 columns, 4981 nonzeros
Variable types: 0 continuous, 1368 integer (1364 binary)

Root relaxation: objective 0.000000e+00, 2042 iterations, 0.15 seconds (0.12 work units)

    Nodes    |    Current Node    |     Objective Bounds      |     Work
 Expl Unexpl |  Obj  Depth IntInf | Incumbent    BestBd   Gap | It/Node Time

     0     0    0.00000    0  531          -    0.00000      -     -    0s
     0     0    0.00000    0  694          -    0.00000      -     -    0s
     0     0    0.00000    0  676          -    0.00000      -     -    0s
     0     0    0.00000    0  495          -    0.00000      -     -    1s
     0     0    0.00000    0  498          -    0.00000      -     -    1s
     0     0    0.00000    0  409          -    0.00000      -     -    1s
     0     0    0.00000    0  472          -    0.00000      -     -    1s
H    0     0                       0.0000000    0.00000  0.00%     -    1s
     0     0    0.00000    0  463    0.00000    0.00000  0.00%     -    1s

Cutting planes:
  Clique: 2
  MIR: 3
  Zero half: 106
  RLT: 3

Explored 1 nodes (15970 simplex iterations) in 1.97 seconds (2.08 work units)
Thread count was 8 (of 8 available processors)

Solution count 1: 0 

Optimal solution found (tolerance 1.00e-04)
Best objective 0.000000000000e+00, best bound 0.000000000000e+00, gap 0.0000%

User-callback calls 489, time in user-callback 0.00 sec
Gurobi Optimizer version 11.0.0 build v11.0.0rc2 (linux64 - "Debian GNU/Linux 11 (bullseye)")

CPU model: Intel(R) Core(TM) i7-4770 CPU @ 3.40GHz, instruction set [SSE2|AVX|AVX2]
Thread count: 4 physical cores, 8 logical processors, using up to 8 threads

Academic license 2483116 - for non-commercial use only - registered to ni___@fu-berlin.de
Optimize a model with 722 rows, 1600 columns and 5776 nonzeros
Model fingerprint: 0x13bed628
Variable types: 0 continuous, 1600 integer (1600 binary)
Coefficient statistics:
  Matrix range     [1e+00, 1e+00]
  Objective range  [0e+00, 0e+00]
  Bounds range     [1e+00, 1e+00]
  RHS range        [0e+00, 0e+00]

MIP start from previous solve did not produce a new incumbent solution

Presolve removed 9 rows and 254 columns
Presolve time: 0.02s
Presolved: 713 rows, 1346 columns, 4859 nonzeros
Variable types: 0 continuous, 1346 integer (1343 binary)

Root relaxation: objective 0.000000e+00, 2104 iterations, 0.12 seconds (0.14 work units)

    Nodes    |    Current Node    |     Objective Bounds      |     Work
 Expl Unexpl |  Obj  Depth IntInf | Incumbent    BestBd   Gap | It/Node Time

     0     0    0.00000    0  482          -    0.00000      -     -    0s
     0     0    0.00000    0  631          -    0.00000      -     -    0s
     0     0    0.00000    0  628          -    0.00000      -     -    0s
     0     0    0.00000    0  449          -    0.00000      -     -    1s
     0     0    0.00000    0  562          -    0.00000      -     -    1s
     0     0    0.00000    0  367          -    0.00000      -     -    1s
     0     0    0.00000    0  366          -    0.00000      -     -    1s
     0     0    0.00000    0  375          -    0.00000      -     -    2s
     0     0    0.00000    0  388          -    0.00000      -     -    2s
     0     0    0.00000    0  455          -    0.00000      -     -    2s
     0     0    0.00000    0  505          -    0.00000      -     -    2s
     0     0    0.00000    0  453          -    0.00000      -     -    3s

Cutting planes:
  Zero half: 84
  RLT: 9

Explored 1 nodes (25161 simplex iterations) in 3.08 seconds (2.98 work units)
Thread count was 8 (of 8 available processors)

Solution count 0

Time limit reached
Best objective -, best bound 0.000000000000e+00, gap -

User-callback calls 733, time in user-callback 0.00 sec
Gurobi Optimizer version 11.0.0 build v11.0.0rc2 (linux64 - "Debian GNU/Linux 11 (bullseye)")

CPU model: Intel(R) Core(TM) i7-4770 CPU @ 3.40GHz, instruction set [SSE2|AVX|AVX2]
Thread count: 4 physical cores, 8 logical processors, using up to 8 threads

Academic license 2483116 - for non-commercial use only - registered to ni___@fu-berlin.de
Optimize a model with 722 rows, 1600 columns and 5776 nonzeros
Model fingerprint: 0x8a70175d
Variable types: 0 continuous, 1600 integer (1600 binary)
Coefficient statistics:
  Matrix range     [1e+00, 1e+00]
  Objective range  [0e+00, 0e+00]
  Bounds range     [1e+00, 1e+00]
  RHS range        [0e+00, 0e+00]

MIP start from previous solve did not produce a new incumbent solution

Presolve removed 2 rows and 232 columns
Presolve time: 0.01s
Presolved: 720 rows, 1368 columns, 4951 nonzeros
Variable types: 0 continuous, 1368 integer (1364 binary)

Root relaxation: objective 0.000000e+00, 2141 iterations, 0.12 seconds (0.14 work units)

    Nodes    |    Current Node    |     Objective Bounds      |     Work
 Expl Unexpl |  Obj  Depth IntInf | Incumbent    BestBd   Gap | It/Node Time

     0     0    0.00000    0  509          -    0.00000      -     -    0s
     0     0    0.00000    0  616          -    0.00000      -     -    0s
     0     0    0.00000    0  639          -    0.00000      -     -    0s
     0     0    0.00000    0  512          -    0.00000      -     -    1s
     0     0    0.00000    0  559          -    0.00000      -     -    1s
     0     0    0.00000    0  456          -    0.00000      -     -    1s
     0     0    0.00000    0  520          -    0.00000      -     -    1s
     0     0    0.00000    0  432          -    0.00000      -     -    1s
     0     0    0.00000    0  454          -    0.00000      -     -    1s
     0     0    0.00000    0  542          -    0.00000      -     -    2s
     0     0    0.00000    0  613          -    0.00000      -     -    2s
     0     0    0.00000    0  485          -    0.00000      -     -    2s
     0     0    0.00000    0  485          -    0.00000      -     -    3s

Cutting planes:
  Gomory: 1
  MIR: 1
  Zero half: 8
  RLT: 3

Explored 1 nodes (22620 simplex iterations) in 3.00 seconds (3.03 work units)
Thread count was 8 (of 8 available processors)

Solution count 0

Time limit reached
Best objective -, best bound 0.000000000000e+00, gap -

User-callback calls 520, time in user-callback 0.00 sec
Gurobi Optimizer version 11.0.0 build v11.0.0rc2 (linux64 - "Debian GNU/Linux 11 (bullseye)")

CPU model: Intel(R) Core(TM) i7-4770 CPU @ 3.40GHz, instruction set [SSE2|AVX|AVX2]
Thread count: 4 physical cores, 8 logical processors, using up to 8 threads

Academic license 2483116 - for non-commercial use only - registered to ni___@fu-berlin.de
Optimize a model with 722 rows, 1600 columns and 5776 nonzeros
Model fingerprint: 0x41eaa25e
Variable types: 0 continuous, 1600 integer (1600 binary)
Coefficient statistics:
  Matrix range     [1e+00, 1e+00]
  Objective range  [0e+00, 0e+00]
  Bounds range     [1e+00, 1e+00]
  RHS range        [0e+00, 0e+00]

MIP start from previous solve did not produce a new incumbent solution

Presolve removed 0 rows and 215 columns
Presolve time: 0.00s

Explored 0 nodes (0 simplex iterations) in 0.35 seconds (0.00 work units)
Thread count was 1 (of 8 available processors)

Solution count 0

Model is infeasible
Best objective -, best bound -, gap -

User-callback calls 38, time in user-callback 0.00 sec
Gurobi Optimizer version 11.0.0 build v11.0.0rc2 (linux64 - "Debian GNU/Linux 11 (bullseye)")

CPU model: Intel(R) Core(TM) i7-4770 CPU @ 3.40GHz, instruction set [SSE2|AVX|AVX2]
Thread count: 4 physical cores, 8 logical processors, using up to 8 threads

Academic license 2483116 - for non-commercial use only - registered to ni___@fu-berlin.de
Optimize a model with 722 rows, 1600 columns and 5776 nonzeros
Model fingerprint: 0x0b2403aa
Variable types: 0 continuous, 1600 integer (1600 binary)
Coefficient statistics:
  Matrix range     [1e+00, 1e+00]
  Objective range  [0e+00, 0e+00]
  Bounds range     [1e+00, 1e+00]
  RHS range        [0e+00, 0e+00]

MIP start from previous solve did not produce a new incumbent solution

Presolve removed 12 rows and 256 columns
Presolve time: 0.03s
Presolved: 710 rows, 1344 columns, 4904 nonzeros
Variable types: 0 continuous, 1344 integer (1341 binary)

Root relaxation: objective 0.000000e+00, 2169 iterations, 0.17 seconds (0.15 work units)

    Nodes    |    Current Node    |     Objective Bounds      |     Work
 Expl Unexpl |  Obj  Depth IntInf | Incumbent    BestBd   Gap | It/Node Time

     0     0    0.00000    0  597          -    0.00000      -     -    0s
     0     0    0.00000    0  675          -    0.00000      -     -    0s
     0     0    0.00000    0  670          -    0.00000      -     -    0s
     0     0    0.00000    0  574          -    0.00000      -     -    1s
     0     0    0.00000    0  599          -    0.00000      -     -    1s
     0     0    0.00000    0  595          -    0.00000      -     -    1s
     0     0    0.00000    0  554          -    0.00000      -     -    2s
     0     0    0.00000    0  546          -    0.00000      -     -    2s
     0     0    0.00000    0  517          -    0.00000      -     -    3s

Cutting planes:
  Clique: 3
  Zero half: 6
  RLT: 3

Explored 1 nodes (20753 simplex iterations) in 3.00 seconds (2.79 work units)
Thread count was 8 (of 8 available processors)

Solution count 0

Time limit reached
Best objective -, best bound 0.000000000000e+00, gap -

User-callback calls 788, time in user-callback 0.00 sec
Gurobi Optimizer version 11.0.0 build v11.0.0rc2 (linux64 - "Debian GNU/Linux 11 (bullseye)")

CPU model: Intel(R) Core(TM) i7-4770 CPU @ 3.40GHz, instruction set [SSE2|AVX|AVX2]
Thread count: 4 physical cores, 8 logical processors, using up to 8 threads

Academic license 2483116 - for non-commercial use only - registered to ni___@fu-berlin.de
Optimize a model with 722 rows, 1600 columns and 5776 nonzeros
Model fingerprint: 0x4aa92246
Variable types: 0 continuous, 1600 integer (1600 binary)
Coefficient statistics:
  Matrix range     [1e+00, 1e+00]
  Objective range  [0e+00, 0e+00]
  Bounds range     [1e+00, 1e+00]
  RHS range        [0e+00, 0e+00]

MIP start from previous solve did not produce a new incumbent solution

Presolve removed 5 rows and 245 columns
Presolve time: 0.01s
Presolved: 717 rows, 1355 columns, 4901 nonzeros
Variable types: 0 continuous, 1355 integer (1351 binary)

Root relaxation: objective 0.000000e+00, 2221 iterations, 0.13 seconds (0.15 work units)

    Nodes    |    Current Node    |     Objective Bounds      |     Work
 Expl Unexpl |  Obj  Depth IntInf | Incumbent    BestBd   Gap | It/Node Time

     0     0    0.00000    0  567          -    0.00000      -     -    0s
     0     0    0.00000    0  653          -    0.00000      -     -    0s
     0     0    0.00000    0  482          -    0.00000      -     -    1s
     0     0    0.00000    0  487          -    0.00000      -     -    1s
     0     0    0.00000    0  433          -    0.00000      -     -    1s
     0     0    0.00000    0  422          -    0.00000      -     -    1s
     0     0    0.00000    0  523          -    0.00000      -     -    2s
     0     0    0.00000    0  509          -    0.00000      -     -    2s
     0     0    0.00000    0  347          -    0.00000      -     -    2s
     0     0    0.00000    0  412          -    0.00000      -     -    2s
     0     0    0.00000    0  402          -    0.00000      -     -    2s
     0     0    0.00000    0  470          -    0.00000      -     -    2s
     0     0    0.00000    0  653          -    0.00000      -     -    3s

Cutting planes:
  MIR: 2
  Zero half: 64
  RLT: 1

Explored 1 nodes (24096 simplex iterations) in 3.01 seconds (3.04 work units)
Thread count was 8 (of 8 available processors)

Solution count 0

Time limit reached
Best objective -, best bound 0.000000000000e+00, gap -

User-callback calls 643, time in user-callback 0.00 sec
Gurobi Optimizer version 11.0.0 build v11.0.0rc2 (linux64 - "Debian GNU/Linux 11 (bullseye)")

CPU model: Intel(R) Core(TM) i7-4770 CPU @ 3.40GHz, instruction set [SSE2|AVX|AVX2]
Thread count: 4 physical cores, 8 logical processors, using up to 8 threads

Academic license 2483116 - for non-commercial use only - registered to ni___@fu-berlin.de
Optimize a model with 722 rows, 1600 columns and 5776 nonzeros
Model fingerprint: 0x9471a045
Variable types: 0 continuous, 1600 integer (1600 binary)
Coefficient statistics:
  Matrix range     [1e+00, 1e+00]
  Objective range  [0e+00, 0e+00]
  Bounds range     [1e+00, 1e+00]
  RHS range        [0e+00, 0e+00]

MIP start from previous solve did not produce a new incumbent solution

Presolve removed 6 rows and 244 columns
Presolve time: 0.01s
Presolved: 716 rows, 1356 columns, 4928 nonzeros
Variable types: 0 continuous, 1356 integer (1354 binary)

Root relaxation: objective 0.000000e+00, 2126 iterations, 0.12 seconds (0.14 work units)

    Nodes    |    Current Node    |     Objective Bounds      |     Work
 Expl Unexpl |  Obj  Depth IntInf | Incumbent    BestBd   Gap | It/Node Time

     0     0    0.00000    0  478          -    0.00000      -     -    0s
     0     0    0.00000    0  627          -    0.00000      -     -    0s
     0     0    0.00000    0  621          -    0.00000      -     -    0s
     0     0    0.00000    0  441          -    0.00000      -     -    1s
     0     0    0.00000    0  501          -    0.00000      -     -    1s
     0     0    0.00000    0  456          -    0.00000      -     -    1s
     0     0    0.00000    0  479          -    0.00000      -     -    1s
     0     0    0.00000    0  424          -    0.00000      -     -    2s
     0     0    0.00000    0  420          -    0.00000      -     -    2s
     0     0    0.00000    0  415          -    0.00000      -     -    2s
     0     0    0.00000    0  360          -    0.00000      -     -    2s

Cutting planes:
  Gomory: 1
  Clique: 3
  Zero half: 16
  RLT: 1

Explored 1 nodes (19891 simplex iterations) in 3.00 seconds (3.01 work units)
Thread count was 8 (of 8 available processors)

Solution count 0

Time limit reached
Best objective -, best bound 0.000000000000e+00, gap -

User-callback calls 932, time in user-callback 0.00 sec
Gurobi Optimizer version 11.0.0 build v11.0.0rc2 (linux64 - "Debian GNU/Linux 11 (bullseye)")

CPU model: Intel(R) Core(TM) i7-4770 CPU @ 3.40GHz, instruction set [SSE2|AVX|AVX2]
Thread count: 4 physical cores, 8 logical processors, using up to 8 threads

Academic license 2483116 - for non-commercial use only - registered to ni___@fu-berlin.de
Optimize a model with 722 rows, 1600 columns and 5776 nonzeros
Model fingerprint: 0xafef3123
Variable types: 0 continuous, 1600 integer (1600 binary)
Coefficient statistics:
  Matrix range     [1e+00, 1e+00]
  Objective range  [0e+00, 0e+00]
  Bounds range     [1e+00, 1e+00]
  RHS range        [0e+00, 0e+00]

MIP start from previous solve did not produce a new incumbent solution

Presolve removed 0 rows and 214 columns
Presolve time: 0.00s

Explored 0 nodes (0 simplex iterations) in 0.05 seconds (0.00 work units)
Thread count was 1 (of 8 available processors)

Solution count 0

Model is infeasible
Best objective -, best bound -, gap -

User-callback calls 37, time in user-callback 0.00 sec
Gurobi Optimizer version 11.0.0 build v11.0.0rc2 (linux64 - "Debian GNU/Linux 11 (bullseye)")

CPU model: Intel(R) Core(TM) i7-4770 CPU @ 3.40GHz, instruction set [SSE2|AVX|AVX2]
Thread count: 4 physical cores, 8 logical processors, using up to 8 threads

Academic license 2483116 - for non-commercial use only - registered to ni___@fu-berlin.de
Optimize a model with 722 rows, 1600 columns and 5776 nonzeros
Model fingerprint: 0x8e91c85c
Variable types: 0 continuous, 1600 integer (1600 binary)
Coefficient statistics:
  Matrix range     [1e+00, 1e+00]
  Objective range  [0e+00, 0e+00]
  Bounds range     [1e+00, 1e+00]
  RHS range        [0e+00, 0e+00]

MIP start from previous solve did not produce a new incumbent solution

Presolve removed 12 rows and 247 columns
Presolve time: 0.03s
Presolved: 710 rows, 1353 columns, 4885 nonzeros
Variable types: 0 continuous, 1353 integer (1349 binary)

Root relaxation: objective 0.000000e+00, 2276 iterations, 0.17 seconds (0.15 work units)

    Nodes    |    Current Node    |     Objective Bounds      |     Work
 Expl Unexpl |  Obj  Depth IntInf | Incumbent    BestBd   Gap | It/Node Time

     0     0    0.00000    0  544          -    0.00000      -     -    0s
     0     0    0.00000    0  680          -    0.00000      -     -    0s
     0     0    0.00000    0  660          -    0.00000      -     -    0s
     0     0    0.00000    0  502          -    0.00000      -     -    1s
     0     0    0.00000    0  477          -    0.00000      -     -    1s
     0     0    0.00000    0  480          -    0.00000      -     -    2s
     0     0    0.00000    0  519          -    0.00000      -     -    2s
H    0     0                       0.0000000    0.00000  0.00%     -    2s
     0     0    0.00000    0  431    0.00000    0.00000  0.00%     -    2s

Cutting planes:
  Gomory: 1
  Clique: 8
  Zero half: 121
  RLT: 4

Explored 1 nodes (20776 simplex iterations) in 2.63 seconds (2.70 work units)
Thread count was 8 (of 8 available processors)

Solution count 1: 0 

Optimal solution found (tolerance 1.00e-04)
Best objective 0.000000000000e+00, best bound 0.000000000000e+00, gap 0.0000%

User-callback calls 636, time in user-callback 0.00 sec
Gurobi Optimizer version 11.0.0 build v11.0.0rc2 (linux64 - "Debian GNU/Linux 11 (bullseye)")

CPU model: Intel(R) Core(TM) i7-4770 CPU @ 3.40GHz, instruction set [SSE2|AVX|AVX2]
Thread count: 4 physical cores, 8 logical processors, using up to 8 threads

Academic license 2483116 - for non-commercial use only - registered to ni___@fu-berlin.de
Optimize a model with 722 rows, 1600 columns and 5776 nonzeros
Model fingerprint: 0x67e6ba7f
Variable types: 0 continuous, 1600 integer (1600 binary)
Coefficient statistics:
  Matrix range     [1e+00, 1e+00]
  Objective range  [0e+00, 0e+00]
  Bounds range     [1e+00, 1e+00]
  RHS range        [0e+00, 0e+00]

MIP start from previous solve did not produce a new incumbent solution

Presolve removed 1 rows and 215 columns
Presolve time: 0.00s

Explored 0 nodes (0 simplex iterations) in 0.08 seconds (0.00 work units)
Thread count was 1 (of 8 available processors)

Solution count 0

Model is infeasible
Best objective -, best bound -, gap -

User-callback calls 37, time in user-callback 0.00 sec
Gurobi Optimizer version 11.0.0 build v11.0.0rc2 (linux64 - "Debian GNU/Linux 11 (bullseye)")

CPU model: Intel(R) Core(TM) i7-4770 CPU @ 3.40GHz, instruction set [SSE2|AVX|AVX2]
Thread count: 4 physical cores, 8 logical processors, using up to 8 threads

Academic license 2483116 - for non-commercial use only - registered to ni___@fu-berlin.de
Optimize a model with 722 rows, 1600 columns and 5776 nonzeros
Model fingerprint: 0xc2be3925
Variable types: 0 continuous, 1600 integer (1600 binary)
Coefficient statistics:
  Matrix range     [1e+00, 1e+00]
  Objective range  [0e+00, 0e+00]
  Bounds range     [1e+00, 1e+00]
  RHS range        [0e+00, 0e+00]

MIP start from previous solve did not produce a new incumbent solution

Presolve removed 0 rows and 220 columns
Presolve time: 0.00s

Explored 0 nodes (0 simplex iterations) in 0.05 seconds (0.00 work units)
Thread count was 1 (of 8 available processors)

Solution count 0

Model is infeasible
Best objective -, best bound -, gap -

User-callback calls 37, time in user-callback 0.00 sec
Gurobi Optimizer version 11.0.0 build v11.0.0rc2 (linux64 - "Debian GNU/Linux 11 (bullseye)")

CPU model: Intel(R) Core(TM) i7-4770 CPU @ 3.40GHz, instruction set [SSE2|AVX|AVX2]
Thread count: 4 physical cores, 8 logical processors, using up to 8 threads

Academic license 2483116 - for non-commercial use only - registered to ni___@fu-berlin.de
Optimize a model with 722 rows, 1600 columns and 5776 nonzeros
Model fingerprint: 0x14513666
Variable types: 0 continuous, 1600 integer (1600 binary)
Coefficient statistics:
  Matrix range     [1e+00, 1e+00]
  Objective range  [0e+00, 0e+00]
  Bounds range     [1e+00, 1e+00]
  RHS range        [0e+00, 0e+00]

MIP start from previous solve did not produce a new incumbent solution

Presolve removed 23 rows and 277 columns
Presolve time: 0.01s
Presolved: 699 rows, 1323 columns, 4783 nonzeros
Variable types: 0 continuous, 1323 integer (1319 binary)

Root relaxation: objective 0.000000e+00, 2155 iterations, 0.12 seconds (0.14 work units)

    Nodes    |    Current Node    |     Objective Bounds      |     Work
 Expl Unexpl |  Obj  Depth IntInf | Incumbent    BestBd   Gap | It/Node Time

     0     0    0.00000    0  453          -    0.00000      -     -    0s
     0     0    0.00000    0  683          -    0.00000      -     -    0s
     0     0    0.00000    0  677          -    0.00000      -     -    0s
     0     0    0.00000    0  560          -    0.00000      -     -    1s
     0     0    0.00000    0  602          -    0.00000      -     -    1s
     0     0    0.00000    0  588          -    0.00000      -     -    1s
     0     0    0.00000    0  594          -    0.00000      -     -    1s
H    0     0                       0.0000000    0.00000  0.00%     -    1s
     0     0    0.00000    0  572    0.00000    0.00000  0.00%     -    1s

Cutting planes:
  Clique: 7
  Zero half: 93
  RLT: 2

Explored 1 nodes (14629 simplex iterations) in 1.87 seconds (1.93 work units)
Thread count was 8 (of 8 available processors)

Solution count 1: 0 

Optimal solution found (tolerance 1.00e-04)
Best objective 0.000000000000e+00, best bound 0.000000000000e+00, gap 0.0000%

User-callback calls 775, time in user-callback 0.00 sec
Gurobi Optimizer version 11.0.0 build v11.0.0rc2 (linux64 - "Debian GNU/Linux 11 (bullseye)")

CPU model: Intel(R) Core(TM) i7-4770 CPU @ 3.40GHz, instruction set [SSE2|AVX|AVX2]
Thread count: 4 physical cores, 8 logical processors, using up to 8 threads

Academic license 2483116 - for non-commercial use only - registered to ni___@fu-berlin.de
Optimize a model with 722 rows, 1600 columns and 5776 nonzeros
Model fingerprint: 0x5843f467
Variable types: 0 continuous, 1600 integer (1600 binary)
Coefficient statistics:
  Matrix range     [1e+00, 1e+00]
  Objective range  [0e+00, 0e+00]
  Bounds range     [1e+00, 1e+00]
  RHS range        [0e+00, 0e+00]

MIP start from previous solve did not produce a new incumbent solution

Presolve removed 5 rows and 239 columns
Presolve time: 0.01s
Presolved: 717 rows, 1361 columns, 4937 nonzeros
Variable types: 0 continuous, 1361 integer (1358 binary)

Root relaxation: objective 0.000000e+00, 2136 iterations, 0.14 seconds (0.13 work units)

    Nodes    |    Current Node    |     Objective Bounds      |     Work
 Expl Unexpl |  Obj  Depth IntInf | Incumbent    BestBd   Gap | It/Node Time

     0     0    0.00000    0  546          -    0.00000      -     -    0s
     0     0    0.00000    0  666          -    0.00000      -     -    0s
     0     0    0.00000    0  653          -    0.00000      -     -    0s
     0     0    0.00000    0  537          -    0.00000      -     -    1s
     0     0    0.00000    0  600          -    0.00000      -     -    1s
     0     0    0.00000    0  420          -    0.00000      -     -    1s
     0     0    0.00000    0  465          -    0.00000      -     -    1s
     0     0    0.00000    0  434          -    0.00000      -     -    2s
     0     0    0.00000    0  506          -    0.00000      -     -    2s
     0     0    0.00000    0  384          -    0.00000      -     -    2s
     0     0    0.00000    0  603          -    0.00000      -     -    2s
     0     0    0.00000    0  458          -    0.00000      -     -    2s
     0     0    0.00000    0  458          -    0.00000      -     -    3s

Cutting planes:
  Clique: 1
  Zero half: 8
  RLT: 1

Explored 1 nodes (24635 simplex iterations) in 3.00 seconds (3.04 work units)
Thread count was 8 (of 8 available processors)

Solution count 0

Time limit reached
Best objective -, best bound 0.000000000000e+00, gap -

User-callback calls 595, time in user-callback 0.00 sec
Gurobi Optimizer version 11.0.0 build v11.0.0rc2 (linux64 - "Debian GNU/Linux 11 (bullseye)")

CPU model: Intel(R) Core(TM) i7-4770 CPU @ 3.40GHz, instruction set [SSE2|AVX|AVX2]
Thread count: 4 physical cores, 8 logical processors, using up to 8 threads

Academic license 2483116 - for non-commercial use only - registered to ni___@fu-berlin.de
Optimize a model with 722 rows, 1600 columns and 5776 nonzeros
Model fingerprint: 0x54c91967
Variable types: 0 continuous, 1600 integer (1600 binary)
Coefficient statistics:
  Matrix range     [1e+00, 1e+00]
  Objective range  [0e+00, 0e+00]
  Bounds range     [1e+00, 1e+00]
  RHS range        [0e+00, 0e+00]

MIP start from previous solve did not produce a new incumbent solution

Presolve removed 0 rows and 224 columns
Presolve time: 0.01s
Presolved: 722 rows, 1376 columns, 4980 nonzeros
Variable types: 0 continuous, 1376 integer (1373 binary)

Root relaxation: objective 0.000000e+00, 2094 iterations, 0.12 seconds (0.14 work units)

    Nodes    |    Current Node    |     Objective Bounds      |     Work
 Expl Unexpl |  Obj  Depth IntInf | Incumbent    BestBd   Gap | It/Node Time

     0     0    0.00000    0  531          -    0.00000      -     -    0s
     0     0    0.00000    0  646          -    0.00000      -     -    0s
     0     0    0.00000    0  641          -    0.00000      -     -    0s
     0     0    0.00000    0  420          -    0.00000      -     -    1s
     0     0    0.00000    0  436          -    0.00000      -     -    1s
     0     0    0.00000    0  496          -    0.00000      -     -    1s
     0     0    0.00000    0  507          -    0.00000      -     -    1s
     0     0    0.00000    0  483          -    0.00000      -     -    1s
     0     0    0.00000    0  564          -    0.00000      -     -    1s
     0     0    0.00000    0  479          -    0.00000      -     -    2s
     0     0    0.00000    0  528          -    0.00000      -     -    2s
     0     0    0.00000    0  472          -    0.00000      -     -    2s
     0     0    0.00000    0  481          -    0.00000      -     -    2s
     0     0    0.00000    0  572          -    0.00000      -     -    3s

Cutting planes:
  Zero half: 100
  RLT: 6

Explored 1 nodes (22643 simplex iterations) in 3.23 seconds (3.04 work units)
Thread count was 8 (of 8 available processors)

Solution count 0

Time limit reached
Best objective -, best bound 0.000000000000e+00, gap -

User-callback calls 498, time in user-callback 0.00 sec
Gurobi Optimizer version 11.0.0 build v11.0.0rc2 (linux64 - "Debian GNU/Linux 11 (bullseye)")

CPU model: Intel(R) Core(TM) i7-4770 CPU @ 3.40GHz, instruction set [SSE2|AVX|AVX2]
Thread count: 4 physical cores, 8 logical processors, using up to 8 threads

Academic license 2483116 - for non-commercial use only - registered to ni___@fu-berlin.de
Optimize a model with 722 rows, 1600 columns and 5776 nonzeros
Model fingerprint: 0x2d314cb9
Variable types: 0 continuous, 1600 integer (1600 binary)
Coefficient statistics:
  Matrix range     [1e+00, 1e+00]
  Objective range  [0e+00, 0e+00]
  Bounds range     [1e+00, 1e+00]
  RHS range        [0e+00, 0e+00]

MIP start from previous solve did not produce a new incumbent solution

Presolve removed 25 rows and 289 columns
Presolve time: 0.02s
Presolved: 697 rows, 1311 columns, 4732 nonzeros
Variable types: 0 continuous, 1311 integer (1305 binary)

Root relaxation: objective 0.000000e+00, 2277 iterations, 0.13 seconds (0.15 work units)

    Nodes    |    Current Node    |     Objective Bounds      |     Work
 Expl Unexpl |  Obj  Depth IntInf | Incumbent    BestBd   Gap | It/Node Time

     0     0    0.00000    0  556          -    0.00000      -     -    0s
     0     0    0.00000    0  671          -    0.00000      -     -    0s
     0     0    0.00000    0  665          -    0.00000      -     -    0s
     0     0    0.00000    0  500          -    0.00000      -     -    1s
     0     0    0.00000    0  532          -    0.00000      -     -    1s
     0     0    0.00000    0  522          -    0.00000      -     -    1s
     0     0    0.00000    0  558          -    0.00000      -     -    1s
     0     0    0.00000    0  484          -    0.00000      -     -    1s
     0     0    0.00000    0  524          -    0.00000      -     -    1s
     0     0    0.00000    0  459          -    0.00000      -     -    2s
     0     0    0.00000    0  458          -    0.00000      -     -    2s
H    0     0                       0.0000000    0.00000  0.00%     -    2s
     0     0    0.00000    0  458    0.00000    0.00000  0.00%     -    2s

Cutting planes:
  Cover: 2
  Clique: 1
  MIR: 1
  Zero half: 90
  RLT: 5

Explored 1 nodes (20392 simplex iterations) in 2.66 seconds (2.66 work units)
Thread count was 8 (of 8 available processors)

Solution count 1: 0 

Optimal solution found (tolerance 1.00e-04)
Best objective 0.000000000000e+00, best bound 0.000000000000e+00, gap 0.0000%

User-callback calls 944, time in user-callback 0.00 sec
Gurobi Optimizer version 11.0.0 build v11.0.0rc2 (linux64 - "Debian GNU/Linux 11 (bullseye)")

CPU model: Intel(R) Core(TM) i7-4770 CPU @ 3.40GHz, instruction set [SSE2|AVX|AVX2]
Thread count: 4 physical cores, 8 logical processors, using up to 8 threads

Academic license 2483116 - for non-commercial use only - registered to ni___@fu-berlin.de
Optimize a model with 722 rows, 1600 columns and 5776 nonzeros
Model fingerprint: 0xe704ff9d
Variable types: 0 continuous, 1600 integer (1600 binary)
Coefficient statistics:
  Matrix range     [1e+00, 1e+00]
  Objective range  [0e+00, 0e+00]
  Bounds range     [1e+00, 1e+00]
  RHS range        [0e+00, 0e+00]

MIP start from previous solve did not produce a new incumbent solution

Presolve removed 24 rows and 287 columns
Presolve time: 0.01s
Presolved: 698 rows, 1313 columns, 4750 nonzeros
Variable types: 0 continuous, 1313 integer (1309 binary)

Root relaxation: objective 0.000000e+00, 2105 iterations, 0.12 seconds (0.13 work units)

    Nodes    |    Current Node    |     Objective Bounds      |     Work
 Expl Unexpl |  Obj  Depth IntInf | Incumbent    BestBd   Gap | It/Node Time

     0     0    0.00000    0  472          -    0.00000      -     -    0s
     0     0    0.00000    0  616          -    0.00000      -     -    0s
     0     0    0.00000    0  593          -    0.00000      -     -    0s
     0     0    0.00000    0  420          -    0.00000      -     -    0s
     0     0    0.00000    0  477          -    0.00000      -     -    1s
     0     0    0.00000    0  342          -    0.00000      -     -    1s
     0     0    0.00000    0  375          -    0.00000      -     -    2s
     0     0    0.00000    0  409          -    0.00000      -     -    2s
H    0     0                       0.0000000    0.00000  0.00%     -    2s
     0     0    0.00000    0  291    0.00000    0.00000  0.00%     -    2s

Cutting planes:
  Gomory: 1
  Cover: 1
  Clique: 2
  Zero half: 87
  RLT: 4

Explored 1 nodes (20438 simplex iterations) in 2.39 seconds (2.38 work units)
Thread count was 8 (of 8 available processors)

Solution count 1: 0 

Optimal solution found (tolerance 1.00e-04)
Best objective 0.000000000000e+00, best bound 0.000000000000e+00, gap 0.0000%

User-callback calls 793, time in user-callback 0.00 sec
Gurobi Optimizer version 11.0.0 build v11.0.0rc2 (linux64 - "Debian GNU/Linux 11 (bullseye)")

CPU model: Intel(R) Core(TM) i7-4770 CPU @ 3.40GHz, instruction set [SSE2|AVX|AVX2]
Thread count: 4 physical cores, 8 logical processors, using up to 8 threads

Academic license 2483116 - for non-commercial use only - registered to ni___@fu-berlin.de
Optimize a model with 722 rows, 1600 columns and 5776 nonzeros
Model fingerprint: 0x951c3cf5
Variable types: 0 continuous, 1600 integer (1600 binary)
Coefficient statistics:
  Matrix range     [1e+00, 1e+00]
  Objective range  [0e+00, 0e+00]
  Bounds range     [1e+00, 1e+00]
  RHS range        [0e+00, 0e+00]

MIP start from previous solve did not produce a new incumbent solution

Presolve removed 2 rows and 228 columns
Presolve time: 0.01s
Presolved: 720 rows, 1372 columns, 5001 nonzeros
Variable types: 0 continuous, 1372 integer (1369 binary)

Root relaxation: objective 0.000000e+00, 2127 iterations, 0.13 seconds (0.15 work units)

    Nodes    |    Current Node    |     Objective Bounds      |     Work
 Expl Unexpl |  Obj  Depth IntInf | Incumbent    BestBd   Gap | It/Node Time

     0     0    0.00000    0  532          -    0.00000      -     -    0s
     0     0    0.00000    0  670          -    0.00000      -     -    0s
     0     0    0.00000    0  665          -    0.00000      -     -    0s
     0     0    0.00000    0  469          -    0.00000      -     -    1s
     0     0    0.00000    0  492          -    0.00000      -     -    1s
     0     0    0.00000    0  444          -    0.00000      -     -    1s
     0     0    0.00000    0  537          -    0.00000      -     -    1s
     0     0    0.00000    0  496          -    0.00000      -     -    2s
     0     0    0.00000    0  554          -    0.00000      -     -    2s
     0     0    0.00000    0  502          -    0.00000      -     -    2s
     0     0    0.00000    0  559          -    0.00000      -     -    2s
     0     0    0.00000    0  406          -    0.00000      -     -    2s

Cutting planes:
  Clique: 1
  Zero half: 10
  RLT: 2

Explored 1 nodes (23726 simplex iterations) in 3.00 seconds (3.08 work units)
Thread count was 8 (of 8 available processors)

Solution count 0

Time limit reached
Best objective -, best bound 0.000000000000e+00, gap -

User-callback calls 509, time in user-callback 0.00 sec
Gurobi Optimizer version 11.0.0 build v11.0.0rc2 (linux64 - "Debian GNU/Linux 11 (bullseye)")

CPU model: Intel(R) Core(TM) i7-4770 CPU @ 3.40GHz, instruction set [SSE2|AVX|AVX2]
Thread count: 4 physical cores, 8 logical processors, using up to 8 threads

Academic license 2483116 - for non-commercial use only - registered to ni___@fu-berlin.de
Optimize a model with 722 rows, 1600 columns and 5776 nonzeros
Model fingerprint: 0x88831ca5
Variable types: 0 continuous, 1600 integer (1600 binary)
Coefficient statistics:
  Matrix range     [1e+00, 1e+00]
  Objective range  [0e+00, 0e+00]
  Bounds range     [1e+00, 1e+00]
  RHS range        [0e+00, 0e+00]

MIP start from previous solve did not produce a new incumbent solution

Presolve removed 6 rows and 237 columns
Presolve time: 0.01s
Presolved: 716 rows, 1363 columns, 4955 nonzeros
Variable types: 0 continuous, 1363 integer (1359 binary)

Root relaxation: objective 0.000000e+00, 2166 iterations, 0.13 seconds (0.14 work units)

    Nodes    |    Current Node    |     Objective Bounds      |     Work
 Expl Unexpl |  Obj  Depth IntInf | Incumbent    BestBd   Gap | It/Node Time

     0     0    0.00000    0  572          -    0.00000      -     -    0s
     0     0    0.00000    0  678          -    0.00000      -     -    0s
     0     0    0.00000    0  667          -    0.00000      -     -    0s
     0     0    0.00000    0  498          -    0.00000      -     -    1s
     0     0    0.00000    0  487          -    0.00000      -     -    1s
     0     0    0.00000    0  530          -    0.00000      -     -    1s
     0     0    0.00000    0  472          -    0.00000      -     -    2s
     0     0    0.00000    0  591          -    0.00000      -     -    2s
     0     0    0.00000    0  410          -    0.00000      -     -    2s
     0     0    0.00000    0  395          -    0.00000      -     -    2s
     0     0    0.00000    0  592          -    0.00000      -     -    3s

Cutting planes:
  Clique: 3
  MIR: 2
  Zero half: 85
  RLT: 4

Explored 1 nodes (21980 simplex iterations) in 3.04 seconds (3.05 work units)
Thread count was 8 (of 8 available processors)

Solution count 0

Time limit reached
Best objective -, best bound 0.000000000000e+00, gap -

User-callback calls 674, time in user-callback 0.00 sec
Gurobi Optimizer version 11.0.0 build v11.0.0rc2 (linux64 - "Debian GNU/Linux 11 (bullseye)")

CPU model: Intel(R) Core(TM) i7-4770 CPU @ 3.40GHz, instruction set [SSE2|AVX|AVX2]
Thread count: 4 physical cores, 8 logical processors, using up to 8 threads

Academic license 2483116 - for non-commercial use only - registered to ni___@fu-berlin.de
Optimize a model with 722 rows, 1600 columns and 5776 nonzeros
Model fingerprint: 0xe6850b45
Variable types: 0 continuous, 1600 integer (1600 binary)
Coefficient statistics:
  Matrix range     [1e+00, 1e+00]
  Objective range  [0e+00, 0e+00]
  Bounds range     [1e+00, 1e+00]
  RHS range        [0e+00, 0e+00]

MIP start from previous solve did not produce a new incumbent solution

Presolve removed 0 rows and 215 columns
Presolve time: 0.00s

Explored 0 nodes (0 simplex iterations) in 0.07 seconds (0.00 work units)
Thread count was 1 (of 8 available processors)

Solution count 0

Model is infeasible
Best objective -, best bound -, gap -

User-callback calls 37, time in user-callback 0.00 sec
Gurobi Optimizer version 11.0.0 build v11.0.0rc2 (linux64 - "Debian GNU/Linux 11 (bullseye)")

CPU model: Intel(R) Core(TM) i7-4770 CPU @ 3.40GHz, instruction set [SSE2|AVX|AVX2]
Thread count: 4 physical cores, 8 logical processors, using up to 8 threads

Academic license 2483116 - for non-commercial use only - registered to ni___@fu-berlin.de
Optimize a model with 722 rows, 1600 columns and 5776 nonzeros
Model fingerprint: 0x9fcaec5c
Variable types: 0 continuous, 1600 integer (1600 binary)
Coefficient statistics:
  Matrix range     [1e+00, 1e+00]
  Objective range  [0e+00, 0e+00]
  Bounds range     [1e+00, 1e+00]
  RHS range        [0e+00, 0e+00]

MIP start from previous solve did not produce a new incumbent solution

Presolve removed 2 rows and 238 columns
Presolve time: 0.00s

Explored 0 nodes (0 simplex iterations) in 0.05 seconds (0.00 work units)
Thread count was 1 (of 8 available processors)

Solution count 0

Model is infeasible
Best objective -, best bound -, gap -

User-callback calls 115, time in user-callback 0.00 sec
Gurobi Optimizer version 11.0.0 build v11.0.0rc2 (linux64 - "Debian GNU/Linux 11 (bullseye)")

CPU model: Intel(R) Core(TM) i7-4770 CPU @ 3.40GHz, instruction set [SSE2|AVX|AVX2]
Thread count: 4 physical cores, 8 logical processors, using up to 8 threads

Academic license 2483116 - for non-commercial use only - registered to ni___@fu-berlin.de
Optimize a model with 722 rows, 1600 columns and 5776 nonzeros
Model fingerprint: 0xa63d1eb3
Variable types: 0 continuous, 1600 integer (1600 binary)
Coefficient statistics:
  Matrix range     [1e+00, 1e+00]
  Objective range  [0e+00, 0e+00]
  Bounds range     [1e+00, 1e+00]
  RHS range        [0e+00, 0e+00]

MIP start from previous solve did not produce a new incumbent solution

Presolve removed 1 rows and 232 columns
Presolve time: 0.01s
Presolved: 721 rows, 1368 columns, 4952 nonzeros
Variable types: 0 continuous, 1368 integer (1365 binary)

Root relaxation: objective 0.000000e+00, 2066 iterations, 0.12 seconds (0.13 work units)

    Nodes    |    Current Node    |     Objective Bounds      |     Work
 Expl Unexpl |  Obj  Depth IntInf | Incumbent    BestBd   Gap | It/Node Time

     0     0    0.00000    0  572          -    0.00000      -     -    0s
     0     0    0.00000    0  659          -    0.00000      -     -    0s
     0     0    0.00000    0  481          -    0.00000      -     -    1s
     0     0    0.00000    0  494          -    0.00000      -     -    1s
     0     0    0.00000    0  434          -    0.00000      -     -    1s
     0     0    0.00000    0  471          -    0.00000      -     -    1s
     0     0    0.00000    0  442          -    0.00000      -     -    2s
     0     0    0.00000    0  501          -    0.00000      -     -    2s
     0     0    0.00000    0  405          -    0.00000      -     -    2s
     0     0    0.00000    0  477          -    0.00000      -     -    2s
     0     0    0.00000    0  424          -    0.00000      -     -    2s
     0     0    0.00000    0  477          -    0.00000      -     -    2s
     0     0    0.00000    0  646          -    0.00000      -     -    3s

Cutting planes:
  Clique: 4
  Zero half: 95
  RLT: 4

Explored 1 nodes (23214 simplex iterations) in 3.01 seconds (3.04 work units)
Thread count was 8 (of 8 available processors)

Solution count 0

Time limit reached
Best objective -, best bound 0.000000000000e+00, gap -

User-callback calls 568, time in user-callback 0.00 sec
Gurobi Optimizer version 11.0.0 build v11.0.0rc2 (linux64 - "Debian GNU/Linux 11 (bullseye)")

CPU model: Intel(R) Core(TM) i7-4770 CPU @ 3.40GHz, instruction set [SSE2|AVX|AVX2]
Thread count: 4 physical cores, 8 logical processors, using up to 8 threads

Academic license 2483116 - for non-commercial use only - registered to ni___@fu-berlin.de
Optimize a model with 722 rows, 1600 columns and 5776 nonzeros
Model fingerprint: 0x02dfea63
Variable types: 0 continuous, 1600 integer (1600 binary)
Coefficient statistics:
  Matrix range     [1e+00, 1e+00]
  Objective range  [0e+00, 0e+00]
  Bounds range     [1e+00, 1e+00]
  RHS range        [0e+00, 0e+00]

MIP start from previous solve did not produce a new incumbent solution

Presolve removed 14 rows and 266 columns
Presolve time: 0.06s
Presolved: 708 rows, 1334 columns, 4872 nonzeros
Variable types: 0 continuous, 1334 integer (1331 binary)

Root relaxation: infeasible, 969 iterations, 0.03 seconds (0.02 work units)

    Nodes    |    Current Node    |     Objective Bounds      |     Work
 Expl Unexpl |  Obj  Depth IntInf | Incumbent    BestBd   Gap | It/Node Time

     0     0 infeasible    0               - infeasible      -     -    0s

Explored 1 nodes (969 simplex iterations) in 0.33 seconds (0.05 work units)
Thread count was 8 (of 8 available processors)

Solution count 0

Model is infeasible
Best objective -, best bound -, gap -

User-callback calls 552, time in user-callback 0.00 sec
Gurobi Optimizer version 11.0.0 build v11.0.0rc2 (linux64 - "Debian GNU/Linux 11 (bullseye)")

CPU model: Intel(R) Core(TM) i7-4770 CPU @ 3.40GHz, instruction set [SSE2|AVX|AVX2]
Thread count: 4 physical cores, 8 logical processors, using up to 8 threads

Academic license 2483116 - for non-commercial use only - registered to ni___@fu-berlin.de
Optimize a model with 722 rows, 1600 columns and 5776 nonzeros
Model fingerprint: 0x13f049fe
Variable types: 0 continuous, 1600 integer (1600 binary)
Coefficient statistics:
  Matrix range     [1e+00, 1e+00]
  Objective range  [0e+00, 0e+00]
  Bounds range     [1e+00, 1e+00]
  RHS range        [0e+00, 0e+00]

MIP start from previous solve did not produce a new incumbent solution

Presolve removed 11 rows and 262 columns
Presolve time: 0.02s
Presolved: 711 rows, 1338 columns, 4850 nonzeros
Variable types: 0 continuous, 1338 integer (1336 binary)

Root relaxation: objective 0.000000e+00, 1996 iterations, 0.11 seconds (0.12 work units)

    Nodes    |    Current Node    |     Objective Bounds      |     Work
 Expl Unexpl |  Obj  Depth IntInf | Incumbent    BestBd   Gap | It/Node Time

     0     0    0.00000    0  456          -    0.00000      -     -    0s
     0     0    0.00000    0  539          -    0.00000      -     -    0s
     0     0    0.00000    0  629          -    0.00000      -     -    0s
     0     0    0.00000    0  396          -    0.00000      -     -    1s
     0     0    0.00000    0  406          -    0.00000      -     -    1s
     0     0    0.00000    0  329          -    0.00000      -     -    1s
     0     0    0.00000    0  469          -    0.00000      -     -    1s
     0     0    0.00000    0  336          -    0.00000      -     -    1s
     0     0    0.00000    0  395          -    0.00000      -     -    1s
     0     0    0.00000    0  301          -    0.00000      -     -    2s
     0     0    0.00000    0  345          -    0.00000      -     -    2s
     0     0    0.00000    0  398          -    0.00000      -     -    2s
     0     0    0.00000    0  410          -    0.00000      -     -    2s
     0     0    0.00000    0  376          -    0.00000      -     -    2s

Cutting planes:
  Gomory: 1
  Clique: 2
  MIR: 1
  Zero half: 10
  RLT: 6

Explored 1 nodes (27488 simplex iterations) in 3.01 seconds (3.20 work units)
Thread count was 8 (of 8 available processors)

Solution count 0

Time limit reached
Best objective -, best bound 0.000000000000e+00, gap -

User-callback calls 812, time in user-callback 0.00 sec
Gurobi Optimizer version 11.0.0 build v11.0.0rc2 (linux64 - "Debian GNU/Linux 11 (bullseye)")

CPU model: Intel(R) Core(TM) i7-4770 CPU @ 3.40GHz, instruction set [SSE2|AVX|AVX2]
Thread count: 4 physical cores, 8 logical processors, using up to 8 threads

Academic license 2483116 - for non-commercial use only - registered to ni___@fu-berlin.de
Optimize a model with 722 rows, 1600 columns and 5776 nonzeros
Model fingerprint: 0xb5ef31c3
Variable types: 0 continuous, 1600 integer (1600 binary)
Coefficient statistics:
  Matrix range     [1e+00, 1e+00]
  Objective range  [0e+00, 0e+00]
  Bounds range     [1e+00, 1e+00]
  RHS range        [0e+00, 0e+00]

MIP start from previous solve did not produce a new incumbent solution

Presolve removed 2 rows and 233 columns
Presolve time: 0.01s
Presolved: 720 rows, 1367 columns, 4979 nonzeros
Variable types: 0 continuous, 1367 integer (1362 binary)

Root relaxation: objective 0.000000e+00, 2150 iterations, 0.12 seconds (0.14 work units)

    Nodes    |    Current Node    |     Objective Bounds      |     Work
 Expl Unexpl |  Obj  Depth IntInf | Incumbent    BestBd   Gap | It/Node Time

     0     0    0.00000    0  527          -    0.00000      -     -    0s
     0     0    0.00000    0  634          -    0.00000      -     -    0s
     0     0    0.00000    0  622          -    0.00000      -     -    0s
     0     0    0.00000    0  535          -    0.00000      -     -    1s
     0     0    0.00000    0  542          -    0.00000      -     -    1s
     0     0    0.00000    0  512          -    0.00000      -     -    1s
     0     0    0.00000    0  520          -    0.00000      -     -    2s
     0     0    0.00000    0  591          -    0.00000      -     -    2s
     0     0    0.00000    0  579          -    0.00000      -     -    2s
     0     0    0.00000    0  509          -    0.00000      -     -    2s

Cutting planes:
  Zero half: 10

Explored 1 nodes (23224 simplex iterations) in 3.00 seconds (3.10 work units)
Thread count was 8 (of 8 available processors)

Solution count 0

Time limit reached
Best objective -, best bound 0.000000000000e+00, gap -

User-callback calls 549, time in user-callback 0.00 sec

Gurobi 11.0.0 (linux64) logging started Tue 05 Mar 2024 15:46:09 CET

Set parameter LogFile to value "ConfigSearch_40.log"
Set parameter LogToConsole to value 0
Set parameter PoolSolutions to value 1

Gurobi 11.0.0 (linux64) logging started Tue 05 Mar 2024 15:46:09 CET

Set parameter LogFile to value "ConfigSearch_40.log"
Gurobi Optimizer version 11.0.0 build v11.0.0rc2 (linux64 - "Debian GNU/Linux 11 (bullseye)")

CPU model: Intel(R) Core(TM) i7-4770 CPU @ 3.40GHz, instruction set [SSE2|AVX|AVX2]
Thread count: 4 physical cores, 8 logical processors, using up to 8 threads

Academic license 2483116 - for non-commercial use only - registered to ni___@fu-berlin.de
Optimize a model with 722 rows, 1600 columns and 5776 nonzeros
Model fingerprint: 0x2ab197b8
Variable types: 0 continuous, 1600 integer (1600 binary)
Coefficient statistics:
  Matrix range     [1e+00, 1e+00]
  Objective range  [0e+00, 0e+00]
  Bounds range     [1e+00, 1e+00]
  RHS range        [0e+00, 0e+00]
Presolve removed 5 rows and 231 columns
Presolve time: 0.01s
Presolved: 717 rows, 1369 columns, 4980 nonzeros
Variable types: 0 continuous, 1369 integer (1366 binary)

Root relaxation: objective 0.000000e+00, 2181 iterations, 0.14 seconds (0.13 work units)

    Nodes    |    Current Node    |     Objective Bounds      |     Work
 Expl Unexpl |  Obj  Depth IntInf | Incumbent    BestBd   Gap | It/Node Time

     0     0    0.00000    0  462          -    0.00000      -     -    0s
     0     0    0.00000    0  628          -    0.00000      -     -    0s
     0     0    0.00000    0  623          -    0.00000      -     -    0s
     0     0    0.00000    0  530          -    0.00000      -     -    1s
     0     0    0.00000    0  485          -    0.00000      -     -    1s
H    0     0                       0.0000000    0.00000  0.00%     -    1s
     0     0    0.00000    0  528    0.00000    0.00000  0.00%     -    1s

Cutting planes:
  Zero half: 87
  RLT: 6

Explored 1 nodes (14203 simplex iterations) in 1.83 seconds (1.78 work units)
Thread count was 8 (of 8 available processors)

Solution count 1: 0 

Optimal solution found (tolerance 1.00e-04)
Best objective 0.000000000000e+00, best bound 0.000000000000e+00, gap 0.0000%

User-callback calls 581, time in user-callback 0.00 sec
Gurobi Optimizer version 11.0.0 build v11.0.0rc2 (linux64 - "Debian GNU/Linux 11 (bullseye)")

CPU model: Intel(R) Core(TM) i7-4770 CPU @ 3.40GHz, instruction set [SSE2|AVX|AVX2]
Thread count: 4 physical cores, 8 logical processors, using up to 8 threads

Academic license 2483116 - for non-commercial use only - registered to ni___@fu-berlin.de
Optimize a model with 722 rows, 1600 columns and 5776 nonzeros
Model fingerprint: 0x12e341d0
Variable types: 0 continuous, 1600 integer (1600 binary)
Coefficient statistics:
  Matrix range     [1e+00, 1e+00]
  Objective range  [0e+00, 0e+00]
  Bounds range     [1e+00, 1e+00]
  RHS range        [0e+00, 0e+00]

MIP start from previous solve did not produce a new incumbent solution

Presolve removed 0 rows and 220 columns
Presolve time: 0.01s
Presolved: 722 rows, 1380 columns, 5022 nonzeros
Variable types: 0 continuous, 1380 integer (1376 binary)

Root relaxation: objective 0.000000e+00, 2138 iterations, 0.13 seconds (0.14 work units)

    Nodes    |    Current Node    |     Objective Bounds      |     Work
 Expl Unexpl |  Obj  Depth IntInf | Incumbent    BestBd   Gap | It/Node Time

     0     0    0.00000    0  486          -    0.00000      -     -    0s
     0     0    0.00000    0  645          -    0.00000      -     -    0s
     0     0    0.00000    0  639          -    0.00000      -     -    0s
     0     0    0.00000    0  445          -    0.00000      -     -    1s
     0     0    0.00000    0  450          -    0.00000      -     -    1s
     0     0    0.00000    0  496          -    0.00000      -     -    1s
     0     0    0.00000    0  439          -    0.00000      -     -    2s
     0     0    0.00000    0  473          -    0.00000      -     -    2s
     0     0    0.00000    0  385          -    0.00000      -     -    2s
     0     0    0.00000    0  530          -    0.00000      -     -    2s
     0     0    0.00000    0  346          -    0.00000      -     -    3s
     0     0    0.00000    0  393          -    0.00000      -     -    3s
     0     0    0.00000    0  317          -    0.00000      -     -    3s
     0     0    0.00000    0  317          -    0.00000      -     -    3s
     0     2    0.00000    0  317          -    0.00000      -     -    4s
    43    62    0.00000    7  683          -    0.00000      -   204    5s
   798  1076    0.00000   40  594          -    0.00000      -   192   10s
H 1412  1027                       0.0000000    0.00000  0.00%   141   14s

Cutting planes:
  Gomory: 2
  Zero half: 79
  RLT: 3

Explored 1412 nodes (250637 simplex iterations) in 14.64 seconds (20.02 work units)
Thread count was 8 (of 8 available processors)

Solution count 1: 0 

Optimal solution found (tolerance 1.00e-04)
Best objective 0.000000000000e+00, best bound 0.000000000000e+00, gap 0.0000%

User-callback calls 4656, time in user-callback 0.00 sec
Gurobi Optimizer version 11.0.0 build v11.0.0rc2 (linux64 - "Debian GNU/Linux 11 (bullseye)")

CPU model: Intel(R) Core(TM) i7-4770 CPU @ 3.40GHz, instruction set [SSE2|AVX|AVX2]
Thread count: 4 physical cores, 8 logical processors, using up to 8 threads

Academic license 2483116 - for non-commercial use only - registered to ni___@fu-berlin.de
Optimize a model with 722 rows, 1600 columns and 5776 nonzeros
Model fingerprint: 0xdf1d95a0
Variable types: 0 continuous, 1600 integer (1600 binary)
Coefficient statistics:
  Matrix range     [1e+00, 1e+00]
  Objective range  [0e+00, 0e+00]
  Bounds range     [1e+00, 1e+00]
  RHS range        [0e+00, 0e+00]

MIP start from previous solve did not produce a new incumbent solution

Presolve removed 29 rows and 286 columns
Presolve time: 0.02s
Presolved: 693 rows, 1314 columns, 4781 nonzeros
Variable types: 0 continuous, 1314 integer (1311 binary)

Root relaxation: objective 0.000000e+00, 2093 iterations, 0.13 seconds (0.13 work units)

    Nodes    |    Current Node    |     Objective Bounds      |     Work
 Expl Unexpl |  Obj  Depth IntInf | Incumbent    BestBd   Gap | It/Node Time

     0     0    0.00000    0  510          -    0.00000      -     -    0s
     0     0    0.00000    0  661          -    0.00000      -     -    0s
     0     0    0.00000    0  655          -    0.00000      -     -    0s
     0     0    0.00000    0  430          -    0.00000      -     -    1s
     0     0    0.00000    0  428          -    0.00000      -     -    1s
     0     0    0.00000    0  492          -    0.00000      -     -    1s
     0     0    0.00000    0  579          -    0.00000      -     -    1s
     0     0    0.00000    0  368          -    0.00000      -     -    1s
     0     0    0.00000    0  404          -    0.00000      -     -    1s
     0     0    0.00000    0  294          -    0.00000      -     -    2s
     0     0    0.00000    0  359          -    0.00000      -     -    3s
     0     0    0.00000    0  384          -    0.00000      -     -    3s
     0     0    0.00000    0  278          -    0.00000      -     -    3s
     0     0    0.00000    0  377          -    0.00000      -     -    3s
H    0     0                       0.0000000    0.00000  0.00%     -    3s

Cutting planes:
  Cover: 1
  Clique: 4
  MIR: 1
  Zero half: 95
  RLT: 6

Explored 1 nodes (27241 simplex iterations) in 3.54 seconds (3.47 work units)
Thread count was 8 (of 8 available processors)

Solution count 1: 0 

Optimal solution found (tolerance 1.00e-04)
Best objective 0.000000000000e+00, best bound 0.000000000000e+00, gap 0.0000%

User-callback calls 788, time in user-callback 0.00 sec
Gurobi Optimizer version 11.0.0 build v11.0.0rc2 (linux64 - "Debian GNU/Linux 11 (bullseye)")

CPU model: Intel(R) Core(TM) i7-4770 CPU @ 3.40GHz, instruction set [SSE2|AVX|AVX2]
Thread count: 4 physical cores, 8 logical processors, using up to 8 threads

Academic license 2483116 - for non-commercial use only - registered to ni___@fu-berlin.de
Optimize a model with 722 rows, 1600 columns and 5776 nonzeros
Model fingerprint: 0x331184c6
Variable types: 0 continuous, 1600 integer (1600 binary)
Coefficient statistics:
  Matrix range     [1e+00, 1e+00]
  Objective range  [0e+00, 0e+00]
  Bounds range     [1e+00, 1e+00]
  RHS range        [0e+00, 0e+00]

MIP start from previous solve did not produce a new incumbent solution

Presolve removed 0 rows and 220 columns
Presolve time: 0.00s

Explored 0 nodes (0 simplex iterations) in 0.06 seconds (0.00 work units)
Thread count was 1 (of 8 available processors)

Solution count 0

Model is infeasible
Best objective -, best bound -, gap -

User-callback calls 37, time in user-callback 0.00 sec
Gurobi Optimizer version 11.0.0 build v11.0.0rc2 (linux64 - "Debian GNU/Linux 11 (bullseye)")

CPU model: Intel(R) Core(TM) i7-4770 CPU @ 3.40GHz, instruction set [SSE2|AVX|AVX2]
Thread count: 4 physical cores, 8 logical processors, using up to 8 threads

Academic license 2483116 - for non-commercial use only - registered to ni___@fu-berlin.de
Optimize a model with 722 rows, 1600 columns and 5776 nonzeros
Model fingerprint: 0x28a62e22
Variable types: 0 continuous, 1600 integer (1600 binary)
Coefficient statistics:
  Matrix range     [1e+00, 1e+00]
  Objective range  [0e+00, 0e+00]
  Bounds range     [1e+00, 1e+00]
  RHS range        [0e+00, 0e+00]

MIP start from previous solve did not produce a new incumbent solution

Presolve removed 7 rows and 246 columns
Presolve time: 0.01s
Presolved: 715 rows, 1354 columns, 4945 nonzeros
Variable types: 0 continuous, 1354 integer (1350 binary)

Root relaxation: objective 0.000000e+00, 2215 iterations, 0.14 seconds (0.14 work units)

    Nodes    |    Current Node    |     Objective Bounds      |     Work
 Expl Unexpl |  Obj  Depth IntInf | Incumbent    BestBd   Gap | It/Node Time

     0     0    0.00000    0  509          -    0.00000      -     -    0s
     0     0    0.00000    0  655          -    0.00000      -     -    0s
     0     0    0.00000    0  663          -    0.00000      -     -    0s
     0     0    0.00000    0  498          -    0.00000      -     -    1s
     0     0    0.00000    0  564          -    0.00000      -     -    1s
     0     0    0.00000    0  469          -    0.00000      -     -    1s
     0     0    0.00000    0  510          -    0.00000      -     -    1s
     0     0    0.00000    0  501          -    0.00000      -     -    2s
     0     0    0.00000    0  575          -    0.00000      -     -    2s
     0     0    0.00000    0  429          -    0.00000      -     -    2s
     0     0    0.00000    0  496          -    0.00000      -     -    2s
     0     0    0.00000    0  458          -    0.00000      -     -    3s
     0     0    0.00000    0  418          -    0.00000      -     -    3s
     0     2    0.00000    0  413          -    0.00000      -     -    4s
   292   432    0.00000   37  534          -    0.00000      -  61.1    5s
* 2583   245              94       0.0000000    0.00000  0.00%  35.1    6s

Cutting planes:
  Cover: 113
  Clique: 1
  MIR: 3
  Inf proof: 12
  Zero half: 30
  RLT: 2

Explored 3710 nodes (124516 simplex iterations) in 6.62 seconds (8.80 work units)
Thread count was 8 (of 8 available processors)

Solution count 1: 0 

Optimal solution found (tolerance 1.00e-04)
Best objective 0.000000000000e+00, best bound 0.000000000000e+00, gap 0.0000%

User-callback calls 8751, time in user-callback 0.00 sec
Gurobi Optimizer version 11.0.0 build v11.0.0rc2 (linux64 - "Debian GNU/Linux 11 (bullseye)")

CPU model: Intel(R) Core(TM) i7-4770 CPU @ 3.40GHz, instruction set [SSE2|AVX|AVX2]
Thread count: 4 physical cores, 8 logical processors, using up to 8 threads

Academic license 2483116 - for non-commercial use only - registered to ni___@fu-berlin.de
Optimize a model with 722 rows, 1600 columns and 5776 nonzeros
Model fingerprint: 0x586d8e6c
Variable types: 0 continuous, 1600 integer (1600 binary)
Coefficient statistics:
  Matrix range     [1e+00, 1e+00]
  Objective range  [0e+00, 0e+00]
  Bounds range     [1e+00, 1e+00]
  RHS range        [0e+00, 0e+00]

MIP start from previous solve did not produce a new incumbent solution

Presolve removed 6 rows and 243 columns
Presolve time: 0.01s
Presolved: 716 rows, 1357 columns, 4929 nonzeros
Variable types: 0 continuous, 1357 integer (1351 binary)

Root relaxation: objective 0.000000e+00, 2137 iterations, 0.12 seconds (0.14 work units)

    Nodes    |    Current Node    |     Objective Bounds      |     Work
 Expl Unexpl |  Obj  Depth IntInf | Incumbent    BestBd   Gap | It/Node Time

     0     0    0.00000    0  577          -    0.00000      -     -    0s
     0     0    0.00000    0  660          -    0.00000      -     -    0s
     0     0    0.00000    0  658          -    0.00000      -     -    0s
     0     0    0.00000    0  432          -    0.00000      -     -    1s
     0     0    0.00000    0  456          -    0.00000      -     -    1s
     0     0    0.00000    0  524          -    0.00000      -     -    1s
     0     0    0.00000    0  530          -    0.00000      -     -    1s
     0     0    0.00000    0  414          -    0.00000      -     -    2s
     0     0    0.00000    0  432          -    0.00000      -     -    2s
     0     0    0.00000    0  477          -    0.00000      -     -    2s
     0     0    0.00000    0  460          -    0.00000      -     -    3s
     0     2    0.00000    0  394          -    0.00000      -     -    3s
   900   429 infeasible   80               -    0.00000      -  41.1    5s
  5619   564    0.00000   39  586          -    0.00000      -  37.9   10s

Cutting planes:
  Gomory: 5
  Clique: 1
  Flow cover: 1
  Zero half: 72
  RLT: 1

Explored 5630 nodes (270271 simplex iterations) in 15.00 seconds (17.50 work units)
Thread count was 8 (of 8 available processors)

Solution count 0

Time limit reached
Best objective -, best bound 0.000000000000e+00, gap -

User-callback calls 13040, time in user-callback 0.00 sec
Gurobi Optimizer version 11.0.0 build v11.0.0rc2 (linux64 - "Debian GNU/Linux 11 (bullseye)")

CPU model: Intel(R) Core(TM) i7-4770 CPU @ 3.40GHz, instruction set [SSE2|AVX|AVX2]
Thread count: 4 physical cores, 8 logical processors, using up to 8 threads

Academic license 2483116 - for non-commercial use only - registered to ni___@fu-berlin.de
Optimize a model with 722 rows, 1600 columns and 5776 nonzeros
Model fingerprint: 0x6a67d565
Variable types: 0 continuous, 1600 integer (1600 binary)
Coefficient statistics:
  Matrix range     [1e+00, 1e+00]
  Objective range  [0e+00, 0e+00]
  Bounds range     [1e+00, 1e+00]
  RHS range        [0e+00, 0e+00]

MIP start from previous solve did not produce a new incumbent solution

Presolve removed 1 rows and 226 columns
Presolve time: 0.01s
Presolved: 721 rows, 1374 columns, 4995 nonzeros
Variable types: 0 continuous, 1374 integer (1372 binary)

Root relaxation: objective 0.000000e+00, 2077 iterations, 0.12 seconds (0.14 work units)

    Nodes    |    Current Node    |     Objective Bounds      |     Work
 Expl Unexpl |  Obj  Depth IntInf | Incumbent    BestBd   Gap | It/Node Time

     0     0    0.00000    0  552          -    0.00000      -     -    0s
     0     0    0.00000    0  612          -    0.00000      -     -    0s
     0     0    0.00000    0  612          -    0.00000      -     -    0s
     0     0    0.00000    0  446          -    0.00000      -     -    1s
     0     0    0.00000    0  589          -    0.00000      -     -    1s
     0     0    0.00000    0  531          -    0.00000      -     -    1s
     0     0    0.00000    0  541          -    0.00000      -     -    1s
     0     0    0.00000    0  485          -    0.00000      -     -    1s
     0     0    0.00000    0  565          -    0.00000      -     -    1s
     0     0    0.00000    0  527          -    0.00000      -     -    2s
     0     0    0.00000    0  587          -    0.00000      -     -    2s
     0     0    0.00000    0  521          -    0.00000      -     -    2s
     0     0    0.00000    0  521          -    0.00000      -     -    2s
     0     2    0.00000    0  505          -    0.00000      -     -    3s
   688   380 infeasible   42               -    0.00000      -  62.1    5s
  3696   407    0.00000   47  515          -    0.00000      -  90.6   10s
* 5006   470             106       0.0000000    0.00000  0.00%  95.0   13s

Cutting planes:
  Cover: 246
  Clique: 2
  MIR: 3
  Inf proof: 10
  Zero half: 23
  RLT: 1

Explored 6249 nodes (524027 simplex iterations) in 13.15 seconds (21.99 work units)
Thread count was 8 (of 8 available processors)

Solution count 1: 0 

Optimal solution found (tolerance 1.00e-04)
Best objective 0.000000000000e+00, best bound 0.000000000000e+00, gap 0.0000%

User-callback calls 13713, time in user-callback 0.00 sec
Gurobi Optimizer version 11.0.0 build v11.0.0rc2 (linux64 - "Debian GNU/Linux 11 (bullseye)")

CPU model: Intel(R) Core(TM) i7-4770 CPU @ 3.40GHz, instruction set [SSE2|AVX|AVX2]
Thread count: 4 physical cores, 8 logical processors, using up to 8 threads

Academic license 2483116 - for non-commercial use only - registered to ni___@fu-berlin.de
Optimize a model with 722 rows, 1600 columns and 5776 nonzeros
Model fingerprint: 0x2c407ac0
Variable types: 0 continuous, 1600 integer (1600 binary)
Coefficient statistics:
  Matrix range     [1e+00, 1e+00]
  Objective range  [0e+00, 0e+00]
  Bounds range     [1e+00, 1e+00]
  RHS range        [0e+00, 0e+00]

MIP start from previous solve did not produce a new incumbent solution

Presolve removed 0 rows and 235 columns
Presolve time: 0.01s

Explored 0 nodes (0 simplex iterations) in 0.06 seconds (0.02 work units)
Thread count was 1 (of 8 available processors)

Solution count 0

Model is infeasible
Best objective -, best bound -, gap -

User-callback calls 207, time in user-callback 0.00 sec
Gurobi Optimizer version 11.0.0 build v11.0.0rc2 (linux64 - "Debian GNU/Linux 11 (bullseye)")

CPU model: Intel(R) Core(TM) i7-4770 CPU @ 3.40GHz, instruction set [SSE2|AVX|AVX2]
Thread count: 4 physical cores, 8 logical processors, using up to 8 threads

Academic license 2483116 - for non-commercial use only - registered to ni___@fu-berlin.de
Optimize a model with 722 rows, 1600 columns and 5776 nonzeros
Model fingerprint: 0x2bb405d5
Variable types: 0 continuous, 1600 integer (1600 binary)
Coefficient statistics:
  Matrix range     [1e+00, 1e+00]
  Objective range  [0e+00, 0e+00]
  Bounds range     [1e+00, 1e+00]
  RHS range        [0e+00, 0e+00]

MIP start from previous solve did not produce a new incumbent solution

Presolve removed 2 rows and 229 columns
Presolve time: 0.01s
Presolved: 720 rows, 1371 columns, 4973 nonzeros
Variable types: 0 continuous, 1371 integer (1366 binary)

Root relaxation: objective 0.000000e+00, 2200 iterations, 0.13 seconds (0.14 work units)

    Nodes    |    Current Node    |     Objective Bounds      |     Work
 Expl Unexpl |  Obj  Depth IntInf | Incumbent    BestBd   Gap | It/Node Time

     0     0    0.00000    0  497          -    0.00000      -     -    0s
     0     0    0.00000    0  586          -    0.00000      -     -    0s
     0     0    0.00000    0  418          -    0.00000      -     -    1s
     0     0    0.00000    0  425          -    0.00000      -     -    1s
     0     0    0.00000    0  428          -    0.00000      -     -    2s
     0     0    0.00000    0  524          -    0.00000      -     -    2s
     0     0    0.00000    0  553          -    0.00000      -     -    2s
     0     0    0.00000    0  476          -    0.00000      -     -    2s
     0     0    0.00000    0  476          -    0.00000      -     -    2s
     0     2    0.00000    0  405          -    0.00000      -     -    3s
  1568   411 infeasible   55               -    0.00000      -  31.9    5s
  4300   536    0.00000   23  624          -    0.00000      -  35.1   10s

Cutting planes:
  Gomory: 1
  Cover: 1
  Clique: 1
  Zero half: 19
  RLT: 2

Explored 4311 nodes (212677 simplex iterations) in 15.00 seconds (17.28 work units)
Thread count was 8 (of 8 available processors)

Solution count 0

Time limit reached
Best objective -, best bound 0.000000000000e+00, gap -

User-callback calls 10742, time in user-callback 0.00 sec
Gurobi Optimizer version 11.0.0 build v11.0.0rc2 (linux64 - "Debian GNU/Linux 11 (bullseye)")

CPU model: Intel(R) Core(TM) i7-4770 CPU @ 3.40GHz, instruction set [SSE2|AVX|AVX2]
Thread count: 4 physical cores, 8 logical processors, using up to 8 threads

Academic license 2483116 - for non-commercial use only - registered to ni___@fu-berlin.de
Optimize a model with 722 rows, 1600 columns and 5776 nonzeros
Model fingerprint: 0xa0bd6bdd
Variable types: 0 continuous, 1600 integer (1600 binary)
Coefficient statistics:
  Matrix range     [1e+00, 1e+00]
  Objective range  [0e+00, 0e+00]
  Bounds range     [1e+00, 1e+00]
  RHS range        [0e+00, 0e+00]

MIP start from previous solve did not produce a new incumbent solution

Presolve removed 7 rows and 252 columns
Presolve time: 0.01s
Presolved: 715 rows, 1348 columns, 4891 nonzeros
Variable types: 0 continuous, 1348 integer (1342 binary)

Root relaxation: objective 0.000000e+00, 2192 iterations, 0.13 seconds (0.15 work units)

    Nodes    |    Current Node    |     Objective Bounds      |     Work
 Expl Unexpl |  Obj  Depth IntInf | Incumbent    BestBd   Gap | It/Node Time

     0     0    0.00000    0  545          -    0.00000      -     -    0s
     0     0    0.00000    0  629          -    0.00000      -     -    0s
     0     0    0.00000    0  615          -    0.00000      -     -    0s
     0     0    0.00000    0  496          -    0.00000      -     -    1s
     0     0    0.00000    0  520          -    0.00000      -     -    1s
     0     0    0.00000    0  493          -    0.00000      -     -    1s
     0     0    0.00000    0  433          -    0.00000      -     -    2s
     0     0    0.00000    0  492          -    0.00000      -     -    2s
     0     0    0.00000    0  441          -    0.00000      -     -    2s
     0     0    0.00000    0  409          -    0.00000      -     -    2s
     0     0    0.00000    0  409          -    0.00000      -     -    2s
     0     2    0.00000    0  409          -    0.00000      -     -    3s
   333   349    0.00000    9  640          -    0.00000      -  98.0    5s
  3632   506    0.00000   30  574          -    0.00000      -  62.0   10s

Cutting planes:
  Gomory: 5
  Clique: 4
  Flow cover: 1
  Zero half: 95
  RLT: 2

Explored 3643 nodes (274934 simplex iterations) in 15.00 seconds (20.27 work units)
Thread count was 8 (of 8 available processors)

Solution count 0

Time limit reached
Best objective -, best bound 0.000000000000e+00, gap -

User-callback calls 8834, time in user-callback 0.00 sec
Gurobi Optimizer version 11.0.0 build v11.0.0rc2 (linux64 - "Debian GNU/Linux 11 (bullseye)")

CPU model: Intel(R) Core(TM) i7-4770 CPU @ 3.40GHz, instruction set [SSE2|AVX|AVX2]
Thread count: 4 physical cores, 8 logical processors, using up to 8 threads

Academic license 2483116 - for non-commercial use only - registered to ni___@fu-berlin.de
Optimize a model with 722 rows, 1600 columns and 5776 nonzeros
Model fingerprint: 0xfdd173ed
Variable types: 0 continuous, 1600 integer (1600 binary)
Coefficient statistics:
  Matrix range     [1e+00, 1e+00]
  Objective range  [0e+00, 0e+00]
  Bounds range     [1e+00, 1e+00]
  RHS range        [0e+00, 0e+00]

MIP start from previous solve did not produce a new incumbent solution

Presolve removed 30 rows and 297 columns
Presolve time: 0.00s

Explored 0 nodes (0 simplex iterations) in 0.09 seconds (0.00 work units)
Thread count was 1 (of 8 available processors)

Solution count 0

Model is infeasible
Best objective -, best bound -, gap -

User-callback calls 483, time in user-callback 0.00 sec
Gurobi Optimizer version 11.0.0 build v11.0.0rc2 (linux64 - "Debian GNU/Linux 11 (bullseye)")

CPU model: Intel(R) Core(TM) i7-4770 CPU @ 3.40GHz, instruction set [SSE2|AVX|AVX2]
Thread count: 4 physical cores, 8 logical processors, using up to 8 threads

Academic license 2483116 - for non-commercial use only - registered to ni___@fu-berlin.de
Optimize a model with 722 rows, 1600 columns and 5776 nonzeros
Model fingerprint: 0x654d5ef4
Variable types: 0 continuous, 1600 integer (1600 binary)
Coefficient statistics:
  Matrix range     [1e+00, 1e+00]
  Objective range  [0e+00, 0e+00]
  Bounds range     [1e+00, 1e+00]
  RHS range        [0e+00, 0e+00]

MIP start from previous solve did not produce a new incumbent solution

Presolve removed 6 rows and 233 columns
Presolve time: 0.01s
Presolved: 716 rows, 1367 columns, 4949 nonzeros
Variable types: 0 continuous, 1367 integer (1362 binary)

Root relaxation: objective 0.000000e+00, 2192 iterations, 0.13 seconds (0.14 work units)

    Nodes    |    Current Node    |     Objective Bounds      |     Work
 Expl Unexpl |  Obj  Depth IntInf | Incumbent    BestBd   Gap | It/Node Time

     0     0    0.00000    0  545          -    0.00000      -     -    0s
     0     0    0.00000    0  677          -    0.00000      -     -    0s
     0     0    0.00000    0  668          -    0.00000      -     -    0s
     0     0    0.00000    0  495          -    0.00000      -     -    1s
     0     0    0.00000    0  575          -    0.00000      -     -    1s
     0     0    0.00000    0  436          -    0.00000      -     -    1s
     0     0    0.00000    0  423          -    0.00000      -     -    1s
     0     0    0.00000    0  312          -    0.00000      -     -    2s
     0     0    0.00000    0  537          -    0.00000      -     -    2s
     0     0    0.00000    0  221          -    0.00000      -     -    2s
     0     0    0.00000    0  481          -    0.00000      -     -    2s
     0     0    0.00000    0  291          -    0.00000      -     -    3s
     0     0    0.00000    0  411          -    0.00000      -     -    3s
H    0     0                       0.0000000    0.00000  0.00%     -    3s
     0     0    0.00000    0  381    0.00000    0.00000  0.00%     -    3s

Cutting planes:
  Gomory: 1
  Clique: 4
  MIR: 3
  Zero half: 98
  RLT: 5

Explored 1 nodes (30983 simplex iterations) in 3.80 seconds (3.96 work units)
Thread count was 8 (of 8 available processors)

Solution count 1: 0 

Optimal solution found (tolerance 1.00e-04)
Best objective 0.000000000000e+00, best bound 0.000000000000e+00, gap 0.0000%

User-callback calls 640, time in user-callback 0.00 sec
Gurobi Optimizer version 11.0.0 build v11.0.0rc2 (linux64 - "Debian GNU/Linux 11 (bullseye)")

CPU model: Intel(R) Core(TM) i7-4770 CPU @ 3.40GHz, instruction set [SSE2|AVX|AVX2]
Thread count: 4 physical cores, 8 logical processors, using up to 8 threads

Academic license 2483116 - for non-commercial use only - registered to ni___@fu-berlin.de
Optimize a model with 722 rows, 1600 columns and 5776 nonzeros
Model fingerprint: 0x0bad903c
Variable types: 0 continuous, 1600 integer (1600 binary)
Coefficient statistics:
  Matrix range     [1e+00, 1e+00]
  Objective range  [0e+00, 0e+00]
  Bounds range     [1e+00, 1e+00]
  RHS range        [0e+00, 0e+00]

MIP start from previous solve did not produce a new incumbent solution

Presolve removed 15 rows and 273 columns
Presolve time: 0.03s
Presolved: 707 rows, 1327 columns, 4809 nonzeros
Variable types: 0 continuous, 1327 integer (1323 binary)

Root relaxation: objective 0.000000e+00, 2048 iterations, 0.18 seconds (0.12 work units)

    Nodes    |    Current Node    |     Objective Bounds      |     Work
 Expl Unexpl |  Obj  Depth IntInf | Incumbent    BestBd   Gap | It/Node Time

     0     0    0.00000    0  500          -    0.00000      -     -    0s
     0     0    0.00000    0  649          -    0.00000      -     -    0s
     0     0    0.00000    0  293          -    0.00000      -     -    1s
     0     0    0.00000    0  310          -    0.00000      -     -    1s
H    0     0                       0.0000000    0.00000  0.00%     -    1s
     0     0    0.00000    0  327    0.00000    0.00000  0.00%     -    1s

Cutting planes:
  Gomory: 1
  Clique: 6
  Inf proof: 2
  Zero half: 69
  RLT: 2

Explored 1 nodes (15195 simplex iterations) in 2.00 seconds (1.73 work units)
Thread count was 8 (of 8 available processors)

Solution count 1: 0 

Optimal solution found (tolerance 1.00e-04)
Best objective 0.000000000000e+00, best bound 0.000000000000e+00, gap 0.0000%

User-callback calls 617, time in user-callback 0.00 sec
Gurobi Optimizer version 11.0.0 build v11.0.0rc2 (linux64 - "Debian GNU/Linux 11 (bullseye)")

CPU model: Intel(R) Core(TM) i7-4770 CPU @ 3.40GHz, instruction set [SSE2|AVX|AVX2]
Thread count: 4 physical cores, 8 logical processors, using up to 8 threads

Academic license 2483116 - for non-commercial use only - registered to ni___@fu-berlin.de
Optimize a model with 722 rows, 1600 columns and 5776 nonzeros
Model fingerprint: 0xc4e8fa35
Variable types: 0 continuous, 1600 integer (1600 binary)
Coefficient statistics:
  Matrix range     [1e+00, 1e+00]
  Objective range  [0e+00, 0e+00]
  Bounds range     [1e+00, 1e+00]
  RHS range        [0e+00, 0e+00]

MIP start from previous solve did not produce a new incumbent solution

Presolve removed 1 rows and 227 columns
Presolve time: 0.01s
Presolved: 721 rows, 1373 columns, 4981 nonzeros
Variable types: 0 continuous, 1373 integer (1368 binary)

Root relaxation: objective 0.000000e+00, 2089 iterations, 0.12 seconds (0.13 work units)

    Nodes    |    Current Node    |     Objective Bounds      |     Work
 Expl Unexpl |  Obj  Depth IntInf | Incumbent    BestBd   Gap | It/Node Time

     0     0    0.00000    0  564          -    0.00000      -     -    0s
     0     0    0.00000    0  676          -    0.00000      -     -    0s
     0     0    0.00000    0  664          -    0.00000      -     -    0s
     0     0    0.00000    0  520          -    0.00000      -     -    1s
     0     0    0.00000    0  621          -    0.00000      -     -    1s
     0     0    0.00000    0  487          -    0.00000      -     -    1s
     0     0    0.00000    0  611          -    0.00000      -     -    1s
     0     0    0.00000    0  497          -    0.00000      -     -    2s
     0     0    0.00000    0  514          -    0.00000      -     -    2s
     0     0    0.00000    0  513          -    0.00000      -     -    2s
     0     0    0.00000    0  517          -    0.00000      -     -    2s
     0     0    0.00000    0  485          -    0.00000      -     -    3s
     0     0    0.00000    0  584          -    0.00000      -     -    3s
     0     0    0.00000    0  428          -    0.00000      -     -    3s
     0     0    0.00000    0  460          -    0.00000      -     -    3s
     0     0    0.00000    0  414          -    0.00000      -     -    4s
     0     0    0.00000    0  414          -    0.00000      -     -    4s
     0     2    0.00000    0  414          -    0.00000      -     -    5s
* 3770   341              86       0.0000000    0.00000  0.00%  30.6    8s

Cutting planes:
  Cover: 254
  Clique: 5
  Inf proof: 10
  Zero half: 22
  RLT: 5

Explored 4577 nodes (155096 simplex iterations) in 8.20 seconds (10.68 work units)
Thread count was 8 (of 8 available processors)

Solution count 1: 0 

Optimal solution found (tolerance 1.00e-04)
Best objective 0.000000000000e+00, best bound 0.000000000000e+00, gap 0.0000%

User-callback calls 10453, time in user-callback 0.00 sec
Gurobi Optimizer version 11.0.0 build v11.0.0rc2 (linux64 - "Debian GNU/Linux 11 (bullseye)")

CPU model: Intel(R) Core(TM) i7-4770 CPU @ 3.40GHz, instruction set [SSE2|AVX|AVX2]
Thread count: 4 physical cores, 8 logical processors, using up to 8 threads

Academic license 2483116 - for non-commercial use only - registered to ni___@fu-berlin.de
Optimize a model with 722 rows, 1600 columns and 5776 nonzeros
Model fingerprint: 0x5c164056
Variable types: 0 continuous, 1600 integer (1600 binary)
Coefficient statistics:
  Matrix range     [1e+00, 1e+00]
  Objective range  [0e+00, 0e+00]
  Bounds range     [1e+00, 1e+00]
  RHS range        [0e+00, 0e+00]

MIP start from previous solve did not produce a new incumbent solution

Presolve removed 6 rows and 235 columns
Presolve time: 0.01s
Presolved: 716 rows, 1365 columns, 4944 nonzeros
Variable types: 0 continuous, 1365 integer (1362 binary)

Root relaxation: objective 0.000000e+00, 2424 iterations, 0.16 seconds (0.17 work units)

    Nodes    |    Current Node    |     Objective Bounds      |     Work
 Expl Unexpl |  Obj  Depth IntInf | Incumbent    BestBd   Gap | It/Node Time

     0     0    0.00000    0  524          -    0.00000      -     -    0s
     0     0    0.00000    0  680          -    0.00000      -     -    0s
     0     0    0.00000    0  668          -    0.00000      -     -    0s
     0     0    0.00000    0  595          -    0.00000      -     -    1s
     0     0    0.00000    0  649          -    0.00000      -     -    1s
H    0     0                       0.0000000    0.00000  0.00%     -    1s
     0     0    0.00000    0  348    0.00000    0.00000  0.00%     -    1s

Cutting planes:
  Gomory: 1
  MIR: 2
  Zero half: 140
  RLT: 3

Explored 1 nodes (12711 simplex iterations) in 1.62 seconds (1.62 work units)
Thread count was 8 (of 8 available processors)

Solution count 1: 0 

Optimal solution found (tolerance 1.00e-04)
Best objective 0.000000000000e+00, best bound 0.000000000000e+00, gap 0.0000%

User-callback calls 498, time in user-callback 0.00 sec
Gurobi Optimizer version 11.0.0 build v11.0.0rc2 (linux64 - "Debian GNU/Linux 11 (bullseye)")

CPU model: Intel(R) Core(TM) i7-4770 CPU @ 3.40GHz, instruction set [SSE2|AVX|AVX2]
Thread count: 4 physical cores, 8 logical processors, using up to 8 threads

Academic license 2483116 - for non-commercial use only - registered to ni___@fu-berlin.de
Optimize a model with 722 rows, 1600 columns and 5776 nonzeros
Model fingerprint: 0xcb0c5575
Variable types: 0 continuous, 1600 integer (1600 binary)
Coefficient statistics:
  Matrix range     [1e+00, 1e+00]
  Objective range  [0e+00, 0e+00]
  Bounds range     [1e+00, 1e+00]
  RHS range        [0e+00, 0e+00]

MIP start from previous solve did not produce a new incumbent solution

Presolve removed 4 rows and 227 columns
Presolve time: 0.01s
Presolved: 718 rows, 1373 columns, 5004 nonzeros
Variable types: 0 continuous, 1373 integer (1370 binary)

Root relaxation: objective 0.000000e+00, 2333 iterations, 0.15 seconds (0.17 work units)

    Nodes    |    Current Node    |     Objective Bounds      |     Work
 Expl Unexpl |  Obj  Depth IntInf | Incumbent    BestBd   Gap | It/Node Time

     0     0    0.00000    0  565          -    0.00000      -     -    0s
     0     0    0.00000    0  645          -    0.00000      -     -    0s
     0     0    0.00000    0  639          -    0.00000      -     -    0s
     0     0    0.00000    0  559          -    0.00000      -     -    1s
     0     0    0.00000    0  610          -    0.00000      -     -    1s
     0     0    0.00000    0  517          -    0.00000      -     -    1s
     0     0    0.00000    0  524          -    0.00000      -     -    2s
     0     0    0.00000    0  480          -    0.00000      -     -    2s
     0     0    0.00000    0  432          -    0.00000      -     -    3s
     0     0    0.00000    0  400          -    0.00000      -     -    3s
     0     2    0.00000    0  400          -    0.00000      -     -    4s
   365   532 infeasible   30               -    0.00000      -  54.8    5s
  4157   813    0.00000   96  506          -    0.00000      -  54.3   10s

Cutting planes:
  Gomory: 7
  Clique: 1
  Flow cover: 2
  Zero half: 91

Explored 4166 nodes (280317 simplex iterations) in 15.00 seconds (19.16 work units)
Thread count was 8 (of 8 available processors)

Solution count 0

Time limit reached
Best objective -, best bound 0.000000000000e+00, gap -

User-callback calls 9996, time in user-callback 0.00 sec
Gurobi Optimizer version 11.0.0 build v11.0.0rc2 (linux64 - "Debian GNU/Linux 11 (bullseye)")

CPU model: Intel(R) Core(TM) i7-4770 CPU @ 3.40GHz, instruction set [SSE2|AVX|AVX2]
Thread count: 4 physical cores, 8 logical processors, using up to 8 threads

Academic license 2483116 - for non-commercial use only - registered to ni___@fu-berlin.de
Optimize a model with 722 rows, 1600 columns and 5776 nonzeros
Model fingerprint: 0x1b051846
Variable types: 0 continuous, 1600 integer (1600 binary)
Coefficient statistics:
  Matrix range     [1e+00, 1e+00]
  Objective range  [0e+00, 0e+00]
  Bounds range     [1e+00, 1e+00]
  RHS range        [0e+00, 0e+00]

MIP start from previous solve did not produce a new incumbent solution

Presolve removed 1 rows and 224 columns
Presolve time: 0.01s
Presolved: 721 rows, 1376 columns, 5005 nonzeros
Variable types: 0 continuous, 1376 integer (1373 binary)

Root relaxation: objective 0.000000e+00, 2174 iterations, 0.13 seconds (0.15 work units)

    Nodes    |    Current Node    |     Objective Bounds      |     Work
 Expl Unexpl |  Obj  Depth IntInf | Incumbent    BestBd   Gap | It/Node Time

     0     0    0.00000    0  543          -    0.00000      -     -    0s
     0     0    0.00000    0  687          -    0.00000      -     -    0s
     0     0    0.00000    0  432          -    0.00000      -     -    1s
     0     0    0.00000    0  394          -    0.00000      -     -    2s
     0     0    0.00000    0  477          -    0.00000      -     -    2s
     0     0    0.00000    0  546          -    0.00000      -     -    2s
     0     0    0.00000    0  493          -    0.00000      -     -    3s
     0     2    0.00000    0  493          -    0.00000      -     -    3s
   987   352    0.00000   54  440          -    0.00000      -  44.6    5s
  6822   434    0.00000   38  584          -    0.00000      -  46.6   10s
H 6825   414                       0.0000000    0.00000  0.00%  46.6   12s

Cutting planes:
  Gomory: 5
  Clique: 3
  Flow cover: 1
  Zero half: 108
  RLT: 3

Explored 6825 nodes (355912 simplex iterations) in 12.73 seconds (16.90 work units)
Thread count was 8 (of 8 available processors)

Solution count 1: 0 

Optimal solution found (tolerance 1.00e-04)
Best objective 0.000000000000e+00, best bound 0.000000000000e+00, gap 0.0000%

User-callback calls 15086, time in user-callback 0.00 sec
Gurobi Optimizer version 11.0.0 build v11.0.0rc2 (linux64 - "Debian GNU/Linux 11 (bullseye)")

CPU model: Intel(R) Core(TM) i7-4770 CPU @ 3.40GHz, instruction set [SSE2|AVX|AVX2]
Thread count: 4 physical cores, 8 logical processors, using up to 8 threads

Academic license 2483116 - for non-commercial use only - registered to ni___@fu-berlin.de
Optimize a model with 722 rows, 1600 columns and 5776 nonzeros
Model fingerprint: 0x73c9a269
Variable types: 0 continuous, 1600 integer (1600 binary)
Coefficient statistics:
  Matrix range     [1e+00, 1e+00]
  Objective range  [0e+00, 0e+00]
  Bounds range     [1e+00, 1e+00]
  RHS range        [0e+00, 0e+00]

MIP start from previous solve did not produce a new incumbent solution

Presolve removed 7 rows and 235 columns
Presolve time: 0.01s
Presolved: 715 rows, 1365 columns, 4971 nonzeros
Variable types: 0 continuous, 1365 integer (1360 binary)

Root relaxation: objective 0.000000e+00, 2322 iterations, 0.14 seconds (0.16 work units)

    Nodes    |    Current Node    |     Objective Bounds      |     Work
 Expl Unexpl |  Obj  Depth IntInf | Incumbent    BestBd   Gap | It/Node Time

     0     0    0.00000    0  473          -    0.00000      -     -    0s
     0     0    0.00000    0  656          -    0.00000      -     -    0s
     0     0    0.00000    0  479          -    0.00000      -     -    1s
     0     0    0.00000    0  498          -    0.00000      -     -    1s
     0     0    0.00000    0  564          -    0.00000      -     -    1s
     0     0    0.00000    0  491          -    0.00000      -     -    2s
     0     0    0.00000    0  456          -    0.00000      -     -    2s
     0     0    0.00000    0  422          -    0.00000      -     -    2s
     0     0    0.00000    0  466          -    0.00000      -     -    2s
     0     0    0.00000    0  448          -    0.00000      -     -    3s
     0     0    0.00000    0  399          -    0.00000      -     -    3s
     0     2    0.00000    0  399          -    0.00000      -     -    4s
   259   372    0.00000   36  515          -    0.00000      -  52.5    5s
* 3130   413             117       0.0000000    0.00000  0.00%  32.9    7s

Cutting planes:
  Cover: 162
  Clique: 4
  Inf proof: 23
  Zero half: 19
  RLT: 4

Explored 4020 nodes (141606 simplex iterations) in 7.06 seconds (8.98 work units)
Thread count was 8 (of 8 available processors)

Solution count 1: 0 

Optimal solution found (tolerance 1.00e-04)
Best objective 0.000000000000e+00, best bound 0.000000000000e+00, gap 0.0000%

User-callback calls 9247, time in user-callback 0.00 sec
Gurobi Optimizer version 11.0.0 build v11.0.0rc2 (linux64 - "Debian GNU/Linux 11 (bullseye)")

CPU model: Intel(R) Core(TM) i7-4770 CPU @ 3.40GHz, instruction set [SSE2|AVX|AVX2]
Thread count: 4 physical cores, 8 logical processors, using up to 8 threads

Academic license 2483116 - for non-commercial use only - registered to ni___@fu-berlin.de
Optimize a model with 722 rows, 1600 columns and 5776 nonzeros
Model fingerprint: 0x020bee2a
Variable types: 0 continuous, 1600 integer (1600 binary)
Coefficient statistics:
  Matrix range     [1e+00, 1e+00]
  Objective range  [0e+00, 0e+00]
  Bounds range     [1e+00, 1e+00]
  RHS range        [0e+00, 0e+00]

MIP start from previous solve did not produce a new incumbent solution

Presolve removed 6 rows and 236 columns
Presolve time: 0.01s
Presolved: 716 rows, 1364 columns, 4953 nonzeros
Variable types: 0 continuous, 1364 integer (1360 binary)

Root relaxation: objective 0.000000e+00, 2250 iterations, 0.14 seconds (0.15 work units)

    Nodes    |    Current Node    |     Objective Bounds      |     Work
 Expl Unexpl |  Obj  Depth IntInf | Incumbent    BestBd   Gap | It/Node Time

     0     0    0.00000    0  576          -    0.00000      -     -    0s
     0     0    0.00000    0  664          -    0.00000      -     -    0s
     0     0    0.00000    0  664          -    0.00000      -     -    0s
     0     0    0.00000    0  455          -    0.00000      -     -    1s
     0     0    0.00000    0  488          -    0.00000      -     -    1s
     0     0    0.00000    0  338          -    0.00000      -     -    2s
     0     0    0.00000    0  338          -    0.00000      -     -    2s
     0     0    0.00000    0  313          -    0.00000      -     -    2s
     0     0    0.00000    0  319          -    0.00000      -     -    2s
     0     0    0.00000    0  406          -    0.00000      -     -    3s
     0     0    0.00000    0  456          -    0.00000      -     -    3s
     0     0    0.00000    0  276          -    0.00000      -     -    3s
     0     0    0.00000    0  408          -    0.00000      -     -    3s
     0     0    0.00000    0  322          -    0.00000      -     -    4s
     0     0    0.00000    0  477          -    0.00000      -     -    4s
H    0     0                       0.0000000    0.00000  0.00%     -    4s
     0     0    0.00000    0  333    0.00000    0.00000  0.00%     -    4s

Cutting planes:
  Clique: 1
  MIR: 1
  Zero half: 83

Explored 1 nodes (35770 simplex iterations) in 4.75 seconds (4.62 work units)
Thread count was 8 (of 8 available processors)

Solution count 1: 0 

Optimal solution found (tolerance 1.00e-04)
Best objective 0.000000000000e+00, best bound 0.000000000000e+00, gap 0.0000%

User-callback calls 783, time in user-callback 0.00 sec
Gurobi Optimizer version 11.0.0 build v11.0.0rc2 (linux64 - "Debian GNU/Linux 11 (bullseye)")

CPU model: Intel(R) Core(TM) i7-4770 CPU @ 3.40GHz, instruction set [SSE2|AVX|AVX2]
Thread count: 4 physical cores, 8 logical processors, using up to 8 threads

Academic license 2483116 - for non-commercial use only - registered to ni___@fu-berlin.de
Optimize a model with 722 rows, 1600 columns and 5776 nonzeros
Model fingerprint: 0x2ea2bedf
Variable types: 0 continuous, 1600 integer (1600 binary)
Coefficient statistics:
  Matrix range     [1e+00, 1e+00]
  Objective range  [0e+00, 0e+00]
  Bounds range     [1e+00, 1e+00]
  RHS range        [0e+00, 0e+00]

MIP start from previous solve did not produce a new incumbent solution

Presolve removed 13 rows and 249 columns
Presolve time: 0.01s
Presolved: 709 rows, 1351 columns, 4889 nonzeros
Variable types: 0 continuous, 1351 integer (1346 binary)

Root relaxation: objective 0.000000e+00, 2259 iterations, 0.13 seconds (0.14 work units)

    Nodes    |    Current Node    |     Objective Bounds      |     Work
 Expl Unexpl |  Obj  Depth IntInf | Incumbent    BestBd   Gap | It/Node Time

     0     0    0.00000    0  545          -    0.00000      -     -    0s
     0     0    0.00000    0  648          -    0.00000      -     -    0s
     0     0    0.00000    0  638          -    0.00000      -     -    0s
     0     0    0.00000    0  490          -    0.00000      -     -    1s
     0     0    0.00000    0  533          -    0.00000      -     -    1s
     0     0    0.00000    0  504          -    0.00000      -     -    1s
     0     0    0.00000    0  531          -    0.00000      -     -    1s
     0     0    0.00000    0  335          -    0.00000      -     -    1s
     0     0    0.00000    0  573          -    0.00000      -     -    1s
     0     0    0.00000    0  441          -    0.00000      -     -    2s
     0     0    0.00000    0  475          -    0.00000      -     -    2s
     0     0    0.00000    0  367          -    0.00000      -     -    2s
     0     0    0.00000    0  479          -    0.00000      -     -    2s
     0     0    0.00000    0  420          -    0.00000      -     -    3s
     0     0    0.00000    0  420          -    0.00000      -     -    3s
     0     2    0.00000    0  401          -    0.00000      -     -    4s
   477   461    0.00000   53  394          -    0.00000      -  44.5    5s
H 5924   296                       0.0000000    0.00000  0.00%  34.7    8s

Cutting planes:
  Cover: 414
  MIR: 1
  Inf proof: 50
  Zero half: 22
  RLT: 3

Explored 6252 nodes (239959 simplex iterations) in 8.03 seconds (11.36 work units)
Thread count was 8 (of 8 available processors)

Solution count 1: 0 

Optimal solution found (tolerance 1.00e-04)
Best objective 0.000000000000e+00, best bound 0.000000000000e+00, gap 0.0000%

User-callback calls 13731, time in user-callback 0.00 sec
Gurobi Optimizer version 11.0.0 build v11.0.0rc2 (linux64 - "Debian GNU/Linux 11 (bullseye)")

CPU model: Intel(R) Core(TM) i7-4770 CPU @ 3.40GHz, instruction set [SSE2|AVX|AVX2]
Thread count: 4 physical cores, 8 logical processors, using up to 8 threads

Academic license 2483116 - for non-commercial use only - registered to ni___@fu-berlin.de
Optimize a model with 722 rows, 1600 columns and 5776 nonzeros
Model fingerprint: 0x3bff4740
Variable types: 0 continuous, 1600 integer (1600 binary)
Coefficient statistics:
  Matrix range     [1e+00, 1e+00]
  Objective range  [0e+00, 0e+00]
  Bounds range     [1e+00, 1e+00]
  RHS range        [0e+00, 0e+00]

MIP start from previous solve did not produce a new incumbent solution

Presolve removed 4 rows and 235 columns
Presolve time: 0.01s
Presolved: 718 rows, 1365 columns, 4938 nonzeros
Variable types: 0 continuous, 1365 integer (1362 binary)

Root relaxation: objective 0.000000e+00, 2010 iterations, 0.12 seconds (0.13 work units)

    Nodes    |    Current Node    |     Objective Bounds      |     Work
 Expl Unexpl |  Obj  Depth IntInf | Incumbent    BestBd   Gap | It/Node Time

     0     0    0.00000    0  520          -    0.00000      -     -    0s
     0     0    0.00000    0  681          -    0.00000      -     -    0s
     0     0    0.00000    0  670          -    0.00000      -     -    0s
     0     0    0.00000    0  506          -    0.00000      -     -    1s
     0     0    0.00000    0  509          -    0.00000      -     -    1s
     0     0    0.00000    0  507          -    0.00000      -     -    1s
     0     0    0.00000    0  539          -    0.00000      -     -    1s
     0     0    0.00000    0  589          -    0.00000      -     -    2s
     0     0    0.00000    0  612          -    0.00000      -     -    2s
     0     0    0.00000    0  523          -    0.00000      -     -    2s
     0     0    0.00000    0  580          -    0.00000      -     -    2s
     0     0    0.00000    0  497          -    0.00000      -     -    3s
     0     0    0.00000    0  497          -    0.00000      -     -    3s
     0     2    0.00000    0  497          -    0.00000      -     -    4s
   433   166 infeasible   27               -    0.00000      -  54.1    5s
* 2078   282              89       0.0000000    0.00000  0.00%  42.7    6s

Cutting planes:
  Cover: 90
  Clique: 7
  Inf proof: 8
  Zero half: 25
  RLT: 3

Explored 2849 nodes (121755 simplex iterations) in 6.49 seconds (8.58 work units)
Thread count was 8 (of 8 available processors)

Solution count 1: 0 

Optimal solution found (tolerance 1.00e-04)
Best objective 0.000000000000e+00, best bound 0.000000000000e+00, gap 0.0000%

User-callback calls 6896, time in user-callback 0.00 sec
Gurobi Optimizer version 11.0.0 build v11.0.0rc2 (linux64 - "Debian GNU/Linux 11 (bullseye)")

CPU model: Intel(R) Core(TM) i7-4770 CPU @ 3.40GHz, instruction set [SSE2|AVX|AVX2]
Thread count: 4 physical cores, 8 logical processors, using up to 8 threads

Academic license 2483116 - for non-commercial use only - registered to ni___@fu-berlin.de
Optimize a model with 722 rows, 1600 columns and 5776 nonzeros
Model fingerprint: 0x7f79c281
Variable types: 0 continuous, 1600 integer (1600 binary)
Coefficient statistics:
  Matrix range     [1e+00, 1e+00]
  Objective range  [0e+00, 0e+00]
  Bounds range     [1e+00, 1e+00]
  RHS range        [0e+00, 0e+00]

MIP start from previous solve did not produce a new incumbent solution

Presolve removed 3 rows and 233 columns
Presolve time: 0.01s
Presolved: 719 rows, 1367 columns, 4963 nonzeros
Variable types: 0 continuous, 1367 integer (1362 binary)

Root relaxation: objective 0.000000e+00, 2281 iterations, 0.14 seconds (0.15 work units)

    Nodes    |    Current Node    |     Objective Bounds      |     Work
 Expl Unexpl |  Obj  Depth IntInf | Incumbent    BestBd   Gap | It/Node Time

     0     0    0.00000    0  570          -    0.00000      -     -    0s
     0     0    0.00000    0  668          -    0.00000      -     -    0s
     0     0    0.00000    0  582          -    0.00000      -     -    1s
     0     0    0.00000    0  527          -    0.00000      -     -    1s
     0     0    0.00000    0  588          -    0.00000      -     -    1s
     0     0    0.00000    0  458          -    0.00000      -     -    1s
     0     0    0.00000    0  563          -    0.00000      -     -    1s
     0     0    0.00000    0  329          -    0.00000      -     -    2s
     0     0    0.00000    0  371          -    0.00000      -     -    2s
     0     0    0.00000    0  404          -    0.00000      -     -    2s
     0     0    0.00000    0  423          -    0.00000      -     -    2s
     0     0    0.00000    0  407          -    0.00000      -     -    3s
     0     0    0.00000    0  407          -    0.00000      -     -    3s
     0     2    0.00000    0  407          -    0.00000      -     -    4s
   384   398    0.00000   52  501          -    0.00000      -  58.2    5s
  3794   624    0.00000   65  635          -    0.00000      -  68.8   10s

Cutting planes:
  Gomory: 5
  Cover: 1
  Clique: 1
  Flow cover: 3
  Zero half: 69
  RLT: 3

Explored 3805 nodes (315418 simplex iterations) in 15.00 seconds (19.98 work units)
Thread count was 8 (of 8 available processors)

Solution count 0

Time limit reached
Best objective -, best bound 0.000000000000e+00, gap -

User-callback calls 9265, time in user-callback 0.00 sec
Gurobi Optimizer version 11.0.0 build v11.0.0rc2 (linux64 - "Debian GNU/Linux 11 (bullseye)")

CPU model: Intel(R) Core(TM) i7-4770 CPU @ 3.40GHz, instruction set [SSE2|AVX|AVX2]
Thread count: 4 physical cores, 8 logical processors, using up to 8 threads

Academic license 2483116 - for non-commercial use only - registered to ni___@fu-berlin.de
Optimize a model with 722 rows, 1600 columns and 5776 nonzeros
Model fingerprint: 0xeaaa5ae4
Variable types: 0 continuous, 1600 integer (1600 binary)
Coefficient statistics:
  Matrix range     [1e+00, 1e+00]
  Objective range  [0e+00, 0e+00]
  Bounds range     [1e+00, 1e+00]
  RHS range        [0e+00, 0e+00]

MIP start from previous solve did not produce a new incumbent solution

Presolve removed 1 rows and 219 columns
Presolve time: 0.00s

Explored 0 nodes (0 simplex iterations) in 0.09 seconds (0.00 work units)
Thread count was 1 (of 8 available processors)

Solution count 0

Model is infeasible
Best objective -, best bound -, gap -

User-callback calls 51, time in user-callback 0.00 sec
Gurobi Optimizer version 11.0.0 build v11.0.0rc2 (linux64 - "Debian GNU/Linux 11 (bullseye)")

CPU model: Intel(R) Core(TM) i7-4770 CPU @ 3.40GHz, instruction set [SSE2|AVX|AVX2]
Thread count: 4 physical cores, 8 logical processors, using up to 8 threads

Academic license 2483116 - for non-commercial use only - registered to ni___@fu-berlin.de
Optimize a model with 722 rows, 1600 columns and 5776 nonzeros
Model fingerprint: 0x26379a5a
Variable types: 0 continuous, 1600 integer (1600 binary)
Coefficient statistics:
  Matrix range     [1e+00, 1e+00]
  Objective range  [0e+00, 0e+00]
  Bounds range     [1e+00, 1e+00]
  RHS range        [0e+00, 0e+00]

MIP start from previous solve did not produce a new incumbent solution

Presolve removed 2 rows and 227 columns
Presolve time: 0.04s
Presolved: 720 rows, 1373 columns, 5006 nonzeros
Variable types: 0 continuous, 1373 integer (1368 binary)

Root relaxation: objective 0.000000e+00, 2228 iterations, 0.17 seconds (0.14 work units)

    Nodes    |    Current Node    |     Objective Bounds      |     Work
 Expl Unexpl |  Obj  Depth IntInf | Incumbent    BestBd   Gap | It/Node Time

     0     0    0.00000    0  568          -    0.00000      -     -    0s
     0     0    0.00000    0  658          -    0.00000      -     -    0s
     0     0    0.00000    0  657          -    0.00000      -     -    0s
     0     0    0.00000    0  502          -    0.00000      -     -    1s
     0     0    0.00000    0  541          -    0.00000      -     -    1s
     0     0    0.00000    0  544          -    0.00000      -     -    1s
     0     0    0.00000    0  576          -    0.00000      -     -    1s
     0     0    0.00000    0  444          -    0.00000      -     -    2s
     0     0    0.00000    0  509          -    0.00000      -     -    2s
     0     0    0.00000    0  454          -    0.00000      -     -    2s
     0     0    0.00000    0  446          -    0.00000      -     -    2s
     0     0    0.00000    0  325          -    0.00000      -     -    3s
     0     0    0.00000    0  327          -    0.00000      -     -    3s
     0     0    0.00000    0  305          -    0.00000      -     -    3s
     0     0    0.00000    0  408          -    0.00000      -     -    3s
     0     0    0.00000    0  434          -    0.00000      -     -    4s
     0     0    0.00000    0  432          -    0.00000      -     -    4s
     0     2    0.00000    0  432          -    0.00000      -     -    4s
     3     8    0.00000    2  656          -    0.00000      -   430    5s
* 1340   334             101       0.0000000    0.00000  0.00%  40.2    6s

Cutting planes:
  Cover: 47
  Clique: 3
  Inf proof: 8
  Zero half: 28
  RLT: 1

Explored 2055 nodes (98440 simplex iterations) in 6.80 seconds (8.50 work units)
Thread count was 8 (of 8 available processors)

Solution count 1: 0 

Optimal solution found (tolerance 1.00e-04)
Best objective 0.000000000000e+00, best bound 0.000000000000e+00, gap 0.0000%

User-callback calls 5363, time in user-callback 0.00 sec
Gurobi Optimizer version 11.0.0 build v11.0.0rc2 (linux64 - "Debian GNU/Linux 11 (bullseye)")

CPU model: Intel(R) Core(TM) i7-4770 CPU @ 3.40GHz, instruction set [SSE2|AVX|AVX2]
Thread count: 4 physical cores, 8 logical processors, using up to 8 threads

Academic license 2483116 - for non-commercial use only - registered to ni___@fu-berlin.de
Optimize a model with 722 rows, 1600 columns and 5776 nonzeros
Model fingerprint: 0xf340abf2
Variable types: 0 continuous, 1600 integer (1600 binary)
Coefficient statistics:
  Matrix range     [1e+00, 1e+00]
  Objective range  [0e+00, 0e+00]
  Bounds range     [1e+00, 1e+00]
  RHS range        [0e+00, 0e+00]

MIP start from previous solve did not produce a new incumbent solution

Presolve removed 1 rows and 238 columns
Presolve time: 0.01s
Presolved: 721 rows, 1362 columns, 4931 nonzeros
Variable types: 0 continuous, 1362 integer (1358 binary)

Root relaxation: objective 0.000000e+00, 2067 iterations, 0.11 seconds (0.13 work units)

    Nodes    |    Current Node    |     Objective Bounds      |     Work
 Expl Unexpl |  Obj  Depth IntInf | Incumbent    BestBd   Gap | It/Node Time

     0     0    0.00000    0  469          -    0.00000      -     -    0s
     0     0    0.00000    0  636          -    0.00000      -     -    0s
     0     0    0.00000    0  624          -    0.00000      -     -    0s
     0     0    0.00000    0  409          -    0.00000      -     -    1s
     0     0    0.00000    0  487          -    0.00000      -     -    1s
     0     0    0.00000    0  615          -    0.00000      -     -    1s
     0     0    0.00000    0  412          -    0.00000      -     -    2s
     0     0    0.00000    0  493          -    0.00000      -     -    2s
     0     0    0.00000    0  417          -    0.00000      -     -    2s
     0     0    0.00000    0  466          -    0.00000      -     -    2s
     0     0    0.00000    0  443          -    0.00000      -     -    2s
     0     0    0.00000    0  443          -    0.00000      -     -    3s
     0     2    0.00000    0  434          -    0.00000      -     -    4s
   391   283    0.00000   38  523          -    0.00000      -  55.3    5s
  5763   491    0.00000   40  613          -    0.00000      -  51.7   10s
H 5766   468                       0.0000000    0.00000  0.00%  51.7   12s

Cutting planes:
  Gomory: 8
  Cover: 1
  Clique: 2
  Flow cover: 3
  Zero half: 140
  RLT: 1

Explored 5766 nodes (337493 simplex iterations) in 12.60 seconds (16.78 work units)
Thread count was 8 (of 8 available processors)

Solution count 1: 0 

Optimal solution found (tolerance 1.00e-04)
Best objective 0.000000000000e+00, best bound 0.000000000000e+00, gap 0.0000%

User-callback calls 12935, time in user-callback 0.00 sec
Gurobi Optimizer version 11.0.0 build v11.0.0rc2 (linux64 - "Debian GNU/Linux 11 (bullseye)")

CPU model: Intel(R) Core(TM) i7-4770 CPU @ 3.40GHz, instruction set [SSE2|AVX|AVX2]
Thread count: 4 physical cores, 8 logical processors, using up to 8 threads

Academic license 2483116 - for non-commercial use only - registered to ni___@fu-berlin.de
Optimize a model with 722 rows, 1600 columns and 5776 nonzeros
Model fingerprint: 0x1151fc39
Variable types: 0 continuous, 1600 integer (1600 binary)
Coefficient statistics:
  Matrix range     [1e+00, 1e+00]
  Objective range  [0e+00, 0e+00]
  Bounds range     [1e+00, 1e+00]
  RHS range        [0e+00, 0e+00]

MIP start from previous solve did not produce a new incumbent solution

Presolve removed 1 rows and 226 columns
Presolve time: 0.01s
Presolved: 721 rows, 1374 columns, 4999 nonzeros
Variable types: 0 continuous, 1374 integer (1370 binary)

Root relaxation: objective 0.000000e+00, 2192 iterations, 0.13 seconds (0.15 work units)

    Nodes    |    Current Node    |     Objective Bounds      |     Work
 Expl Unexpl |  Obj  Depth IntInf | Incumbent    BestBd   Gap | It/Node Time

     0     0    0.00000    0  547          -    0.00000      -     -    0s
     0     0    0.00000    0  604          -    0.00000      -     -    0s
     0     0    0.00000    0  661          -    0.00000      -     -    0s
     0     0    0.00000    0  505          -    0.00000      -     -    1s
     0     0    0.00000    0  521          -    0.00000      -     -    1s
     0     0    0.00000    0  575          -    0.00000      -     -    1s
     0     0    0.00000    0  566          -    0.00000      -     -    2s
     0     0    0.00000    0  597          -    0.00000      -     -    2s
     0     0    0.00000    0  508          -    0.00000      -     -    2s
     0     0    0.00000    0  466          -    0.00000      -     -    2s
     0     2    0.00000    0  466          -    0.00000      -     -    3s
   963   579    0.00000   55  517          -    0.00000      -  46.8    5s
  5297   612    0.00000   38  556          -    0.00000      -  39.1   10s
H 5299   582                       0.0000000    0.00000  0.00%  39.1   10s

Cutting planes:
  Clique: 1
  Flow cover: 2
  Zero half: 7
  RLT: 2

Explored 5299 nodes (245947 simplex iterations) in 11.03 seconds (14.01 work units)
Thread count was 8 (of 8 available processors)

Solution count 1: 0 

Optimal solution found (tolerance 1.00e-04)
Best objective 0.000000000000e+00, best bound 0.000000000000e+00, gap 0.0000%

User-callback calls 12065, time in user-callback 0.00 sec
Gurobi Optimizer version 11.0.0 build v11.0.0rc2 (linux64 - "Debian GNU/Linux 11 (bullseye)")

CPU model: Intel(R) Core(TM) i7-4770 CPU @ 3.40GHz, instruction set [SSE2|AVX|AVX2]
Thread count: 4 physical cores, 8 logical processors, using up to 8 threads

Academic license 2483116 - for non-commercial use only - registered to ni___@fu-berlin.de
Optimize a model with 722 rows, 1600 columns and 5776 nonzeros
Model fingerprint: 0x671619f8
Variable types: 0 continuous, 1600 integer (1600 binary)
Coefficient statistics:
  Matrix range     [1e+00, 1e+00]
  Objective range  [0e+00, 0e+00]
  Bounds range     [1e+00, 1e+00]
  RHS range        [0e+00, 0e+00]

MIP start from previous solve did not produce a new incumbent solution

Presolve removed 29 rows and 303 columns
Presolve time: 0.00s

Explored 0 nodes (0 simplex iterations) in 0.06 seconds (0.00 work units)
Thread count was 1 (of 8 available processors)

Solution count 0

Model is infeasible
Best objective -, best bound -, gap -

User-callback calls 236, time in user-callback 0.00 sec
Gurobi Optimizer version 11.0.0 build v11.0.0rc2 (linux64 - "Debian GNU/Linux 11 (bullseye)")

CPU model: Intel(R) Core(TM) i7-4770 CPU @ 3.40GHz, instruction set [SSE2|AVX|AVX2]
Thread count: 4 physical cores, 8 logical processors, using up to 8 threads

Academic license 2483116 - for non-commercial use only - registered to ni___@fu-berlin.de
Optimize a model with 722 rows, 1600 columns and 5776 nonzeros
Model fingerprint: 0x57b07756
Variable types: 0 continuous, 1600 integer (1600 binary)
Coefficient statistics:
  Matrix range     [1e+00, 1e+00]
  Objective range  [0e+00, 0e+00]
  Bounds range     [1e+00, 1e+00]
  RHS range        [0e+00, 0e+00]

MIP start from previous solve did not produce a new incumbent solution

Presolve removed 18 rows and 287 columns
Presolve time: 0.02s
Presolved: 704 rows, 1313 columns, 4748 nonzeros
Variable types: 0 continuous, 1313 integer (1308 binary)

Root relaxation: objective 0.000000e+00, 2035 iterations, 0.11 seconds (0.12 work units)

    Nodes    |    Current Node    |     Objective Bounds      |     Work
 Expl Unexpl |  Obj  Depth IntInf | Incumbent    BestBd   Gap | It/Node Time

     0     0    0.00000    0  504          -    0.00000      -     -    0s
     0     0    0.00000    0  660          -    0.00000      -     -    0s
     0     0    0.00000    0  648          -    0.00000      -     -    0s
     0     0    0.00000    0  514          -    0.00000      -     -    0s
     0     0    0.00000    0  513          -    0.00000      -     -    1s
     0     0    0.00000    0  478          -    0.00000      -     -    1s
     0     0    0.00000    0  529          -    0.00000      -     -    1s
     0     0    0.00000    0  407          -    0.00000      -     -    1s
     0     0    0.00000    0  422          -    0.00000      -     -    1s
     0     0    0.00000    0  438          -    0.00000      -     -    2s
     0     0    0.00000    0  536          -    0.00000      -     -    2s
     0     0    0.00000    0  307          -    0.00000      -     -    2s
     0     0    0.00000    0  479          -    0.00000      -     -    2s
     0     0    0.00000    0  397          -    0.00000      -     -    3s
     0     0    0.00000    0  384          -    0.00000      -     -    3s
     0     2    0.00000    0  381          -    0.00000      -     -    3s
   594   468 infeasible   41               -    0.00000      -  48.3    5s
  6666   673    0.00000   28  530          -    0.00000      -  50.2   10s

Cutting planes:
  Gomory: 3
  Cover: 2
  Clique: 1
  Zero half: 83
  RLT: 1

Explored 6677 nodes (389734 simplex iterations) in 15.00 seconds (20.65 work units)
Thread count was 8 (of 8 available processors)

Solution count 0

Time limit reached
Best objective -, best bound 0.000000000000e+00, gap -

User-callback calls 15287, time in user-callback 0.00 sec
Gurobi Optimizer version 11.0.0 build v11.0.0rc2 (linux64 - "Debian GNU/Linux 11 (bullseye)")

CPU model: Intel(R) Core(TM) i7-4770 CPU @ 3.40GHz, instruction set [SSE2|AVX|AVX2]
Thread count: 4 physical cores, 8 logical processors, using up to 8 threads

Academic license 2483116 - for non-commercial use only - registered to ni___@fu-berlin.de
Optimize a model with 722 rows, 1600 columns and 5776 nonzeros
Model fingerprint: 0x29415312
Variable types: 0 continuous, 1600 integer (1600 binary)
Coefficient statistics:
  Matrix range     [1e+00, 1e+00]
  Objective range  [0e+00, 0e+00]
  Bounds range     [1e+00, 1e+00]
  RHS range        [0e+00, 0e+00]

MIP start from previous solve did not produce a new incumbent solution

Presolve removed 1 rows and 223 columns
Presolve time: 0.01s
Presolved: 721 rows, 1377 columns, 4998 nonzeros
Variable types: 0 continuous, 1377 integer (1372 binary)

Root relaxation: objective 0.000000e+00, 1977 iterations, 0.11 seconds (0.12 work units)

    Nodes    |    Current Node    |     Objective Bounds      |     Work
 Expl Unexpl |  Obj  Depth IntInf | Incumbent    BestBd   Gap | It/Node Time

     0     0    0.00000    0  512          -    0.00000      -     -    0s
     0     0    0.00000    0  676          -    0.00000      -     -    0s
     0     0    0.00000    0  489          -    0.00000      -     -    1s
     0     0    0.00000    0  605          -    0.00000      -     -    1s
     0     0    0.00000    0  392          -    0.00000      -     -    1s
     0     0    0.00000    0  438          -    0.00000      -     -    1s
     0     0    0.00000    0  406          -    0.00000      -     -    2s
     0     0    0.00000    0  455          -    0.00000      -     -    2s
     0     0    0.00000    0  366          -    0.00000      -     -    2s
     0     0    0.00000    0  398          -    0.00000      -     -    3s
     0     0    0.00000    0  398          -    0.00000      -     -    3s
     0     2    0.00000    0  398          -    0.00000      -     -    4s
   246   466 infeasible   29               -    0.00000      -  58.8    5s
  4863   681    0.00000   71  412          -    0.00000      -  50.5   10s
H 4867   649                       0.0000000    0.00000  0.00%  50.4   13s

Cutting planes:
  Gomory: 3
  Zero half: 82
  RLT: 2

Explored 4867 nodes (293213 simplex iterations) in 13.30 seconds (17.18 work units)
Thread count was 8 (of 8 available processors)

Solution count 1: 0 

Optimal solution found (tolerance 1.00e-04)
Best objective 0.000000000000e+00, best bound 0.000000000000e+00, gap 0.0000%

User-callback calls 11256, time in user-callback 0.00 sec
Gurobi Optimizer version 11.0.0 build v11.0.0rc2 (linux64 - "Debian GNU/Linux 11 (bullseye)")

CPU model: Intel(R) Core(TM) i7-4770 CPU @ 3.40GHz, instruction set [SSE2|AVX|AVX2]
Thread count: 4 physical cores, 8 logical processors, using up to 8 threads

Academic license 2483116 - for non-commercial use only - registered to ni___@fu-berlin.de
Optimize a model with 722 rows, 1600 columns and 5776 nonzeros
Model fingerprint: 0x43ef1fe4
Variable types: 0 continuous, 1600 integer (1600 binary)
Coefficient statistics:
  Matrix range     [1e+00, 1e+00]
  Objective range  [0e+00, 0e+00]
  Bounds range     [1e+00, 1e+00]
  RHS range        [0e+00, 0e+00]

MIP start from previous solve did not produce a new incumbent solution

Presolve removed 0 rows and 217 columns
Presolve time: 0.00s

Explored 0 nodes (0 simplex iterations) in 0.07 seconds (0.00 work units)
Thread count was 1 (of 8 available processors)

Solution count 0

Model is infeasible
Best objective -, best bound -, gap -

User-callback calls 37, time in user-callback 0.00 sec
Gurobi Optimizer version 11.0.0 build v11.0.0rc2 (linux64 - "Debian GNU/Linux 11 (bullseye)")

CPU model: Intel(R) Core(TM) i7-4770 CPU @ 3.40GHz, instruction set [SSE2|AVX|AVX2]
Thread count: 4 physical cores, 8 logical processors, using up to 8 threads

Academic license 2483116 - for non-commercial use only - registered to ni___@fu-berlin.de
Optimize a model with 722 rows, 1600 columns and 5776 nonzeros
Model fingerprint: 0xe96733d5
Variable types: 0 continuous, 1600 integer (1600 binary)
Coefficient statistics:
  Matrix range     [1e+00, 1e+00]
  Objective range  [0e+00, 0e+00]
  Bounds range     [1e+00, 1e+00]
  RHS range        [0e+00, 0e+00]

MIP start from previous solve did not produce a new incumbent solution

Presolve removed 0 rows and 215 columns
Presolve time: 0.00s

Explored 0 nodes (0 simplex iterations) in 0.06 seconds (0.00 work units)
Thread count was 1 (of 8 available processors)

Solution count 0

Model is infeasible
Best objective -, best bound -, gap -

User-callback calls 37, time in user-callback 0.00 sec
Gurobi Optimizer version 11.0.0 build v11.0.0rc2 (linux64 - "Debian GNU/Linux 11 (bullseye)")

CPU model: Intel(R) Core(TM) i7-4770 CPU @ 3.40GHz, instruction set [SSE2|AVX|AVX2]
Thread count: 4 physical cores, 8 logical processors, using up to 8 threads

Academic license 2483116 - for non-commercial use only - registered to ni___@fu-berlin.de
Optimize a model with 722 rows, 1600 columns and 5776 nonzeros
Model fingerprint: 0xd041f55f
Variable types: 0 continuous, 1600 integer (1600 binary)
Coefficient statistics:
  Matrix range     [1e+00, 1e+00]
  Objective range  [0e+00, 0e+00]
  Bounds range     [1e+00, 1e+00]
  RHS range        [0e+00, 0e+00]

MIP start from previous solve did not produce a new incumbent solution

Presolve removed 1 rows and 229 columns
Presolve time: 0.01s
Presolved: 721 rows, 1371 columns, 4984 nonzeros
Variable types: 0 continuous, 1371 integer (1367 binary)

Root relaxation: objective 0.000000e+00, 2228 iterations, 0.13 seconds (0.15 work units)

    Nodes    |    Current Node    |     Objective Bounds      |     Work
 Expl Unexpl |  Obj  Depth IntInf | Incumbent    BestBd   Gap | It/Node Time

     0     0    0.00000    0  547          -    0.00000      -     -    0s
     0     0    0.00000    0  659          -    0.00000      -     -    0s
     0     0    0.00000    0  655          -    0.00000      -     -    0s
     0     0    0.00000    0  523          -    0.00000      -     -    1s
     0     0    0.00000    0  564          -    0.00000      -     -    1s
     0     0    0.00000    0  573          -    0.00000      -     -    1s
     0     0    0.00000    0  584          -    0.00000      -     -    1s
     0     0    0.00000    0  480          -    0.00000      -     -    2s
     0     0    0.00000    0  544          -    0.00000      -     -    2s
     0     0    0.00000    0  439          -    0.00000      -     -    2s
     0     0    0.00000    0  505          -    0.00000      -     -    2s
     0     0    0.00000    0  515          -    0.00000      -     -    2s
     0     0    0.00000    0  515          -    0.00000      -     -    3s
     0     2    0.00000    0  515          -    0.00000      -     -    4s
   493   379 infeasible   47               -    0.00000      -  53.5    5s
  2899   606    0.00000    4  562          -    0.00000      -  60.9   10s
H 2899   575                       0.0000000    0.00000  0.00%  60.9   10s

Cutting planes:
  Gomory: 7
  Clique: 2
  Flow cover: 2
  Zero half: 90
  RLT: 1

Explored 2899 nodes (217018 simplex iterations) in 10.67 seconds (13.93 work units)
Thread count was 8 (of 8 available processors)

Solution count 1: 0 

Optimal solution found (tolerance 1.00e-04)
Best objective 0.000000000000e+00, best bound 0.000000000000e+00, gap 0.0000%

User-callback calls 7404, time in user-callback 0.00 sec
Gurobi Optimizer version 11.0.0 build v11.0.0rc2 (linux64 - "Debian GNU/Linux 11 (bullseye)")

CPU model: Intel(R) Core(TM) i7-4770 CPU @ 3.40GHz, instruction set [SSE2|AVX|AVX2]
Thread count: 4 physical cores, 8 logical processors, using up to 8 threads

Academic license 2483116 - for non-commercial use only - registered to ni___@fu-berlin.de
Optimize a model with 722 rows, 1600 columns and 5776 nonzeros
Model fingerprint: 0xf7e6d107
Variable types: 0 continuous, 1600 integer (1600 binary)
Coefficient statistics:
  Matrix range     [1e+00, 1e+00]
  Objective range  [0e+00, 0e+00]
  Bounds range     [1e+00, 1e+00]
  RHS range        [0e+00, 0e+00]

MIP start from previous solve did not produce a new incumbent solution

Presolve removed 1 rows and 224 columns
Presolve time: 0.01s
Presolved: 721 rows, 1376 columns, 4998 nonzeros
Variable types: 0 continuous, 1376 integer (1372 binary)

Root relaxation: objective 0.000000e+00, 2028 iterations, 0.11 seconds (0.12 work units)

    Nodes    |    Current Node    |     Objective Bounds      |     Work
 Expl Unexpl |  Obj  Depth IntInf | Incumbent    BestBd   Gap | It/Node Time

     0     0    0.00000    0  510          -    0.00000      -     -    0s
     0     0    0.00000    0  616          -    0.00000      -     -    0s
     0     0    0.00000    0  500          -    0.00000      -     -    1s
     0     0    0.00000    0  542          -    0.00000      -     -    1s
H    0     0                       0.0000000    0.00000  0.00%     -    2s
     0     0    0.00000    0  421    0.00000    0.00000  0.00%     -    2s

Cutting planes:
  Clique: 1
  Zero half: 98

Explored 1 nodes (15604 simplex iterations) in 2.09 seconds (2.04 work units)
Thread count was 8 (of 8 available processors)

Solution count 1: 0 

Optimal solution found (tolerance 1.00e-04)
Best objective 0.000000000000e+00, best bound 0.000000000000e+00, gap 0.0000%

User-callback calls 522, time in user-callback 0.00 sec
Gurobi Optimizer version 11.0.0 build v11.0.0rc2 (linux64 - "Debian GNU/Linux 11 (bullseye)")

CPU model: Intel(R) Core(TM) i7-4770 CPU @ 3.40GHz, instruction set [SSE2|AVX|AVX2]
Thread count: 4 physical cores, 8 logical processors, using up to 8 threads

Academic license 2483116 - for non-commercial use only - registered to ni___@fu-berlin.de
Optimize a model with 722 rows, 1600 columns and 5776 nonzeros
Model fingerprint: 0xadce0dad
Variable types: 0 continuous, 1600 integer (1600 binary)
Coefficient statistics:
  Matrix range     [1e+00, 1e+00]
  Objective range  [0e+00, 0e+00]
  Bounds range     [1e+00, 1e+00]
  RHS range        [0e+00, 0e+00]

MIP start from previous solve did not produce a new incumbent solution

Presolve removed 8 rows and 247 columns
Presolve time: 0.01s
Presolved: 714 rows, 1353 columns, 4907 nonzeros
Variable types: 0 continuous, 1353 integer (1349 binary)

Root relaxation: objective 0.000000e+00, 1956 iterations, 0.11 seconds (0.12 work units)

    Nodes    |    Current Node    |     Objective Bounds      |     Work
 Expl Unexpl |  Obj  Depth IntInf | Incumbent    BestBd   Gap | It/Node Time

     0     0    0.00000    0  497          -    0.00000      -     -    0s
     0     0    0.00000    0  681          -    0.00000      -     -    0s
     0     0    0.00000    0  666          -    0.00000      -     -    0s
     0     0    0.00000    0  558          -    0.00000      -     -    1s
     0     0    0.00000    0  615          -    0.00000      -     -    1s
     0     0    0.00000    0  534          -    0.00000      -     -    1s
     0     0    0.00000    0  598          -    0.00000      -     -    1s
     0     0    0.00000    0  472          -    0.00000      -     -    2s
     0     0    0.00000    0  553          -    0.00000      -     -    2s
     0     0    0.00000    0  555          -    0.00000      -     -    2s
     0     0    0.00000    0  611          -    0.00000      -     -    2s
     0     0    0.00000    0  547          -    0.00000      -     -    2s
     0     0    0.00000    0  547          -    0.00000      -     -    3s
     0     2    0.00000    0  436          -    0.00000      -     -    3s
  1398   411 infeasible   37               -    0.00000      -  34.8    5s
  7911   636    0.00000    8  547          -    0.00000      -  46.3   10s

Cutting planes:
  Gomory: 5
  Clique: 1
  Zero half: 91
  RLT: 1

Explored 7923 nodes (414355 simplex iterations) in 15.00 seconds (20.65 work units)
Thread count was 8 (of 8 available processors)

Solution count 0

Time limit reached
Best objective -, best bound 0.000000000000e+00, gap -

User-callback calls 17492, time in user-callback 0.00 sec
Gurobi Optimizer version 11.0.0 build v11.0.0rc2 (linux64 - "Debian GNU/Linux 11 (bullseye)")

CPU model: Intel(R) Core(TM) i7-4770 CPU @ 3.40GHz, instruction set [SSE2|AVX|AVX2]
Thread count: 4 physical cores, 8 logical processors, using up to 8 threads

Academic license 2483116 - for non-commercial use only - registered to ni___@fu-berlin.de
Optimize a model with 722 rows, 1600 columns and 5776 nonzeros
Model fingerprint: 0xddeacc82
Variable types: 0 continuous, 1600 integer (1600 binary)
Coefficient statistics:
  Matrix range     [1e+00, 1e+00]
  Objective range  [0e+00, 0e+00]
  Bounds range     [1e+00, 1e+00]
  RHS range        [0e+00, 0e+00]

MIP start from previous solve did not produce a new incumbent solution

Presolve removed 0 rows and 216 columns
Presolve time: 0.00s

Explored 0 nodes (0 simplex iterations) in 0.05 seconds (0.00 work units)
Thread count was 1 (of 8 available processors)

Solution count 0

Model is infeasible
Best objective -, best bound -, gap -

User-callback calls 37, time in user-callback 0.00 sec
Gurobi Optimizer version 11.0.0 build v11.0.0rc2 (linux64 - "Debian GNU/Linux 11 (bullseye)")

CPU model: Intel(R) Core(TM) i7-4770 CPU @ 3.40GHz, instruction set [SSE2|AVX|AVX2]
Thread count: 4 physical cores, 8 logical processors, using up to 8 threads

Academic license 2483116 - for non-commercial use only - registered to ni___@fu-berlin.de
Optimize a model with 722 rows, 1600 columns and 5776 nonzeros
Model fingerprint: 0x2bcd90c5
Variable types: 0 continuous, 1600 integer (1600 binary)
Coefficient statistics:
  Matrix range     [1e+00, 1e+00]
  Objective range  [0e+00, 0e+00]
  Bounds range     [1e+00, 1e+00]
  RHS range        [0e+00, 0e+00]

MIP start from previous solve did not produce a new incumbent solution

Presolve removed 2 rows and 231 columns
Presolve time: 0.01s
Presolved: 720 rows, 1369 columns, 4992 nonzeros
Variable types: 0 continuous, 1369 integer (1367 binary)

Root relaxation: objective 0.000000e+00, 2333 iterations, 0.14 seconds (0.15 work units)

    Nodes    |    Current Node    |     Objective Bounds      |     Work
 Expl Unexpl |  Obj  Depth IntInf | Incumbent    BestBd   Gap | It/Node Time

     0     0    0.00000    0  613          -    0.00000      -     -    0s
     0     0    0.00000    0  673          -    0.00000      -     -    0s
     0     0    0.00000    0  667          -    0.00000      -     -    0s
     0     0    0.00000    0  581          -    0.00000      -     -    1s
     0     0    0.00000    0  624          -    0.00000      -     -    1s
     0     0    0.00000    0  509          -    0.00000      -     -    1s
     0     0    0.00000    0  511          -    0.00000      -     -    1s
     0     0    0.00000    0  457          -    0.00000      -     -    2s
     0     0    0.00000    0  517          -    0.00000      -     -    2s
     0     0    0.00000    0  380          -    0.00000      -     -    2s
     0     0    0.00000    0  407          -    0.00000      -     -    2s
     0     0    0.00000    0  341          -    0.00000      -     -    3s
     0     0    0.00000    0  381          -    0.00000      -     -    3s
     0     0    0.00000    0  436          -    0.00000      -     -    4s
     0     0    0.00000    0  468          -    0.00000      -     -    4s
     0     0    0.00000    0  401          -    0.00000      -     -    4s
     0     0    0.00000    0  522          -    0.00000      -     -    4s
     0     0    0.00000    0  450          -    0.00000      -     -    4s
     0     0    0.00000    0  355          -    0.00000      -     -    4s
     0     2    0.00000    0  355          -    0.00000      -     -    5s
  3384   603 infeasible   67               -    0.00000      -  64.5   10s
  6784   546 infeasible   59               -    0.00000      -  76.7   15s

Cutting planes:
  Gomory: 1
  Cover: 390
  Clique: 2
  MIR: 4
  Inf proof: 8
  Zero half: 40
  RLT: 2

Explored 6887 nodes (566227 simplex iterations) in 15.03 seconds (24.19 work units)
Thread count was 8 (of 8 available processors)

Solution count 0

Time limit reached
Best objective -, best bound 0.000000000000e+00, gap -

User-callback calls 15167, time in user-callback 0.00 sec
Gurobi Optimizer version 11.0.0 build v11.0.0rc2 (linux64 - "Debian GNU/Linux 11 (bullseye)")

CPU model: Intel(R) Core(TM) i7-4770 CPU @ 3.40GHz, instruction set [SSE2|AVX|AVX2]
Thread count: 4 physical cores, 8 logical processors, using up to 8 threads

Academic license 2483116 - for non-commercial use only - registered to ni___@fu-berlin.de
Optimize a model with 722 rows, 1600 columns and 5776 nonzeros
Model fingerprint: 0x14cbf90e
Variable types: 0 continuous, 1600 integer (1600 binary)
Coefficient statistics:
  Matrix range     [1e+00, 1e+00]
  Objective range  [0e+00, 0e+00]
  Bounds range     [1e+00, 1e+00]
  RHS range        [0e+00, 0e+00]

MIP start from previous solve did not produce a new incumbent solution

Presolve removed 26 rows and 289 columns
Presolve time: 0.02s
Presolved: 696 rows, 1311 columns, 4752 nonzeros
Variable types: 0 continuous, 1311 integer (1309 binary)

Root relaxation: objective 0.000000e+00, 2170 iterations, 0.12 seconds (0.13 work units)

    Nodes    |    Current Node    |     Objective Bounds      |     Work
 Expl Unexpl |  Obj  Depth IntInf | Incumbent    BestBd   Gap | It/Node Time

     0     0    0.00000    0  467          -    0.00000      -     -    0s
     0     0    0.00000    0  591          -    0.00000      -     -    0s
     0     0    0.00000    0  618          -    0.00000      -     -    0s
     0     0    0.00000    0  505          -    0.00000      -     -    1s
     0     0    0.00000    0  528          -    0.00000      -     -    1s
     0     0    0.00000    0  491          -    0.00000      -     -    1s
     0     0    0.00000    0  511          -    0.00000      -     -    1s
     0     0    0.00000    0  554          -    0.00000      -     -    1s
     0     0    0.00000    0  554          -    0.00000      -     -    1s
     0     2    0.00000    0  448          -    0.00000      -     -    2s
  2830   599 infeasible   82               -    0.00000      -  44.7    5s
  5208   683    0.00000   46  502          -    0.00000      -  50.5   10s

Cutting planes:
  Gomory: 6
  Cover: 1
  Clique: 2
  Flow cover: 1
  Zero half: 73
  RLT: 3

Explored 5221 nodes (318878 simplex iterations) in 15.00 seconds (18.27 work units)
Thread count was 8 (of 8 available processors)

Solution count 0

Time limit reached
Best objective -, best bound 0.000000000000e+00, gap -

User-callback calls 12383, time in user-callback 0.00 sec
Gurobi Optimizer version 11.0.0 build v11.0.0rc2 (linux64 - "Debian GNU/Linux 11 (bullseye)")

CPU model: Intel(R) Core(TM) i7-4770 CPU @ 3.40GHz, instruction set [SSE2|AVX|AVX2]
Thread count: 4 physical cores, 8 logical processors, using up to 8 threads

Academic license 2483116 - for non-commercial use only - registered to ni___@fu-berlin.de
Optimize a model with 722 rows, 1600 columns and 5776 nonzeros
Model fingerprint: 0xd750bdc1
Variable types: 0 continuous, 1600 integer (1600 binary)
Coefficient statistics:
  Matrix range     [1e+00, 1e+00]
  Objective range  [0e+00, 0e+00]
  Bounds range     [1e+00, 1e+00]
  RHS range        [0e+00, 0e+00]

MIP start from previous solve did not produce a new incumbent solution

Presolve removed 11 rows and 256 columns
Presolve time: 0.01s
Presolved: 711 rows, 1344 columns, 4863 nonzeros
Variable types: 0 continuous, 1344 integer (1340 binary)

Root relaxation: objective 0.000000e+00, 2085 iterations, 0.12 seconds (0.13 work units)

    Nodes    |    Current Node    |     Objective Bounds      |     Work
 Expl Unexpl |  Obj  Depth IntInf | Incumbent    BestBd   Gap | It/Node Time

     0     0    0.00000    0  547          -    0.00000      -     -    0s
     0     0    0.00000    0  651          -    0.00000      -     -    0s
     0     0    0.00000    0  490          -    0.00000      -     -    1s
     0     0    0.00000    0  583          -    0.00000      -     -    1s
     0     0    0.00000    0  538          -    0.00000      -     -    1s
     0     0    0.00000    0  551          -    0.00000      -     -    1s
     0     0    0.00000    0  548          -    0.00000      -     -    1s
     0     0    0.00000    0  617          -    0.00000      -     -    1s
     0     0    0.00000    0  567          -    0.00000      -     -    2s
     0     0    0.00000    0  599          -    0.00000      -     -    2s
     0     0    0.00000    0  513          -    0.00000      -     -    2s
     0     0    0.00000    0  513          -    0.00000      -     -    2s
     0     2    0.00000    0  509          -    0.00000      -     -    3s
*  972   252              84       0.0000000    0.00000  0.00%  37.7    4s

Cutting planes:
  Cover: 15
  Clique: 2
  Inf proof: 3
  Zero half: 21
  RLT: 8

Explored 2031 nodes (66399 simplex iterations) in 4.62 seconds (5.57 work units)
Thread count was 8 (of 8 available processors)

Solution count 1: 0 

Optimal solution found (tolerance 1.00e-04)
Best objective 0.000000000000e+00, best bound 0.000000000000e+00, gap 0.0000%

User-callback calls 5289, time in user-callback 0.00 sec
Gurobi Optimizer version 11.0.0 build v11.0.0rc2 (linux64 - "Debian GNU/Linux 11 (bullseye)")

CPU model: Intel(R) Core(TM) i7-4770 CPU @ 3.40GHz, instruction set [SSE2|AVX|AVX2]
Thread count: 4 physical cores, 8 logical processors, using up to 8 threads

Academic license 2483116 - for non-commercial use only - registered to ni___@fu-berlin.de
Optimize a model with 722 rows, 1600 columns and 5776 nonzeros
Model fingerprint: 0x95f562b5
Variable types: 0 continuous, 1600 integer (1600 binary)
Coefficient statistics:
  Matrix range     [1e+00, 1e+00]
  Objective range  [0e+00, 0e+00]
  Bounds range     [1e+00, 1e+00]
  RHS range        [0e+00, 0e+00]

MIP start from previous solve did not produce a new incumbent solution

Presolve removed 0 rows and 222 columns
Presolve time: 0.01s
Presolved: 722 rows, 1378 columns, 5001 nonzeros
Variable types: 0 continuous, 1378 integer (1373 binary)

Root relaxation: objective 0.000000e+00, 2224 iterations, 0.13 seconds (0.14 work units)

    Nodes    |    Current Node    |     Objective Bounds      |     Work
 Expl Unexpl |  Obj  Depth IntInf | Incumbent    BestBd   Gap | It/Node Time

     0     0    0.00000    0  545          -    0.00000      -     -    0s
     0     0    0.00000    0  675          -    0.00000      -     -    0s
     0     0    0.00000    0  668          -    0.00000      -     -    0s
     0     0    0.00000    0  517          -    0.00000      -     -    1s
     0     0    0.00000    0  544          -    0.00000      -     -    1s
     0     0    0.00000    0  479          -    0.00000      -     -    2s
     0     0    0.00000    0  472          -    0.00000      -     -    2s
     0     0    0.00000    0  483          -    0.00000      -     -    2s
H    0     0                       0.0000000    0.00000  0.00%     -    3s
     0     0    0.00000    0  345    0.00000    0.00000  0.00%     -    3s

Cutting planes:
  Clique: 2
  Zero half: 73

Explored 1 nodes (24834 simplex iterations) in 3.47 seconds (3.26 work units)
Thread count was 8 (of 8 available processors)

Solution count 1: 0 

Optimal solution found (tolerance 1.00e-04)
Best objective 0.000000000000e+00, best bound 0.000000000000e+00, gap 0.0000%

User-callback calls 527, time in user-callback 0.00 sec
Gurobi Optimizer version 11.0.0 build v11.0.0rc2 (linux64 - "Debian GNU/Linux 11 (bullseye)")

CPU model: Intel(R) Core(TM) i7-4770 CPU @ 3.40GHz, instruction set [SSE2|AVX|AVX2]
Thread count: 4 physical cores, 8 logical processors, using up to 8 threads

Academic license 2483116 - for non-commercial use only - registered to ni___@fu-berlin.de
Optimize a model with 722 rows, 1600 columns and 5776 nonzeros
Model fingerprint: 0xb1030061
Variable types: 0 continuous, 1600 integer (1600 binary)
Coefficient statistics:
  Matrix range     [1e+00, 1e+00]
  Objective range  [0e+00, 0e+00]
  Bounds range     [1e+00, 1e+00]
  RHS range        [0e+00, 0e+00]

MIP start from previous solve did not produce a new incumbent solution

Presolve removed 5 rows and 244 columns
Presolve time: 0.01s
Presolved: 717 rows, 1356 columns, 4937 nonzeros
Variable types: 0 continuous, 1356 integer (1352 binary)

Root relaxation: objective 0.000000e+00, 2244 iterations, 0.13 seconds (0.15 work units)

    Nodes    |    Current Node    |     Objective Bounds      |     Work
 Expl Unexpl |  Obj  Depth IntInf | Incumbent    BestBd   Gap | It/Node Time

     0     0    0.00000    0  553          -    0.00000      -     -    0s
     0     0    0.00000    0  651          -    0.00000      -     -    0s
     0     0    0.00000    0  649          -    0.00000      -     -    0s
     0     0    0.00000    0  557          -    0.00000      -     -    1s
     0     0    0.00000    0  584          -    0.00000      -     -    1s
     0     0    0.00000    0  500          -    0.00000      -     -    1s
     0     0    0.00000    0  517          -    0.00000      -     -    2s
     0     0    0.00000    0  572          -    0.00000      -     -    2s
     0     0    0.00000    0  490          -    0.00000      -     -    2s
     0     0    0.00000    0  564          -    0.00000      -     -    2s
     0     0    0.00000    0  478          -    0.00000      -     -    3s
     0     0    0.00000    0  358          -    0.00000      -     -    3s
     0     2    0.00000    0  358          -    0.00000      -     -    3s
   383   399    0.00000   27  587          -    0.00000      -  76.8    5s
* 1897   469              96       0.0000000    0.00000  0.00%  51.2    6s

Cutting planes:
  Cover: 45
  Clique: 2
  MIR: 1
  Inf proof: 10
  Zero half: 34
  RLT: 6

Explored 2761 nodes (137933 simplex iterations) in 6.34 seconds (8.56 work units)
Thread count was 8 (of 8 available processors)

Solution count 1: 0 

Optimal solution found (tolerance 1.00e-04)
Best objective 0.000000000000e+00, best bound 0.000000000000e+00, gap 0.0000%

User-callback calls 6698, time in user-callback 0.00 sec
Gurobi Optimizer version 11.0.0 build v11.0.0rc2 (linux64 - "Debian GNU/Linux 11 (bullseye)")

CPU model: Intel(R) Core(TM) i7-4770 CPU @ 3.40GHz, instruction set [SSE2|AVX|AVX2]
Thread count: 4 physical cores, 8 logical processors, using up to 8 threads

Academic license 2483116 - for non-commercial use only - registered to ni___@fu-berlin.de
Optimize a model with 722 rows, 1600 columns and 5776 nonzeros
Model fingerprint: 0x5aa41b99
Variable types: 0 continuous, 1600 integer (1600 binary)
Coefficient statistics:
  Matrix range     [1e+00, 1e+00]
  Objective range  [0e+00, 0e+00]
  Bounds range     [1e+00, 1e+00]
  RHS range        [0e+00, 0e+00]

MIP start from previous solve did not produce a new incumbent solution

Presolve removed 3 rows and 232 columns
Presolve time: 0.01s
Presolved: 719 rows, 1368 columns, 4963 nonzeros
Variable types: 0 continuous, 1368 integer (1364 binary)

Root relaxation: objective 0.000000e+00, 2042 iterations, 0.11 seconds (0.13 work units)

    Nodes    |    Current Node    |     Objective Bounds      |     Work
 Expl Unexpl |  Obj  Depth IntInf | Incumbent    BestBd   Gap | It/Node Time

     0     0    0.00000    0  500          -    0.00000      -     -    0s
     0     0    0.00000    0  653          -    0.00000      -     -    0s
     0     0    0.00000    0  637          -    0.00000      -     -    0s
     0     0    0.00000    0  519          -    0.00000      -     -    1s
     0     0    0.00000    0  559          -    0.00000      -     -    1s
     0     0    0.00000    0  449          -    0.00000      -     -    1s
     0     0    0.00000    0  476          -    0.00000      -     -    1s
     0     0    0.00000    0  452          -    0.00000      -     -    2s
     0     0    0.00000    0  545          -    0.00000      -     -    2s
     0     0    0.00000    0  446          -    0.00000      -     -    2s
     0     0    0.00000    0  486          -    0.00000      -     -    2s
     0     0    0.00000    0  442          -    0.00000      -     -    2s
     0     0    0.00000    0  442          -    0.00000      -     -    2s
     0     2    0.00000    0  442          -    0.00000      -     -    3s
   959   656 infeasible   91               -    0.00000      -  43.0    5s
  4692   750    0.00000   34  521          -    0.00000      -  44.6   10s

Cutting planes:
  Gomory: 8
  Flow cover: 3
  Zero half: 84
  RLT: 1

Explored 4704 nodes (268494 simplex iterations) in 15.00 seconds (17.17 work units)
Thread count was 8 (of 8 available processors)

Solution count 0

Time limit reached
Best objective -, best bound 0.000000000000e+00, gap -

User-callback calls 11266, time in user-callback 0.00 sec
Gurobi Optimizer version 11.0.0 build v11.0.0rc2 (linux64 - "Debian GNU/Linux 11 (bullseye)")

CPU model: Intel(R) Core(TM) i7-4770 CPU @ 3.40GHz, instruction set [SSE2|AVX|AVX2]
Thread count: 4 physical cores, 8 logical processors, using up to 8 threads

Academic license 2483116 - for non-commercial use only - registered to ni___@fu-berlin.de
Optimize a model with 722 rows, 1600 columns and 5776 nonzeros
Model fingerprint: 0x9d2c052e
Variable types: 0 continuous, 1600 integer (1600 binary)
Coefficient statistics:
  Matrix range     [1e+00, 1e+00]
  Objective range  [0e+00, 0e+00]
  Bounds range     [1e+00, 1e+00]
  RHS range        [0e+00, 0e+00]

MIP start from previous solve did not produce a new incumbent solution

Presolve removed 3 rows and 232 columns
Presolve time: 0.01s
Presolved: 719 rows, 1368 columns, 4959 nonzeros
Variable types: 0 continuous, 1368 integer (1364 binary)

Root relaxation: objective 0.000000e+00, 2087 iterations, 0.12 seconds (0.14 work units)

    Nodes    |    Current Node    |     Objective Bounds      |     Work
 Expl Unexpl |  Obj  Depth IntInf | Incumbent    BestBd   Gap | It/Node Time

     0     0    0.00000    0  470          -    0.00000      -     -    0s
     0     0    0.00000    0  666          -    0.00000      -     -    0s
     0     0    0.00000    0  666          -    0.00000      -     -    0s
     0     0    0.00000    0  502          -    0.00000      -     -    1s
     0     0    0.00000    0  508          -    0.00000      -     -    1s
     0     0    0.00000    0  393          -    0.00000      -     -    1s
     0     0    0.00000    0  538          -    0.00000      -     -    1s
H    0     0                       0.0000000    0.00000  0.00%     -    2s
     0     0    0.00000    0  528    0.00000    0.00000  0.00%     -    2s

Cutting planes:
  Clique: 3
  Zero half: 81

Explored 1 nodes (17741 simplex iterations) in 2.12 seconds (2.18 work units)
Thread count was 8 (of 8 available processors)

Solution count 1: 0 

Optimal solution found (tolerance 1.00e-04)
Best objective 0.000000000000e+00, best bound 0.000000000000e+00, gap 0.0000%

User-callback calls 528, time in user-callback 0.00 sec
Gurobi Optimizer version 11.0.0 build v11.0.0rc2 (linux64 - "Debian GNU/Linux 11 (bullseye)")

CPU model: Intel(R) Core(TM) i7-4770 CPU @ 3.40GHz, instruction set [SSE2|AVX|AVX2]
Thread count: 4 physical cores, 8 logical processors, using up to 8 threads

Academic license 2483116 - for non-commercial use only - registered to ni___@fu-berlin.de
Optimize a model with 722 rows, 1600 columns and 5776 nonzeros
Model fingerprint: 0x7bf4dd10
Variable types: 0 continuous, 1600 integer (1600 binary)
Coefficient statistics:
  Matrix range     [1e+00, 1e+00]
  Objective range  [0e+00, 0e+00]
  Bounds range     [1e+00, 1e+00]
  RHS range        [0e+00, 0e+00]

MIP start from previous solve did not produce a new incumbent solution

Presolve removed 7 rows and 242 columns
Presolve time: 0.01s
Presolved: 715 rows, 1358 columns, 4932 nonzeros
Variable types: 0 continuous, 1358 integer (1353 binary)

Root relaxation: objective 0.000000e+00, 2326 iterations, 0.14 seconds (0.16 work units)

    Nodes    |    Current Node    |     Objective Bounds      |     Work
 Expl Unexpl |  Obj  Depth IntInf | Incumbent    BestBd   Gap | It/Node Time

     0     0    0.00000    0  520          -    0.00000      -     -    0s
     0     0    0.00000    0  665          -    0.00000      -     -    0s
     0     0    0.00000    0  506          -    0.00000      -     -    1s
     0     0    0.00000    0  534          -    0.00000      -     -    1s
H    0     0                       0.0000000    0.00000  0.00%     -    2s
     0     0    0.00000    0  437    0.00000    0.00000  0.00%     -    2s

Cutting planes:
  MIR: 4
  Zero half: 97
  RLT: 1

Explored 1 nodes (16769 simplex iterations) in 2.16 seconds (2.22 work units)
Thread count was 8 (of 8 available processors)

Solution count 1: 0 

Optimal solution found (tolerance 1.00e-04)
Best objective 0.000000000000e+00, best bound 0.000000000000e+00, gap 0.0000%

User-callback calls 585, time in user-callback 0.00 sec
Gurobi Optimizer version 11.0.0 build v11.0.0rc2 (linux64 - "Debian GNU/Linux 11 (bullseye)")

CPU model: Intel(R) Core(TM) i7-4770 CPU @ 3.40GHz, instruction set [SSE2|AVX|AVX2]
Thread count: 4 physical cores, 8 logical processors, using up to 8 threads

Academic license 2483116 - for non-commercial use only - registered to ni___@fu-berlin.de
Optimize a model with 722 rows, 1600 columns and 5776 nonzeros
Model fingerprint: 0x5dfe1159
Variable types: 0 continuous, 1600 integer (1600 binary)
Coefficient statistics:
  Matrix range     [1e+00, 1e+00]
  Objective range  [0e+00, 0e+00]
  Bounds range     [1e+00, 1e+00]
  RHS range        [0e+00, 0e+00]

MIP start from previous solve did not produce a new incumbent solution

Presolve removed 3 rows and 222 columns
Presolve time: 0.01s
Presolved: 719 rows, 1378 columns, 5009 nonzeros
Variable types: 0 continuous, 1378 integer (1376 binary)

Root relaxation: objective 0.000000e+00, 2264 iterations, 0.14 seconds (0.16 work units)

    Nodes    |    Current Node    |     Objective Bounds      |     Work
 Expl Unexpl |  Obj  Depth IntInf | Incumbent    BestBd   Gap | It/Node Time

     0     0    0.00000    0  578          -    0.00000      -     -    0s
     0     0    0.00000    0  659          -    0.00000      -     -    0s
     0     0    0.00000    0  660          -    0.00000      -     -    0s
     0     0    0.00000    0  423          -    0.00000      -     -    1s
     0     0    0.00000    0  446          -    0.00000      -     -    1s
     0     0    0.00000    0  511          -    0.00000      -     -    1s
     0     0    0.00000    0  513          -    0.00000      -     -    1s
     0     0    0.00000    0  545          -    0.00000      -     -    2s
     0     0    0.00000    0  557          -    0.00000      -     -    2s
     0     0    0.00000    0  429          -    0.00000      -     -    2s
     0     0    0.00000    0  499          -    0.00000      -     -    2s
     0     0    0.00000    0  549          -    0.00000      -     -    3s
     0     0    0.00000    0  549          -    0.00000      -     -    3s
     0     2    0.00000    0  443          -    0.00000      -     -    4s
   586   660    0.00000   72  380          -    0.00000      -  44.6    5s
*  740   375             121       0.0000000    0.00000  0.00%  38.3    5s

Cutting planes:
  Cover: 5
  Zero half: 18

Explored 1072 nodes (64106 simplex iterations) in 5.16 seconds (6.17 work units)
Thread count was 8 (of 8 available processors)

Solution count 1: 0 

Optimal solution found (tolerance 1.00e-04)
Best objective 0.000000000000e+00, best bound 0.000000000000e+00, gap 0.0000%

User-callback calls 3326, time in user-callback 0.00 sec
Gurobi Optimizer version 11.0.0 build v11.0.0rc2 (linux64 - "Debian GNU/Linux 11 (bullseye)")

CPU model: Intel(R) Core(TM) i7-4770 CPU @ 3.40GHz, instruction set [SSE2|AVX|AVX2]
Thread count: 4 physical cores, 8 logical processors, using up to 8 threads

Academic license 2483116 - for non-commercial use only - registered to ni___@fu-berlin.de
Optimize a model with 722 rows, 1600 columns and 5776 nonzeros
Model fingerprint: 0x71ae5004
Variable types: 0 continuous, 1600 integer (1600 binary)
Coefficient statistics:
  Matrix range     [1e+00, 1e+00]
  Objective range  [0e+00, 0e+00]
  Bounds range     [1e+00, 1e+00]
  RHS range        [0e+00, 0e+00]

MIP start from previous solve did not produce a new incumbent solution

Presolve removed 6 rows and 243 columns
Presolve time: 0.01s
Presolved: 716 rows, 1357 columns, 4915 nonzeros
Variable types: 0 continuous, 1357 integer (1352 binary)

Root relaxation: objective 0.000000e+00, 2290 iterations, 0.16 seconds (0.16 work units)

    Nodes    |    Current Node    |     Objective Bounds      |     Work
 Expl Unexpl |  Obj  Depth IntInf | Incumbent    BestBd   Gap | It/Node Time

     0     0    0.00000    0  571          -    0.00000      -     -    0s
     0     0    0.00000    0  692          -    0.00000      -     -    1s
     0     0    0.00000    0  692          -    0.00000      -     -    1s
     0     0    0.00000    0  528          -    0.00000      -     -    1s
     0     0    0.00000    0  527          -    0.00000      -     -    1s
     0     0    0.00000    0  553          -    0.00000      -     -    2s
     0     0    0.00000    0  545          -    0.00000      -     -    2s
     0     0    0.00000    0  529          -    0.00000      -     -    2s
     0     0    0.00000    0  600          -    0.00000      -     -    2s
     0     0    0.00000    0  332          -    0.00000      -     -    3s
     0     0    0.00000    0  393          -    0.00000      -     -    3s
     0     0    0.00000    0  408          -    0.00000      -     -    3s
     0     0    0.00000    0  408          -    0.00000      -     -    3s
     0     2    0.00000    0  408          -    0.00000      -     -    4s
    94    46    0.00000   15  604          -    0.00000      -   123    5s
  4315   442    0.00000   83  413          -    0.00000      -  31.5   10s
H 4318   421                       0.0000000    0.00000  0.00%  31.4   11s

Cutting planes:
  Gomory: 4
  Cover: 1
  Clique: 2
  Flow cover: 1
  Zero half: 112
  RLT: 10

Explored 4318 nodes (183900 simplex iterations) in 11.95 seconds (14.20 work units)
Thread count was 8 (of 8 available processors)

Solution count 1: 0 

Optimal solution found (tolerance 1.00e-04)
Best objective 0.000000000000e+00, best bound 0.000000000000e+00, gap 0.0000%

User-callback calls 10214, time in user-callback 0.00 sec
Gurobi Optimizer version 11.0.0 build v11.0.0rc2 (linux64 - "Debian GNU/Linux 11 (bullseye)")

CPU model: Intel(R) Core(TM) i7-4770 CPU @ 3.40GHz, instruction set [SSE2|AVX|AVX2]
Thread count: 4 physical cores, 8 logical processors, using up to 8 threads

Academic license 2483116 - for non-commercial use only - registered to ni___@fu-berlin.de
Optimize a model with 722 rows, 1600 columns and 5776 nonzeros
Model fingerprint: 0xed7168c4
Variable types: 0 continuous, 1600 integer (1600 binary)
Coefficient statistics:
  Matrix range     [1e+00, 1e+00]
  Objective range  [0e+00, 0e+00]
  Bounds range     [1e+00, 1e+00]
  RHS range        [0e+00, 0e+00]

MIP start from previous solve did not produce a new incumbent solution

Presolve removed 5 rows and 240 columns
Presolve time: 0.01s
Presolved: 717 rows, 1360 columns, 4937 nonzeros
Variable types: 0 continuous, 1360 integer (1354 binary)

Root relaxation: objective 0.000000e+00, 2227 iterations, 0.13 seconds (0.14 work units)

    Nodes    |    Current Node    |     Objective Bounds      |     Work
 Expl Unexpl |  Obj  Depth IntInf | Incumbent    BestBd   Gap | It/Node Time

     0     0    0.00000    0  549          -    0.00000      -     -    0s
     0     0    0.00000    0  600          -    0.00000      -     -    0s
     0     0    0.00000    0  660          -    0.00000      -     -    0s
     0     0    0.00000    0  491          -    0.00000      -     -    1s
     0     0    0.00000    0  447          -    0.00000      -     -    1s
     0     0    0.00000    0  529          -    0.00000      -     -    1s
     0     0    0.00000    0  435          -    0.00000      -     -    2s
     0     0    0.00000    0  334          -    0.00000      -     -    2s
     0     0    0.00000    0  359          -    0.00000      -     -    2s
     0     0    0.00000    0  387          -    0.00000      -     -    3s
     0     0    0.00000    0  436          -    0.00000      -     -    3s
     0     0    0.00000    0  393          -    0.00000      -     -    3s
     0     0    0.00000    0  548          -    0.00000      -     -    3s
     0     0    0.00000    0  490          -    0.00000      -     -    4s
     0     0    0.00000    0  377          -    0.00000      -     -    4s
     0     2    0.00000    0  377          -    0.00000      -     -    5s
* 2148   269             104       0.0000000    0.00000  0.00%  24.1    6s

Cutting planes:
  Cover: 103
  Clique: 1
  Inf proof: 10
  Zero half: 28
  RLT: 4

Explored 2572 nodes (90258 simplex iterations) in 6.30 seconds (7.25 work units)
Thread count was 8 (of 8 available processors)

Solution count 1: 0 

Optimal solution found (tolerance 1.00e-04)
Best objective 0.000000000000e+00, best bound 0.000000000000e+00, gap 0.0000%

User-callback calls 6374, time in user-callback 0.00 sec
Gurobi Optimizer version 11.0.0 build v11.0.0rc2 (linux64 - "Debian GNU/Linux 11 (bullseye)")

CPU model: Intel(R) Core(TM) i7-4770 CPU @ 3.40GHz, instruction set [SSE2|AVX|AVX2]
Thread count: 4 physical cores, 8 logical processors, using up to 8 threads

Academic license 2483116 - for non-commercial use only - registered to ni___@fu-berlin.de
Optimize a model with 722 rows, 1600 columns and 5776 nonzeros
Model fingerprint: 0xad310fb0
Variable types: 0 continuous, 1600 integer (1600 binary)
Coefficient statistics:
  Matrix range     [1e+00, 1e+00]
  Objective range  [0e+00, 0e+00]
  Bounds range     [1e+00, 1e+00]
  RHS range        [0e+00, 0e+00]

MIP start from previous solve did not produce a new incumbent solution

Presolve removed 0 rows and 214 columns
Presolve time: 0.00s

Explored 0 nodes (0 simplex iterations) in 0.13 seconds (0.00 work units)
Thread count was 1 (of 8 available processors)

Solution count 0

Model is infeasible
Best objective -, best bound -, gap -

User-callback calls 37, time in user-callback 0.00 sec
Gurobi Optimizer version 11.0.0 build v11.0.0rc2 (linux64 - "Debian GNU/Linux 11 (bullseye)")

CPU model: Intel(R) Core(TM) i7-4770 CPU @ 3.40GHz, instruction set [SSE2|AVX|AVX2]
Thread count: 4 physical cores, 8 logical processors, using up to 8 threads

Academic license 2483116 - for non-commercial use only - registered to ni___@fu-berlin.de
Optimize a model with 722 rows, 1600 columns and 5776 nonzeros
Model fingerprint: 0xa55f1fa7
Variable types: 0 continuous, 1600 integer (1600 binary)
Coefficient statistics:
  Matrix range     [1e+00, 1e+00]
  Objective range  [0e+00, 0e+00]
  Bounds range     [1e+00, 1e+00]
  RHS range        [0e+00, 0e+00]

MIP start from previous solve did not produce a new incumbent solution

Presolve removed 8 rows and 248 columns
Presolve time: 0.01s

Explored 0 nodes (0 simplex iterations) in 0.05 seconds (0.02 work units)
Thread count was 1 (of 8 available processors)

Solution count 0

Model is infeasible
Best objective -, best bound -, gap -

User-callback calls 208, time in user-callback 0.00 sec
Gurobi Optimizer version 11.0.0 build v11.0.0rc2 (linux64 - "Debian GNU/Linux 11 (bullseye)")

CPU model: Intel(R) Core(TM) i7-4770 CPU @ 3.40GHz, instruction set [SSE2|AVX|AVX2]
Thread count: 4 physical cores, 8 logical processors, using up to 8 threads

Academic license 2483116 - for non-commercial use only - registered to ni___@fu-berlin.de
Optimize a model with 722 rows, 1600 columns and 5776 nonzeros
Model fingerprint: 0x38aab770
Variable types: 0 continuous, 1600 integer (1600 binary)
Coefficient statistics:
  Matrix range     [1e+00, 1e+00]
  Objective range  [0e+00, 0e+00]
  Bounds range     [1e+00, 1e+00]
  RHS range        [0e+00, 0e+00]

MIP start from previous solve did not produce a new incumbent solution

Presolve removed 12 rows and 263 columns
Presolve time: 0.01s
Presolved: 710 rows, 1337 columns, 4890 nonzeros
Variable types: 0 continuous, 1337 integer (1333 binary)

Root relaxation: objective 0.000000e+00, 2559 iterations, 0.17 seconds (0.19 work units)

    Nodes    |    Current Node    |     Objective Bounds      |     Work
 Expl Unexpl |  Obj  Depth IntInf | Incumbent    BestBd   Gap | It/Node Time

     0     0    0.00000    0  571          -    0.00000      -     -    0s
     0     0    0.00000    0  649          -    0.00000      -     -    0s
     0     0    0.00000    0  646          -    0.00000      -     -    0s
     0     0    0.00000    0  570          -    0.00000      -     -    1s
     0     0    0.00000    0  390          -    0.00000      -     -    1s
     0     0    0.00000    0  502          -    0.00000      -     -    1s
     0     0    0.00000    0  391          -    0.00000      -     -    2s
     0     0    0.00000    0  405          -    0.00000      -     -    2s
     0     0    0.00000    0  413          -    0.00000      -     -    2s
     0     0    0.00000    0  356          -    0.00000      -     -    2s
     0     0    0.00000    0  300          -    0.00000      -     -    3s
     0     2    0.00000    0  297          -    0.00000      -     -    4s
    66   120    0.00000   11  635          -    0.00000      -   441    5s
  1643   927    0.00000   23  558          -    0.00000      -   118   10s
H 1646   882                       0.0000000    0.00000  0.00%   118   12s

Cutting planes:
  Gomory: 5
  Clique: 1
  Flow cover: 2
  Zero half: 131
  RLT: 1

Explored 1646 nodes (236944 simplex iterations) in 12.61 seconds (18.06 work units)
Thread count was 8 (of 8 available processors)

Solution count 1: 0 

Optimal solution found (tolerance 1.00e-04)
Best objective 0.000000000000e+00, best bound 0.000000000000e+00, gap 0.0000%

User-callback calls 5010, time in user-callback 0.00 sec
Gurobi Optimizer version 11.0.0 build v11.0.0rc2 (linux64 - "Debian GNU/Linux 11 (bullseye)")

CPU model: Intel(R) Core(TM) i7-4770 CPU @ 3.40GHz, instruction set [SSE2|AVX|AVX2]
Thread count: 4 physical cores, 8 logical processors, using up to 8 threads

Academic license 2483116 - for non-commercial use only - registered to ni___@fu-berlin.de
Optimize a model with 722 rows, 1600 columns and 5776 nonzeros
Model fingerprint: 0x42e4cd39
Variable types: 0 continuous, 1600 integer (1600 binary)
Coefficient statistics:
  Matrix range     [1e+00, 1e+00]
  Objective range  [0e+00, 0e+00]
  Bounds range     [1e+00, 1e+00]
  RHS range        [0e+00, 0e+00]

MIP start from previous solve did not produce a new incumbent solution

Presolve removed 2 rows and 223 columns
Presolve time: 0.02s
Presolved: 720 rows, 1377 columns, 5004 nonzeros
Variable types: 0 continuous, 1377 integer (1373 binary)

Root relaxation: objective 0.000000e+00, 2156 iterations, 0.16 seconds (0.15 work units)

    Nodes    |    Current Node    |     Objective Bounds      |     Work
 Expl Unexpl |  Obj  Depth IntInf | Incumbent    BestBd   Gap | It/Node Time

     0     0    0.00000    0  530          -    0.00000      -     -    0s
     0     0    0.00000    0  682          -    0.00000      -     -    0s
     0     0    0.00000    0  663          -    0.00000      -     -    0s
     0     0    0.00000    0  408          -    0.00000      -     -    1s
     0     0    0.00000    0  540          -    0.00000      -     -    1s
     0     0    0.00000    0  523          -    0.00000      -     -    1s
     0     0    0.00000    0  532          -    0.00000      -     -    1s
     0     0    0.00000    0  390          -    0.00000      -     -    2s
     0     0    0.00000    0  509          -    0.00000      -     -    2s
     0     0    0.00000    0  488          -    0.00000      -     -    2s
     0     0    0.00000    0  493          -    0.00000      -     -    2s
     0     0    0.00000    0  420          -    0.00000      -     -    3s
     0     0    0.00000    0  420          -    0.00000      -     -    3s
     0     2    0.00000    0  399          -    0.00000      -     -    4s
   205   361    0.00000   28  599          -    0.00000      -  77.6    5s
* 1520   302              96       0.0000000    0.00000  0.00%  56.3    6s

Cutting planes:
  Gomory: 2
  Cover: 30
  Clique: 2
  Inf proof: 1
  Zero half: 38
  RLT: 6

Explored 2459 nodes (119559 simplex iterations) in 6.67 seconds (9.08 work units)
Thread count was 8 (of 8 available processors)

Solution count 1: 0 

Optimal solution found (tolerance 1.00e-04)
Best objective 0.000000000000e+00, best bound 0.000000000000e+00, gap 0.0000%

User-callback calls 6202, time in user-callback 0.00 sec
